job_id,job_title,company_size,company_industry,country,remote_type,experience_level,years_experience,education_level,skills_python
1,AI Engineer,Startup,Retail,Canada,Remote,Senior,2,Master,0
2,Machine Learning Engineer,MNC,Technology,Australia,Hybrid,Mid,0,Bachelor,1
3,Machine Learning Engineer,MNC,Technology,Germany,Onsite,Mid,14,Master,1
4,Business Analyst,Startup,Healthcare,Germany,Remote,Mid,9,Master,0
5,Data Scientist,MNC,Healthcare,Germany,Hybrid,Mid,5,Master,1
6,Machine Learning Engineer,Medium,Technology,Australia,Onsite,Senior,6,Master,1
7,Data Scientist,MNC,Technology,Germany,Remote,Entry,14,Bachelor,0
8,Data Analyst,Enterprise,Finance,UK,Onsite,Entry,4,PhD,1
9,Machine Learning Engineer,Startup,Education,Canada,Onsite,Mid,2,PhD,0
10,Data Engineer,Enterprise,Retail,USA,Onsite,Senior,9,Master,1
11,AI Engineer,Medium,E-commerce,Singapore,Onsite,Entry,10,PhD,0
12,Machine Learning Engineer,Startup,Education,USA,Remote,Mid,13,Master,0
13,Data Analyst,Medium,Finance,Germany,Remote,Entry,6,PhD,1
14,Data Scientist,MNC,Finance,Australia,Remote,Mid,6,Master,1
15,Machine Learning Engineer,MNC,Education,Singapore,Remote,Entry,2,Bachelor,1
16,Data Analyst,MNC,Retail,USA,Onsite,Mid,3,Bachelor,1
17,Business Analyst,Enterprise,Technology,Germany,Onsite,Senior,2,Master,0
18,Machine Learning Engineer,MNC,Finance,UK,Remote,Entry,6,Master,0
19,AI Engineer,Startup,E-commerce,UK,Onsite,Entry,2,Bachelor,0
20,AI Engineer,Enterprise,Finance,Germany,Hybrid,Mid,13,PhD,0
21,Data Scientist,MNC,Finance,Germany,Remote,Mid,3,Bachelor,1
22,Data Analyst,Enterprise,Education,Singapore,Hybrid,Mid,5,Master,1
23,Data Scientist,Startup,Technology,Canada,Onsite,Senior,0,Bachelor,1
24,Data Scientist,Medium,E-commerce,Singapore,Onsite,Entry,12,PhD,0
25,Machine Learning Engineer,Enterprise,Education,India,Onsite,Mid,14,Master,1
26,Data Scientist,Enterprise,Education,Singapore,Remote,Mid,9,PhD,0
27,AI Engineer,Startup,Education,Australia,Onsite,Senior,11,PhD,1
28,Data Engineer,Startup,Education,India,Hybrid,Mid,3,Bachelor,1
29,AI Engineer,Startup,Technology,Australia,Remote,Mid,2,PhD,0
30,Data Analyst,Startup,Retail,Germany,Hybrid,Senior,4,Master,1
31,Machine Learning Engineer,Medium,Finance,Singapore,Hybrid,Mid,8,Master,1
32,Business Analyst,Enterprise,Retail,Germany,Hybrid,Senior,5,Bachelor,0
33,AI Engineer,MNC,Healthcare,India,Remote,Senior,13,Bachelor,1
34,Machine Learning Engineer,Medium,Retail,India,Remote,Entry,3,Bachelor,1
35,AI Engineer,Medium,Retail,Germany,Remote,Entry,2,Bachelor,0
36,Business Analyst,Startup,Technology,Singapore,Hybrid,Mid,2,Bachelor,1
37,Machine Learning Engineer,Medium,Healthcare,UK,Remote,Senior,4,Master,1
38,Data Scientist,MNC,Healthcare,Canada,Remote,Senior,2,Bachelor,1
39,Data Scientist,Enterprise,E-commerce,Singapore,Remote,Senior,13,Bachelor,0
40,Data Scientist,MNC,Technology,Canada,Remote,Senior,6,Bachelor,1
41,Data Analyst,MNC,Finance,Germany,Onsite,Entry,6,Bachelor,1
42,Data Analyst,Enterprise,E-commerce,UK,Onsite,Mid,11,PhD,0
43,Data Scientist,Medium,Retail,India,Hybrid,Entry,4,Bachelor,1
44,Data Scientist,Startup,Technology,Germany,Hybrid,Senior,12,PhD,1
45,Data Engineer,Medium,Technology,Germany,Remote,Senior,6,Bachelor,0
46,Data Scientist,MNC,Finance,Australia,Remote,Mid,11,Master,0
47,Data Analyst,MNC,E-commerce,Germany,Onsite,Senior,1,Bachelor,0
48,Data Analyst,MNC,Finance,UK,Hybrid,Mid,7,Bachelor,1
49,Data Scientist,MNC,Retail,Australia,Onsite,Entry,0,Bachelor,0
50,Data Analyst,MNC,E-commerce,Singapore,Remote,Mid,7,Master,1
51,Data Scientist,Medium,Finance,UK,Remote,Mid,8,PhD,1
52,Data Scientist,Startup,Education,Germany,Remote,Entry,4,PhD,1
53,Data Scientist,Startup,Education,USA,Hybrid,Entry,12,PhD,0
54,Machine Learning Engineer,Medium,Healthcare,Australia,Hybrid,Senior,1,PhD,1
55,Business Analyst,Startup,Education,India,Onsite,Senior,5,PhD,1
56,Machine Learning Engineer,MNC,Finance,Australia,Remote,Senior,6,Master,1
57,Machine Learning Engineer,Startup,Technology,Germany,Remote,Mid,4,Master,1
58,Data Analyst,Medium,Technology,Germany,Remote,Senior,10,PhD,0
59,Machine Learning Engineer,MNC,Healthcare,Canada,Hybrid,Entry,0,Master,0
60,Machine Learning Engineer,Startup,Finance,Australia,Onsite,Mid,14,PhD,1
61,Data Engineer,Medium,Healthcare,Germany,Onsite,Mid,12,Master,1
62,Data Analyst,Enterprise,Technology,Canada,Hybrid,Mid,2,Master,0
63,Data Scientist,Enterprise,Education,India,Hybrid,Entry,12,Bachelor,1
64,Data Engineer,Medium,Finance,Germany,Onsite,Mid,4,Bachelor,1
65,Data Scientist,Startup,E-commerce,Australia,Remote,Mid,6,Master,1
66,Data Analyst,Enterprise,E-commerce,Germany,Onsite,Mid,3,Master,1
67,Data Engineer,Startup,Healthcare,Singapore,Onsite,Mid,12,PhD,1
68,Data Scientist,MNC,Finance,India,Hybrid,Mid,13,Bachelor,0
69,Machine Learning Engineer,Startup,Healthcare,Germany,Hybrid,Entry,3,Master,0
70,Data Analyst,Medium,Finance,Canada,Hybrid,Mid,4,Master,1
71,AI Engineer,MNC,E-commerce,UK,Remote,Entry,11,Master,1
72,AI Engineer,Startup,E-commerce,India,Remote,Mid,7,PhD,1
73,Data Scientist,Startup,Healthcare,Australia,Remote,Senior,2,PhD,1
74,Business Analyst,Startup,Technology,Australia,Onsite,Senior,5,Bachelor,0
75,Machine Learning Engineer,Medium,E-commerce,UK,Hybrid,Entry,5,Master,0
76,Business Analyst,Enterprise,Technology,Germany,Remote,Mid,14,PhD,0
77,Machine Learning Engineer,MNC,Education,Australia,Onsite,Senior,13,Master,0
78,AI Engineer,Enterprise,Technology,Germany,Remote,Entry,9,PhD,0
79,Data Engineer,Enterprise,Finance,Australia,Remote,Entry,13,Master,1
80,Business Analyst,Enterprise,Finance,Canada,Remote,Mid,4,Bachelor,1
81,Machine Learning Engineer,Enterprise,Healthcare,UK,Hybrid,Senior,10,Bachelor,0
82,Business Analyst,MNC,Finance,USA,Remote,Senior,5,PhD,1
83,Data Scientist,MNC,Education,Australia,Onsite,Entry,6,Bachelor,0
84,Data Engineer,MNC,Education,Canada,Remote,Entry,13,Bachelor,1
85,Machine Learning Engineer,Medium,Education,UK,Onsite,Entry,6,Bachelor,0
86,AI Engineer,MNC,Healthcare,Singapore,Remote,Entry,6,Bachelor,0
87,Business Analyst,Enterprise,Retail,USA,Onsite,Mid,7,PhD,1
88,Business Analyst,Medium,Healthcare,Singapore,Hybrid,Senior,6,Bachelor,0
89,Machine Learning Engineer,Startup,E-commerce,Germany,Onsite,Mid,1,PhD,0
90,Data Scientist,Medium,E-commerce,Germany,Onsite,Mid,11,Master,1
91,Data Analyst,Startup,Education,USA,Hybrid,Entry,6,Bachelor,0
92,Business Analyst,Medium,E-commerce,UK,Hybrid,Mid,9,Bachelor,1
93,Business Analyst,Medium,Education,Canada,Onsite,Entry,5,PhD,0
94,Data Scientist,Medium,E-commerce,Germany,Hybrid,Mid,1,Master,1
95,Business Analyst,Enterprise,Retail,Germany,Remote,Senior,7,PhD,0
96,Data Scientist,Medium,Technology,Singapore,Onsite,Senior,0,PhD,1
97,Data Scientist,Startup,Finance,USA,Remote,Entry,7,PhD,1
98,Data Analyst,Medium,Education,India,Onsite,Entry,10,PhD,0
99,Data Analyst,MNC,E-commerce,USA,Onsite,Entry,5,Master,1
100,Machine Learning Engineer,MNC,Finance,Singapore,Hybrid,Entry,9,Master,0
101,Business Analyst,Medium,Education,Germany,Onsite,Senior,10,Master,1
102,Business Analyst,Medium,Retail,Canada,Onsite,Mid,6,PhD,1
103,Business Analyst,Medium,Finance,Canada,Hybrid,Mid,6,Master,0
104,Data Analyst,Enterprise,Education,Germany,Remote,Mid,12,Bachelor,1
105,Data Engineer,Startup,Technology,Canada,Remote,Mid,2,Bachelor,0
106,Data Scientist,Startup,Education,Singapore,Remote,Senior,8,Bachelor,1
107,Data Engineer,MNC,Retail,Australia,Remote,Mid,6,Bachelor,1
108,Data Engineer,Medium,Retail,India,Remote,Mid,0,Bachelor,1
109,Data Scientist,Enterprise,Technology,India,Remote,Entry,9,PhD,0
110,Business Analyst,MNC,E-commerce,Singapore,Remote,Entry,4,Master,1
111,AI Engineer,Medium,Finance,Singapore,Remote,Entry,10,PhD,1
112,Machine Learning Engineer,Medium,E-commerce,Germany,Remote,Entry,0,Bachelor,1
113,Data Analyst,Startup,E-commerce,USA,Hybrid,Senior,10,Bachelor,0
114,Data Analyst,Medium,Technology,Singapore,Remote,Senior,9,Bachelor,0
115,Machine Learning Engineer,MNC,Healthcare,Australia,Remote,Entry,1,PhD,1
116,Machine Learning Engineer,MNC,E-commerce,UK,Hybrid,Senior,6,Master,1
117,AI Engineer,MNC,Technology,India,Onsite,Entry,0,Master,1
118,Business Analyst,MNC,Technology,UK,Onsite,Entry,12,PhD,0
119,AI Engineer,Startup,Retail,Canada,Remote,Senior,6,PhD,0
120,Data Analyst,Enterprise,Finance,Australia,Remote,Entry,4,PhD,0
121,AI Engineer,Medium,Healthcare,Canada,Onsite,Entry,7,Bachelor,1
122,Business Analyst,Startup,Retail,Australia,Hybrid,Senior,12,PhD,1
123,Data Engineer,Enterprise,Finance,Australia,Remote,Mid,11,Bachelor,0
124,Business Analyst,Startup,E-commerce,India,Hybrid,Mid,14,Master,0
125,Data Analyst,Medium,Retail,USA,Remote,Entry,14,Master,1
126,AI Engineer,Startup,Healthcare,USA,Remote,Entry,13,Bachelor,0
127,Machine Learning Engineer,Medium,Healthcare,India,Onsite,Entry,12,PhD,0
128,AI Engineer,MNC,Healthcare,Germany,Hybrid,Mid,10,PhD,0
129,Data Analyst,Enterprise,Finance,Germany,Hybrid,Mid,1,PhD,1
130,Data Engineer,MNC,E-commerce,Canada,Onsite,Entry,2,PhD,1
131,Data Analyst,Enterprise,Technology,India,Onsite,Senior,12,Bachelor,1
132,Machine Learning Engineer,Startup,Technology,Canada,Hybrid,Mid,2,Bachelor,1
133,Machine Learning Engineer,MNC,Education,Singapore,Hybrid,Senior,9,PhD,1
134,Machine Learning Engineer,MNC,Technology,Australia,Onsite,Mid,13,Master,1
135,Business Analyst,Enterprise,Education,Singapore,Remote,Mid,5,PhD,0
136,Data Scientist,MNC,Technology,Germany,Remote,Senior,14,PhD,0
137,Data Analyst,MNC,Finance,USA,Hybrid,Entry,4,PhD,0
138,Data Engineer,MNC,Retail,Canada,Hybrid,Mid,8,Master,0
139,Business Analyst,Startup,Retail,Canada,Remote,Entry,13,PhD,1
140,Machine Learning Engineer,Startup,Healthcare,Canada,Remote,Senior,7,PhD,0
141,Machine Learning Engineer,MNC,Healthcare,Canada,Remote,Senior,5,Bachelor,0
142,Machine Learning Engineer,Medium,Healthcare,India,Remote,Mid,7,PhD,0
143,Data Engineer,Startup,E-commerce,USA,Hybrid,Mid,1,Master,1
144,Business Analyst,Enterprise,Finance,UK,Hybrid,Entry,13,Master,1
145,Business Analyst,Enterprise,Finance,Australia,Hybrid,Senior,4,Bachelor,0
146,Data Scientist,MNC,Finance,UK,Hybrid,Mid,2,PhD,1
147,Machine Learning Engineer,Medium,Technology,Canada,Remote,Mid,11,Bachelor,0
148,Data Engineer,Medium,Technology,UK,Onsite,Entry,6,Bachelor,0
149,AI Engineer,Startup,E-commerce,Australia,Onsite,Mid,12,Master,1
150,Data Engineer,Medium,Healthcare,USA,Remote,Mid,13,Bachelor,0
151,Data Scientist,Medium,E-commerce,India,Hybrid,Senior,0,Master,1
152,AI Engineer,Startup,Healthcare,USA,Onsite,Mid,8,Master,0
153,AI Engineer,Medium,Retail,Germany,Onsite,Mid,1,Bachelor,0
154,Machine Learning Engineer,Startup,E-commerce,USA,Hybrid,Entry,2,PhD,1
155,Data Scientist,Medium,Retail,Singapore,Remote,Mid,9,PhD,1
156,Machine Learning Engineer,Medium,Healthcare,Singapore,Remote,Mid,0,Bachelor,1
157,Business Analyst,Startup,Technology,India,Remote,Senior,7,Bachelor,1
158,AI Engineer,Medium,Education,USA,Onsite,Mid,13,PhD,1
159,Machine Learning Engineer,Medium,Education,USA,Onsite,Entry,13,PhD,0
160,Data Scientist,Startup,Education,Canada,Hybrid,Mid,7,Master,0
161,Data Engineer,MNC,Finance,Singapore,Hybrid,Entry,8,Master,0
162,Data Engineer,Enterprise,Healthcare,Germany,Hybrid,Senior,2,Master,1
163,Data Scientist,Medium,Education,India,Remote,Senior,7,Master,1
164,Business Analyst,Enterprise,Healthcare,UK,Hybrid,Senior,13,Master,1
165,AI Engineer,Enterprise,Education,USA,Hybrid,Mid,12,Master,1
166,Business Analyst,Medium,Technology,USA,Onsite,Entry,14,Bachelor,1
167,Machine Learning Engineer,MNC,Retail,Singapore,Onsite,Entry,1,PhD,1
168,Data Analyst,Startup,Retail,Canada,Remote,Mid,2,Master,0
169,Business Analyst,Enterprise,Technology,Germany,Remote,Mid,1,PhD,0
170,Business Analyst,Medium,E-commerce,Australia,Onsite,Mid,10,Master,0
171,Business Analyst,Startup,E-commerce,Canada,Hybrid,Mid,4,Bachelor,0
172,AI Engineer,Enterprise,E-commerce,Germany,Onsite,Entry,13,Master,1
173,Business Analyst,MNC,E-commerce,Australia,Hybrid,Entry,12,Master,0
174,AI Engineer,MNC,E-commerce,USA,Hybrid,Mid,11,Master,1
175,Data Scientist,Enterprise,Finance,Germany,Onsite,Entry,4,PhD,1
176,Data Analyst,Startup,E-commerce,UK,Onsite,Entry,3,Bachelor,0
177,Data Analyst,Enterprise,Retail,Germany,Onsite,Senior,4,Master,0
178,Data Scientist,Startup,Healthcare,Singapore,Hybrid,Senior,3,Bachelor,1
179,Machine Learning Engineer,Medium,E-commerce,Germany,Onsite,Mid,12,Master,0
180,Data Scientist,MNC,Healthcare,Singapore,Remote,Entry,13,PhD,1
181,AI Engineer,MNC,Retail,Australia,Remote,Entry,9,PhD,1
182,Data Engineer,Startup,Education,Australia,Hybrid,Senior,11,PhD,1
183,Business Analyst,Startup,Technology,UK,Hybrid,Senior,2,PhD,0
184,Data Engineer,Enterprise,E-commerce,Australia,Onsite,Senior,4,Bachelor,0
185,Data Analyst,Startup,Technology,UK,Hybrid,Mid,8,PhD,1
186,AI Engineer,Medium,Healthcare,India,Hybrid,Mid,13,Bachelor,1
187,Data Engineer,MNC,Retail,Canada,Hybrid,Senior,3,Bachelor,1
188,Business Analyst,Medium,Education,Australia,Remote,Entry,6,Bachelor,0
189,AI Engineer,MNC,Education,India,Hybrid,Mid,14,PhD,1
190,Machine Learning Engineer,Medium,E-commerce,Singapore,Onsite,Entry,6,Master,0
191,Data Analyst,Enterprise,Retail,USA,Hybrid,Entry,0,Bachelor,1
192,Data Scientist,Medium,E-commerce,USA,Remote,Mid,2,Master,0
193,Business Analyst,Enterprise,E-commerce,UK,Hybrid,Senior,9,Master,0
194,Business Analyst,MNC,Education,India,Hybrid,Senior,1,PhD,0
195,AI Engineer,Startup,Technology,USA,Remote,Mid,13,Master,1
196,Machine Learning Engineer,Startup,E-commerce,Australia,Remote,Entry,3,PhD,1
197,Data Engineer,Enterprise,Healthcare,UK,Onsite,Senior,9,Bachelor,1
198,Machine Learning Engineer,Startup,Retail,Singapore,Hybrid,Entry,2,Bachelor,0
199,Machine Learning Engineer,Startup,Technology,Singapore,Hybrid,Entry,5,PhD,0
200,Data Scientist,Enterprise,Education,USA,Remote,Mid,13,Master,1
201,Machine Learning Engineer,Medium,Healthcare,UK,Remote,Senior,11,Master,1
202,Data Scientist,MNC,E-commerce,Germany,Hybrid,Senior,3,Master,1
203,Data Scientist,MNC,Healthcare,Germany,Hybrid,Entry,1,PhD,0
204,Data Engineer,Enterprise,Technology,Singapore,Remote,Senior,10,Master,0
205,Data Scientist,MNC,E-commerce,Canada,Onsite,Entry,14,PhD,1
206,Data Analyst,Startup,Retail,UK,Hybrid,Senior,0,Master,1
207,AI Engineer,Medium,Education,Australia,Hybrid,Senior,11,Bachelor,0
208,Business Analyst,Medium,Technology,Germany,Hybrid,Mid,10,PhD,0
209,Machine Learning Engineer,Medium,Education,Canada,Onsite,Entry,8,Bachelor,1
210,Data Scientist,Startup,Healthcare,Australia,Onsite,Mid,4,Master,1
211,Data Scientist,Enterprise,Healthcare,India,Onsite,Entry,5,PhD,0
212,Data Analyst,MNC,Technology,Singapore,Onsite,Mid,3,Bachelor,1
213,Data Engineer,Enterprise,E-commerce,UK,Remote,Entry,13,Bachelor,1
214,Business Analyst,Enterprise,Healthcare,UK,Remote,Mid,10,PhD,0
215,Data Engineer,Enterprise,Retail,Australia,Onsite,Mid,3,PhD,0
216,Data Analyst,Medium,Retail,UK,Hybrid,Senior,11,Bachelor,1
217,AI Engineer,Medium,Education,Canada,Remote,Entry,8,Master,1
218,Data Engineer,Medium,Finance,Germany,Onsite,Mid,12,Bachelor,1
219,AI Engineer,Enterprise,Retail,Australia,Hybrid,Entry,4,PhD,0
220,Data Scientist,MNC,Retail,USA,Hybrid,Entry,6,Bachelor,0
221,Data Analyst,Medium,Technology,USA,Remote,Senior,6,PhD,1
222,Data Analyst,Enterprise,Finance,USA,Onsite,Mid,5,Master,0
223,AI Engineer,Medium,Finance,USA,Remote,Entry,2,Bachelor,1
224,Data Engineer,Startup,Education,UK,Remote,Mid,4,PhD,0
225,Data Scientist,Startup,Finance,Canada,Onsite,Senior,6,PhD,0
226,Data Analyst,MNC,E-commerce,Canada,Remote,Entry,12,Bachelor,1
227,Business Analyst,Enterprise,Finance,Singapore,Hybrid,Mid,3,Master,1
228,Data Scientist,Startup,Technology,India,Onsite,Senior,6,Bachelor,1
229,Machine Learning Engineer,Medium,Healthcare,UK,Hybrid,Entry,6,Bachelor,1
230,Data Engineer,MNC,Healthcare,USA,Remote,Mid,10,PhD,0
231,Data Scientist,Enterprise,Finance,Australia,Remote,Mid,1,PhD,1
232,Data Analyst,Enterprise,Technology,Germany,Onsite,Entry,6,PhD,1
233,Data Scientist,MNC,Healthcare,Germany,Remote,Senior,7,Bachelor,0
234,Data Analyst,Medium,Retail,USA,Remote,Mid,7,Bachelor,1
235,Business Analyst,Medium,E-commerce,Australia,Onsite,Senior,12,PhD,1
236,Business Analyst,Medium,Healthcare,Canada,Hybrid,Entry,9,Bachelor,1
237,Data Scientist,Startup,E-commerce,UK,Onsite,Mid,12,Bachelor,1
238,Data Engineer,Startup,Retail,Singapore,Onsite,Senior,1,Master,1
239,AI Engineer,Enterprise,Technology,UK,Remote,Senior,2,Bachelor,0
240,AI Engineer,Medium,Education,USA,Hybrid,Senior,6,Bachelor,0
241,Machine Learning Engineer,Enterprise,Education,Canada,Onsite,Mid,5,Bachelor,0
242,Data Engineer,Startup,Retail,UK,Hybrid,Mid,6,PhD,1
243,Data Scientist,Enterprise,Healthcare,USA,Onsite,Entry,10,Master,1
244,Data Scientist,MNC,Technology,Canada,Remote,Entry,0,Bachelor,1
245,Data Engineer,Startup,Healthcare,Australia,Remote,Mid,2,PhD,1
246,Data Scientist,MNC,Retail,Australia,Remote,Mid,2,PhD,0
247,Data Scientist,MNC,Finance,Canada,Remote,Senior,12,Bachelor,1
248,Machine Learning Engineer,Enterprise,Finance,India,Hybrid,Mid,14,Master,1
249,Data Engineer,MNC,Healthcare,USA,Onsite,Mid,11,Master,1
250,Data Analyst,MNC,Education,Australia,Onsite,Senior,12,Master,0
251,Business Analyst,Enterprise,E-commerce,UK,Remote,Entry,14,Master,0
252,AI Engineer,MNC,Healthcare,Australia,Hybrid,Mid,7,Bachelor,0
253,Data Engineer,Medium,Healthcare,India,Onsite,Senior,11,Bachelor,0
254,Data Scientist,Enterprise,Healthcare,USA,Hybrid,Entry,12,Bachelor,1
255,AI Engineer,MNC,Technology,India,Onsite,Senior,2,Bachelor,0
256,Data Scientist,MNC,Retail,USA,Onsite,Mid,6,PhD,0
257,Data Scientist,MNC,Finance,Australia,Remote,Entry,2,PhD,1
258,Data Scientist,Enterprise,Healthcare,Australia,Onsite,Entry,8,PhD,0
259,Data Engineer,MNC,Education,USA,Remote,Senior,12,Bachelor,1
260,AI Engineer,MNC,E-commerce,Germany,Hybrid,Mid,3,Bachelor,0
261,Business Analyst,MNC,E-commerce,India,Hybrid,Entry,5,Bachelor,1
262,Data Engineer,Startup,Technology,Australia,Remote,Senior,3,Bachelor,1
263,Data Scientist,MNC,Technology,India,Onsite,Mid,9,Bachelor,0
264,Data Scientist,Enterprise,Healthcare,Singapore,Remote,Mid,4,PhD,1
265,Data Scientist,MNC,E-commerce,Australia,Onsite,Senior,8,Bachelor,0
266,Data Scientist,Enterprise,E-commerce,Germany,Hybrid,Senior,11,PhD,1
267,Data Analyst,Startup,Retail,UK,Remote,Entry,14,PhD,1
268,Data Scientist,Enterprise,Finance,Australia,Hybrid,Mid,1,Bachelor,0
269,Data Engineer,Enterprise,Healthcare,Singapore,Remote,Mid,13,Bachelor,0
270,Data Engineer,Startup,Technology,Canada,Onsite,Entry,10,Bachelor,0
271,Machine Learning Engineer,Medium,Finance,Germany,Onsite,Entry,1,Bachelor,0
272,Business Analyst,Enterprise,E-commerce,India,Remote,Senior,4,PhD,1
273,Data Engineer,Startup,Retail,Singapore,Remote,Senior,5,Master,0
274,Machine Learning Engineer,Enterprise,Retail,Canada,Hybrid,Mid,7,PhD,1
275,Business Analyst,Startup,Healthcare,Germany,Remote,Mid,10,PhD,1
276,AI Engineer,Startup,Education,UK,Onsite,Entry,10,PhD,1
277,Data Analyst,Medium,Technology,USA,Hybrid,Entry,9,Master,0
278,Data Scientist,Startup,Education,India,Remote,Entry,3,Bachelor,0
279,Data Analyst,Enterprise,E-commerce,Germany,Onsite,Senior,6,PhD,1
280,Machine Learning Engineer,MNC,E-commerce,Canada,Remote,Senior,13,PhD,1
281,Data Analyst,MNC,E-commerce,Germany,Hybrid,Entry,3,Master,0
282,Business Analyst,Startup,Education,Canada,Hybrid,Entry,12,Bachelor,0
283,Data Engineer,Startup,E-commerce,Germany,Onsite,Senior,14,Master,1
284,Machine Learning Engineer,Medium,Education,Australia,Remote,Entry,2,PhD,1
285,Business Analyst,Medium,E-commerce,USA,Onsite,Senior,9,PhD,1
286,Data Engineer,Startup,Finance,Germany,Onsite,Entry,4,PhD,0
287,Data Scientist,Enterprise,Healthcare,Singapore,Onsite,Senior,0,Master,0
288,Data Scientist,Startup,Finance,Canada,Hybrid,Mid,2,Bachelor,0
289,Data Analyst,Medium,Technology,Germany,Hybrid,Entry,10,PhD,1
290,AI Engineer,MNC,Retail,Canada,Onsite,Mid,0,Bachelor,0
291,Data Engineer,Enterprise,Retail,Germany,Onsite,Senior,8,Master,1
292,Business Analyst,MNC,Education,Singapore,Onsite,Mid,2,PhD,0
293,Business Analyst,Enterprise,E-commerce,UK,Remote,Mid,4,Bachelor,0
294,Data Analyst,Medium,E-commerce,UK,Hybrid,Mid,6,PhD,1
295,Data Engineer,Startup,Technology,Canada,Hybrid,Senior,8,Master,0
296,AI Engineer,Medium,Finance,Canada,Hybrid,Mid,0,Bachelor,0
297,Machine Learning Engineer,MNC,Healthcare,Australia,Hybrid,Mid,6,PhD,0
298,AI Engineer,Enterprise,Technology,UK,Onsite,Mid,4,Master,1
299,Data Analyst,MNC,Retail,Germany,Hybrid,Entry,2,Bachelor,1
300,Data Engineer,MNC,Healthcare,Australia,Remote,Entry,0,Bachelor,0
301,AI Engineer,Startup,E-commerce,Australia,Hybrid,Mid,0,Master,1
302,Data Scientist,MNC,Technology,Canada,Onsite,Entry,9,PhD,0
303,AI Engineer,Startup,Finance,Canada,Onsite,Senior,14,PhD,0
304,Data Engineer,Medium,Finance,UK,Hybrid,Mid,9,PhD,1
305,Data Analyst,Medium,Retail,Australia,Hybrid,Entry,12,Bachelor,1
306,Machine Learning Engineer,MNC,Retail,Canada,Hybrid,Entry,10,Master,0
307,AI Engineer,Medium,Healthcare,Singapore,Hybrid,Senior,8,Master,0
308,Data Scientist,Enterprise,Retail,Australia,Hybrid,Mid,0,Bachelor,1
309,Business Analyst,Medium,Retail,Canada,Onsite,Senior,3,PhD,0
310,Business Analyst,Startup,Healthcare,Germany,Remote,Entry,13,PhD,1
311,Business Analyst,Startup,Finance,Australia,Onsite,Entry,6,PhD,1
312,Data Engineer,Startup,Education,USA,Remote,Senior,6,Bachelor,0
313,Business Analyst,Medium,E-commerce,Australia,Hybrid,Mid,5,Master,0
314,AI Engineer,Enterprise,Technology,India,Remote,Mid,13,PhD,0
315,Business Analyst,Startup,Finance,Australia,Remote,Senior,9,PhD,1
316,Machine Learning Engineer,Startup,E-commerce,USA,Remote,Entry,6,Bachelor,1
317,Business Analyst,Startup,Finance,Australia,Remote,Senior,10,Bachelor,0
318,Data Scientist,Startup,Finance,Australia,Remote,Senior,5,PhD,0
319,Data Analyst,Enterprise,E-commerce,Australia,Hybrid,Entry,2,Master,1
320,Data Scientist,MNC,Technology,Singapore,Remote,Entry,1,Bachelor,1
321,Business Analyst,Enterprise,Retail,UK,Hybrid,Mid,6,PhD,1
322,AI Engineer,Enterprise,Technology,India,Remote,Senior,3,Bachelor,1
323,Data Scientist,Enterprise,E-commerce,UK,Remote,Senior,11,PhD,0
324,Machine Learning Engineer,MNC,Healthcare,Canada,Remote,Mid,9,Master,1
325,Data Scientist,MNC,E-commerce,UK,Hybrid,Mid,11,Master,1
326,AI Engineer,Enterprise,Healthcare,Singapore,Hybrid,Mid,13,Bachelor,1
327,Business Analyst,MNC,Technology,Canada,Hybrid,Mid,10,Bachelor,1
328,Data Engineer,MNC,Technology,India,Remote,Entry,4,Bachelor,0
329,Data Engineer,Medium,Education,USA,Hybrid,Senior,12,PhD,0
330,Business Analyst,MNC,Education,UK,Onsite,Entry,10,PhD,1
331,AI Engineer,Enterprise,Retail,Canada,Onsite,Mid,13,PhD,0
332,Data Scientist,MNC,Technology,Singapore,Onsite,Senior,2,Master,0
333,Machine Learning Engineer,Medium,E-commerce,UK,Remote,Senior,7,PhD,0
334,Data Analyst,Startup,Technology,India,Hybrid,Entry,3,Master,1
335,Machine Learning Engineer,MNC,Retail,Canada,Remote,Senior,10,Bachelor,0
336,AI Engineer,Medium,Education,India,Onsite,Entry,13,Bachelor,1
337,AI Engineer,MNC,Education,Germany,Hybrid,Mid,11,PhD,1
338,Machine Learning Engineer,MNC,Education,India,Onsite,Senior,3,Master,1
339,Data Engineer,Medium,Retail,Singapore,Remote,Senior,7,PhD,1
340,Data Scientist,Enterprise,Finance,Singapore,Onsite,Entry,13,Master,1
341,Business Analyst,Enterprise,Education,UK,Hybrid,Mid,11,PhD,1
342,Business Analyst,MNC,Retail,Canada,Hybrid,Entry,7,PhD,0
343,AI Engineer,Startup,Technology,Canada,Remote,Entry,5,Master,1
344,Data Engineer,MNC,Education,Canada,Hybrid,Mid,7,Master,0
345,Machine Learning Engineer,Startup,Healthcare,Canada,Hybrid,Entry,12,Master,0
346,Business Analyst,Startup,Finance,Germany,Hybrid,Senior,1,Bachelor,0
347,Data Scientist,Enterprise,Healthcare,Singapore,Onsite,Senior,13,Bachelor,1
348,Data Scientist,MNC,Healthcare,Australia,Onsite,Mid,7,PhD,0
349,Data Engineer,Enterprise,Technology,UK,Remote,Mid,5,Master,1
350,Data Analyst,MNC,Retail,Germany,Remote,Senior,12,PhD,0
351,Data Engineer,MNC,E-commerce,Canada,Onsite,Mid,0,Master,1
352,Machine Learning Engineer,Enterprise,E-commerce,Singapore,Hybrid,Senior,14,Master,0
353,Data Engineer,Medium,Finance,Australia,Onsite,Entry,12,Master,1
354,Data Analyst,MNC,Finance,Germany,Hybrid,Senior,6,Bachelor,1
355,Data Scientist,MNC,Retail,UK,Hybrid,Entry,11,PhD,0
356,AI Engineer,Startup,Retail,India,Hybrid,Senior,6,PhD,0
357,Data Engineer,Medium,Healthcare,Australia,Remote,Entry,5,PhD,1
358,Machine Learning Engineer,Enterprise,Retail,Singapore,Onsite,Entry,2,Master,1
359,Data Engineer,Medium,Finance,UK,Hybrid,Entry,0,Master,0
360,Data Engineer,MNC,Retail,Germany,Remote,Mid,7,Master,0
361,Data Scientist,Enterprise,Technology,Singapore,Onsite,Mid,8,Bachelor,0
362,Machine Learning Engineer,Enterprise,Retail,Canada,Onsite,Mid,0,PhD,0
363,AI Engineer,Enterprise,Technology,Singapore,Onsite,Entry,8,Master,1
364,Business Analyst,Medium,E-commerce,USA,Hybrid,Entry,9,PhD,1
365,Business Analyst,Medium,Finance,UK,Onsite,Senior,1,PhD,0
366,Machine Learning Engineer,Startup,Technology,USA,Onsite,Senior,4,Bachelor,1
367,Business Analyst,Startup,Retail,India,Remote,Senior,10,Master,1
368,Machine Learning Engineer,Medium,Finance,Singapore,Onsite,Mid,7,Bachelor,0
369,Data Engineer,MNC,E-commerce,Singapore,Remote,Entry,14,Bachelor,1
370,Business Analyst,MNC,Education,Singapore,Remote,Entry,9,Master,0
371,Data Engineer,Startup,Retail,Canada,Remote,Senior,7,Bachelor,0
372,Machine Learning Engineer,Enterprise,E-commerce,India,Hybrid,Mid,1,PhD,1
373,Data Analyst,Enterprise,Technology,UK,Remote,Senior,3,PhD,1
374,Data Analyst,Medium,Finance,UK,Remote,Mid,13,Master,0
375,Data Engineer,MNC,E-commerce,India,Remote,Mid,2,PhD,1
376,AI Engineer,Enterprise,Healthcare,Canada,Remote,Senior,9,Master,1
377,Data Engineer,Startup,E-commerce,Australia,Hybrid,Mid,13,Bachelor,1
378,Business Analyst,Medium,Technology,Australia,Onsite,Senior,9,PhD,0
379,Data Engineer,MNC,Education,UK,Hybrid,Entry,6,Master,0
380,Data Engineer,Startup,Healthcare,USA,Onsite,Entry,6,Bachelor,1
381,Data Scientist,Medium,Education,India,Remote,Mid,13,Master,0
382,Data Analyst,Enterprise,Retail,Canada,Remote,Mid,6,Bachelor,0
383,Data Analyst,MNC,Finance,UK,Hybrid,Senior,10,Bachelor,1
384,Data Analyst,Enterprise,Retail,Singapore,Onsite,Senior,14,PhD,0
385,Business Analyst,MNC,E-commerce,India,Hybrid,Entry,11,PhD,0
386,Business Analyst,Startup,E-commerce,UK,Onsite,Senior,3,Master,0
387,AI Engineer,Startup,Education,Singapore,Hybrid,Mid,4,Master,1
388,AI Engineer,Medium,Technology,Germany,Onsite,Entry,2,PhD,0
389,Machine Learning Engineer,Medium,E-commerce,Germany,Onsite,Mid,4,PhD,1
390,AI Engineer,Enterprise,Healthcare,Australia,Onsite,Senior,4,Bachelor,0
391,Machine Learning Engineer,Medium,Technology,USA,Hybrid,Senior,14,Bachelor,0
392,Machine Learning Engineer,MNC,Finance,USA,Onsite,Entry,11,PhD,0
393,Data Analyst,MNC,Healthcare,UK,Onsite,Entry,11,PhD,0
394,Data Engineer,Medium,Technology,Australia,Remote,Entry,11,Master,1
395,Business Analyst,Medium,E-commerce,Australia,Remote,Mid,10,PhD,0
396,AI Engineer,Medium,Finance,India,Remote,Mid,11,PhD,1
397,Machine Learning Engineer,Startup,Technology,Canada,Remote,Senior,9,Bachelor,1
398,Data Engineer,MNC,Education,Germany,Remote,Mid,14,Master,1
399,Business Analyst,Enterprise,Retail,Canada,Remote,Senior,6,Master,0
400,Business Analyst,Enterprise,Education,Singapore,Remote,Entry,14,Master,1
401,Data Engineer,Enterprise,Retail,USA,Remote,Senior,0,PhD,1
402,Data Analyst,Startup,Finance,Canada,Hybrid,Senior,14,Bachelor,1
403,AI Engineer,Enterprise,Retail,Singapore,Onsite,Mid,12,PhD,1
404,Data Scientist,Startup,Healthcare,Canada,Hybrid,Entry,0,PhD,0
405,AI Engineer,Enterprise,Education,UK,Hybrid,Senior,10,Bachelor,0
406,Data Engineer,Enterprise,Retail,Germany,Hybrid,Mid,9,PhD,0
407,AI Engineer,Enterprise,Education,UK,Hybrid,Mid,10,PhD,1
408,Data Scientist,Medium,Technology,USA,Onsite,Senior,14,Master,1
409,AI Engineer,Enterprise,Retail,Canada,Remote,Mid,7,Bachelor,1
410,Data Engineer,MNC,Retail,USA,Onsite,Mid,10,Master,1
411,Data Scientist,Medium,Finance,Australia,Remote,Senior,3,Bachelor,1
412,Business Analyst,Enterprise,Education,USA,Onsite,Mid,10,Master,0
413,Data Engineer,Startup,Healthcare,USA,Remote,Mid,8,Master,0
414,Business Analyst,MNC,Healthcare,Germany,Remote,Senior,9,Master,1
415,Data Analyst,MNC,Healthcare,Germany,Onsite,Senior,13,PhD,0
416,AI Engineer,Startup,Finance,Singapore,Hybrid,Mid,8,PhD,1
417,AI Engineer,Medium,Healthcare,Canada,Onsite,Senior,0,Bachelor,0
418,Data Analyst,Startup,Healthcare,Singapore,Hybrid,Entry,8,Master,1
419,Data Scientist,Medium,E-commerce,Germany,Onsite,Entry,10,Bachelor,1
420,Machine Learning Engineer,Enterprise,Retail,India,Hybrid,Entry,0,Master,1
421,Data Scientist,Medium,E-commerce,Australia,Hybrid,Senior,9,Master,0
422,Data Scientist,Startup,Healthcare,Canada,Hybrid,Entry,4,PhD,1
423,Data Analyst,Enterprise,Retail,UK,Hybrid,Entry,2,PhD,1
424,Machine Learning Engineer,MNC,Technology,UK,Remote,Senior,7,Bachelor,0
425,Data Engineer,Medium,Finance,Australia,Remote,Entry,9,Bachelor,0
426,Data Scientist,Startup,Technology,India,Hybrid,Mid,3,Bachelor,0
427,Data Engineer,Startup,Retail,Australia,Hybrid,Senior,8,PhD,1
428,Data Analyst,Medium,Education,Singapore,Hybrid,Entry,4,Bachelor,0
429,Business Analyst,Medium,Technology,Singapore,Remote,Mid,8,PhD,0
430,AI Engineer,MNC,Finance,USA,Onsite,Senior,5,PhD,0
431,Data Scientist,Enterprise,Technology,UK,Remote,Mid,4,Bachelor,1
432,Data Engineer,Enterprise,Technology,Australia,Hybrid,Senior,13,Bachelor,1
433,Data Scientist,Startup,Finance,Australia,Onsite,Senior,10,PhD,0
434,Data Scientist,Enterprise,Retail,Canada,Hybrid,Senior,7,PhD,0
435,Business Analyst,Startup,Finance,Singapore,Remote,Mid,12,Bachelor,0
436,Data Scientist,Medium,Finance,India,Hybrid,Entry,10,Master,0
437,Data Scientist,MNC,Retail,India,Remote,Entry,2,Bachelor,1
438,Data Scientist,MNC,Healthcare,Canada,Onsite,Senior,8,PhD,1
439,Machine Learning Engineer,Medium,Finance,Canada,Remote,Mid,9,Bachelor,1
440,Data Scientist,MNC,Healthcare,Germany,Remote,Entry,14,PhD,1
441,Data Analyst,Startup,Technology,Canada,Onsite,Entry,1,PhD,0
442,Business Analyst,Enterprise,Retail,Canada,Remote,Mid,3,Bachelor,1
443,Machine Learning Engineer,Medium,Technology,Singapore,Onsite,Senior,6,Bachelor,0
444,Machine Learning Engineer,MNC,Technology,Singapore,Remote,Entry,8,Master,0
445,Data Analyst,Medium,Retail,Australia,Remote,Senior,10,Master,1
446,Data Scientist,MNC,Retail,Singapore,Hybrid,Entry,5,PhD,1
447,Machine Learning Engineer,MNC,Technology,UK,Hybrid,Entry,12,PhD,0
448,Data Engineer,Startup,Education,USA,Onsite,Entry,7,Master,0
449,Data Engineer,Startup,Education,UK,Hybrid,Entry,7,Master,0
450,Data Scientist,Startup,Finance,Canada,Onsite,Mid,10,PhD,0
451,AI Engineer,Enterprise,Finance,UK,Onsite,Mid,0,Bachelor,1
452,Data Engineer,Enterprise,Technology,Australia,Onsite,Entry,14,Bachelor,0
453,Data Engineer,Medium,Education,UK,Onsite,Mid,7,PhD,0
454,Data Engineer,MNC,Finance,Canada,Remote,Mid,14,Master,1
455,Business Analyst,Startup,Education,Australia,Onsite,Mid,0,Master,0
456,Data Analyst,Startup,Healthcare,India,Remote,Senior,9,Bachelor,0
457,Data Scientist,Startup,E-commerce,Germany,Onsite,Entry,7,Bachelor,0
458,Data Engineer,Medium,Healthcare,Singapore,Remote,Mid,13,PhD,0
459,AI Engineer,Startup,Healthcare,UK,Onsite,Senior,11,Bachelor,1
460,Machine Learning Engineer,Medium,Finance,Canada,Hybrid,Mid,0,Bachelor,0
461,Data Analyst,Medium,Healthcare,India,Hybrid,Senior,7,PhD,1
462,Data Scientist,MNC,Healthcare,UK,Remote,Entry,13,Master,0
463,Data Engineer,MNC,Finance,Australia,Remote,Entry,6,PhD,0
464,AI Engineer,Medium,E-commerce,UK,Remote,Mid,0,Master,0
465,Data Engineer,MNC,Education,UK,Onsite,Senior,11,Bachelor,1
466,Data Scientist,Enterprise,Finance,UK,Remote,Entry,12,PhD,1
467,Data Scientist,Enterprise,Technology,Canada,Onsite,Senior,13,Master,0
468,Machine Learning Engineer,Medium,E-commerce,USA,Remote,Mid,8,Master,1
469,Data Scientist,Enterprise,Healthcare,Canada,Onsite,Senior,9,PhD,0
470,Machine Learning Engineer,Startup,Education,Singapore,Hybrid,Entry,2,Master,0
471,Data Analyst,Medium,Healthcare,UK,Onsite,Entry,12,Bachelor,1
472,AI Engineer,Startup,Education,Germany,Remote,Entry,2,Master,0
473,Data Engineer,Enterprise,Technology,USA,Hybrid,Senior,9,Master,1
474,Machine Learning Engineer,Startup,Retail,India,Remote,Entry,4,PhD,1
475,Data Scientist,Medium,Finance,Germany,Hybrid,Entry,0,Bachelor,0
476,Business Analyst,MNC,Healthcare,Canada,Remote,Mid,3,Master,0
477,Data Analyst,MNC,Retail,Germany,Remote,Entry,10,PhD,0
478,AI Engineer,Startup,Healthcare,Canada,Onsite,Mid,9,Bachelor,0
479,Data Scientist,Enterprise,Healthcare,UK,Remote,Mid,13,PhD,1
480,Machine Learning Engineer,Medium,Healthcare,Canada,Onsite,Mid,8,PhD,1
481,Business Analyst,MNC,Retail,Germany,Remote,Mid,1,PhD,1
482,Machine Learning Engineer,MNC,Healthcare,Canada,Hybrid,Mid,6,Bachelor,0
483,Data Analyst,Enterprise,Technology,India,Hybrid,Senior,11,Master,0
484,AI Engineer,Enterprise,Education,Australia,Remote,Senior,2,PhD,1
485,Business Analyst,Enterprise,Retail,India,Remote,Senior,4,Bachelor,0
486,Data Scientist,Enterprise,Education,India,Remote,Senior,13,PhD,0
487,Machine Learning Engineer,Medium,Finance,USA,Onsite,Mid,2,PhD,0
488,AI Engineer,Medium,E-commerce,UK,Hybrid,Entry,1,Master,1
489,Machine Learning Engineer,Enterprise,Technology,Canada,Hybrid,Entry,9,Bachelor,1
490,AI Engineer,Medium,Education,Singapore,Onsite,Senior,0,Bachelor,1
491,Data Engineer,Medium,Education,USA,Onsite,Mid,7,Master,0
492,Data Engineer,Enterprise,Finance,UK,Hybrid,Entry,10,Master,1
493,Data Scientist,MNC,Education,Singapore,Remote,Senior,7,PhD,0
494,Data Analyst,Enterprise,Healthcare,Canada,Hybrid,Mid,13,Master,1
495,Data Analyst,Medium,Healthcare,India,Remote,Senior,7,Bachelor,0
496,Data Analyst,Medium,Finance,Germany,Hybrid,Entry,7,Bachelor,1
497,Data Analyst,Medium,Healthcare,Singapore,Hybrid,Senior,12,Master,0
498,AI Engineer,MNC,Education,Germany,Remote,Senior,12,Bachelor,0
499,Machine Learning Engineer,MNC,Technology,UK,Onsite,Senior,5,Bachelor,0
500,Business Analyst,Startup,Retail,Singapore,Remote,Senior,13,PhD,0
501,Data Scientist,MNC,Finance,Germany,Remote,Mid,11,Master,1
502,Business Analyst,MNC,Healthcare,Australia,Onsite,Mid,3,Master,0
503,Data Analyst,Startup,Education,Singapore,Remote,Entry,5,PhD,0
504,AI Engineer,Medium,Technology,Canada,Onsite,Entry,4,Bachelor,1
505,AI Engineer,Startup,Finance,Singapore,Remote,Mid,11,PhD,1
506,Machine Learning Engineer,Startup,Retail,UK,Onsite,Mid,5,Master,0
507,Data Analyst,Startup,Technology,Singapore,Onsite,Mid,7,Bachelor,1
508,Machine Learning Engineer,Enterprise,Finance,Germany,Hybrid,Entry,12,PhD,0
509,Data Engineer,Medium,Finance,India,Onsite,Entry,4,PhD,1
510,AI Engineer,MNC,E-commerce,Canada,Onsite,Entry,4,Master,0
511,Data Analyst,Startup,Technology,Singapore,Remote,Entry,1,PhD,1
512,Machine Learning Engineer,Medium,Retail,Germany,Onsite,Entry,11,Bachelor,0
513,Business Analyst,Medium,Finance,Australia,Onsite,Entry,10,Master,0
514,AI Engineer,Medium,Technology,India,Onsite,Mid,0,Bachelor,0
515,Data Engineer,Medium,Finance,Germany,Remote,Entry,14,Master,1
516,Business Analyst,Enterprise,Finance,UK,Remote,Senior,5,Bachelor,0
517,Data Engineer,Enterprise,E-commerce,Canada,Remote,Senior,0,Bachelor,0
518,Data Analyst,MNC,Finance,USA,Onsite,Senior,14,Master,1
519,Data Analyst,Enterprise,Finance,Singapore,Remote,Mid,4,Bachelor,1
520,Business Analyst,Medium,Healthcare,USA,Onsite,Mid,13,Bachelor,1
521,AI Engineer,MNC,Technology,Canada,Onsite,Mid,2,PhD,0
522,Data Analyst,Enterprise,Education,Singapore,Hybrid,Mid,10,Master,1
523,Data Engineer,Medium,Technology,India,Hybrid,Senior,8,PhD,0
524,Data Engineer,MNC,Education,Germany,Onsite,Entry,10,Master,1
525,Data Scientist,Startup,Finance,Singapore,Hybrid,Entry,9,Master,1
526,Data Scientist,MNC,Education,USA,Onsite,Senior,6,PhD,0
527,Data Engineer,Medium,Healthcare,Canada,Hybrid,Senior,5,PhD,1
528,AI Engineer,Medium,Finance,Germany,Hybrid,Senior,9,Bachelor,0
529,Data Analyst,Enterprise,Technology,USA,Remote,Mid,14,PhD,1
530,Data Scientist,MNC,Finance,UK,Remote,Entry,8,Master,0
531,Data Analyst,Enterprise,Technology,India,Remote,Senior,12,PhD,0
532,Data Engineer,MNC,E-commerce,UK,Onsite,Entry,10,Master,1
533,Data Analyst,Startup,E-commerce,India,Hybrid,Entry,3,PhD,0
534,Data Analyst,Medium,E-commerce,Singapore,Onsite,Mid,5,Master,1
535,Data Scientist,MNC,Finance,Australia,Hybrid,Senior,6,Bachelor,1
536,Machine Learning Engineer,Enterprise,Technology,India,Onsite,Entry,5,Master,0
537,AI Engineer,Startup,E-commerce,Germany,Remote,Senior,9,Master,0
538,AI Engineer,Medium,E-commerce,Singapore,Hybrid,Senior,8,PhD,1
539,Data Analyst,MNC,E-commerce,Germany,Onsite,Entry,9,Master,0
540,AI Engineer,Enterprise,Healthcare,UK,Remote,Senior,2,PhD,0
541,Data Analyst,Medium,Healthcare,Australia,Remote,Mid,8,Bachelor,1
542,Data Engineer,MNC,Finance,UK,Hybrid,Entry,9,Master,0
543,Business Analyst,Enterprise,Technology,Singapore,Onsite,Entry,10,PhD,0
544,Business Analyst,Enterprise,Education,Canada,Onsite,Mid,4,PhD,1
545,Data Engineer,Medium,Healthcare,Canada,Hybrid,Entry,4,Master,1
546,Data Engineer,Startup,Finance,USA,Remote,Entry,10,PhD,1
547,Business Analyst,Startup,Healthcare,Singapore,Hybrid,Entry,9,PhD,1
548,Data Scientist,Medium,E-commerce,UK,Hybrid,Entry,5,Master,0
549,Business Analyst,MNC,Technology,USA,Remote,Entry,0,PhD,0
550,Data Engineer,MNC,Technology,Canada,Hybrid,Entry,7,Bachelor,0
551,Data Analyst,Medium,Finance,India,Onsite,Entry,9,PhD,0
552,Machine Learning Engineer,Medium,Retail,Singapore,Onsite,Senior,9,Bachelor,0
553,AI Engineer,Medium,E-commerce,Germany,Remote,Entry,13,PhD,1
554,Data Engineer,MNC,Retail,Canada,Remote,Entry,1,Bachelor,1
555,Business Analyst,Medium,Healthcare,Canada,Remote,Senior,8,PhD,0
556,Data Analyst,Medium,Healthcare,Singapore,Onsite,Mid,8,PhD,0
557,AI Engineer,Enterprise,E-commerce,USA,Hybrid,Mid,10,Master,0
558,Data Scientist,Medium,Finance,Canada,Remote,Mid,8,Master,0
559,Data Analyst,Medium,Retail,UK,Hybrid,Mid,5,Master,0
560,Data Engineer,Startup,Technology,Singapore,Hybrid,Entry,7,Bachelor,1
561,Data Scientist,Medium,Retail,Australia,Hybrid,Entry,9,PhD,0
562,Business Analyst,Enterprise,Technology,UK,Onsite,Senior,1,Bachelor,0
563,Machine Learning Engineer,MNC,Healthcare,UK,Onsite,Entry,4,Master,1
564,Data Scientist,Medium,E-commerce,Australia,Onsite,Mid,9,Bachelor,1
565,AI Engineer,MNC,Technology,Australia,Hybrid,Entry,13,PhD,1
566,Data Scientist,Enterprise,Technology,USA,Onsite,Entry,14,PhD,1
567,Data Engineer,Enterprise,Healthcare,India,Remote,Senior,0,Bachelor,0
568,Machine Learning Engineer,MNC,E-commerce,Canada,Remote,Mid,5,Bachelor,0
569,Machine Learning Engineer,Startup,Education,India,Remote,Senior,9,Bachelor,1
570,Machine Learning Engineer,MNC,Healthcare,UK,Remote,Mid,6,Bachelor,1
571,AI Engineer,Enterprise,Education,Australia,Onsite,Senior,7,PhD,1
572,AI Engineer,Medium,Finance,Canada,Hybrid,Senior,1,Master,0
573,Data Scientist,Enterprise,Retail,India,Onsite,Entry,2,Bachelor,0
574,Business Analyst,Startup,Healthcare,Canada,Remote,Senior,3,Master,0
575,Machine Learning Engineer,Startup,Retail,India,Remote,Senior,7,Master,0
576,Data Engineer,MNC,Finance,USA,Remote,Senior,9,Master,1
577,Data Analyst,Medium,Technology,Germany,Remote,Entry,10,PhD,1
578,Data Engineer,Enterprise,Education,Canada,Remote,Entry,4,PhD,0
579,AI Engineer,MNC,Retail,Singapore,Remote,Mid,10,Bachelor,0
580,AI Engineer,Enterprise,E-commerce,Australia,Hybrid,Entry,8,Master,1
581,Data Analyst,MNC,Finance,USA,Onsite,Senior,4,Master,1
582,AI Engineer,Enterprise,E-commerce,Australia,Remote,Mid,3,Master,1
583,AI Engineer,Startup,Healthcare,Singapore,Hybrid,Entry,1,PhD,0
584,Data Scientist,Medium,Technology,India,Remote,Senior,9,PhD,1
585,Data Scientist,Enterprise,Finance,India,Hybrid,Entry,2,Master,0
586,Machine Learning Engineer,Startup,Finance,Canada,Hybrid,Entry,10,PhD,1
587,Business Analyst,Enterprise,Retail,India,Remote,Entry,14,Master,0
588,Machine Learning Engineer,Enterprise,Technology,USA,Remote,Mid,3,PhD,0
589,Data Scientist,Startup,Education,Canada,Hybrid,Senior,12,PhD,1
590,Data Analyst,Enterprise,E-commerce,India,Remote,Mid,7,Master,0
591,Machine Learning Engineer,Startup,Technology,UK,Hybrid,Mid,2,Master,1
592,Data Analyst,MNC,Retail,Canada,Remote,Senior,1,Bachelor,0
593,Data Analyst,Medium,Retail,UK,Hybrid,Senior,10,Bachelor,0
594,Data Analyst,Enterprise,Technology,Germany,Onsite,Entry,13,PhD,1
595,Business Analyst,MNC,Technology,Germany,Hybrid,Senior,4,Bachelor,1
596,Business Analyst,Medium,Healthcare,USA,Onsite,Entry,10,Bachelor,0
597,Business Analyst,Medium,Healthcare,Singapore,Onsite,Entry,6,Bachelor,1
598,Data Engineer,Enterprise,Healthcare,Canada,Hybrid,Mid,14,PhD,0
599,Data Analyst,MNC,Technology,Singapore,Onsite,Entry,10,Master,1
600,Machine Learning Engineer,Medium,E-commerce,Canada,Onsite,Entry,0,Bachelor,1
601,AI Engineer,Enterprise,Education,Singapore,Onsite,Mid,1,Bachelor,1
602,Business Analyst,Enterprise,Technology,Singapore,Onsite,Mid,3,Master,0
603,Machine Learning Engineer,Medium,Retail,India,Remote,Senior,8,Master,1
604,Data Analyst,MNC,Healthcare,Singapore,Onsite,Senior,11,PhD,0
605,Business Analyst,Startup,Healthcare,UK,Hybrid,Mid,10,Master,0
606,Data Scientist,Medium,Healthcare,Germany,Onsite,Entry,11,Master,0
607,Data Scientist,Enterprise,Technology,USA,Hybrid,Entry,13,Bachelor,1
608,Business Analyst,Medium,Technology,India,Remote,Senior,6,Master,1
609,Data Scientist,Medium,Education,Australia,Remote,Senior,14,Master,1
610,AI Engineer,Startup,E-commerce,Canada,Remote,Mid,4,Bachelor,1
611,Data Engineer,MNC,Healthcare,USA,Remote,Entry,10,PhD,1
612,Business Analyst,Medium,Education,Singapore,Remote,Mid,13,Bachelor,1
613,AI Engineer,MNC,Education,Canada,Onsite,Entry,12,Master,1
614,Machine Learning Engineer,MNC,Finance,USA,Hybrid,Entry,6,Bachelor,0
615,AI Engineer,Enterprise,Finance,Germany,Hybrid,Entry,6,Bachelor,1
616,Business Analyst,Enterprise,E-commerce,India,Onsite,Mid,12,Bachelor,1
617,Data Engineer,Startup,E-commerce,Singapore,Hybrid,Mid,7,Master,0
618,Data Engineer,Enterprise,Technology,India,Remote,Entry,13,PhD,0
619,Data Engineer,Startup,E-commerce,USA,Hybrid,Senior,0,PhD,0
620,AI Engineer,Enterprise,Technology,UK,Hybrid,Mid,8,Master,1
621,Data Analyst,Medium,Finance,Germany,Remote,Mid,3,PhD,0
622,AI Engineer,Enterprise,Education,Singapore,Remote,Mid,10,Master,1
623,Machine Learning Engineer,Startup,Education,Australia,Onsite,Mid,5,PhD,0
624,AI Engineer,Medium,Finance,UK,Hybrid,Senior,12,Master,1
625,Data Analyst,Medium,Education,UK,Remote,Mid,1,PhD,1
626,Machine Learning Engineer,Startup,Retail,UK,Onsite,Mid,3,Master,1
627,Data Engineer,Enterprise,Finance,USA,Remote,Entry,8,PhD,0
628,Data Analyst,Startup,Technology,UK,Onsite,Entry,6,Bachelor,0
629,Data Analyst,Enterprise,E-commerce,Australia,Remote,Senior,6,Master,0
630,Business Analyst,Startup,Finance,Canada,Onsite,Senior,7,Master,0
631,Data Scientist,Enterprise,Retail,Australia,Onsite,Entry,6,PhD,1
632,AI Engineer,Medium,Finance,USA,Remote,Senior,2,Bachelor,1
633,Data Scientist,MNC,Retail,India,Remote,Mid,10,PhD,0
634,Data Engineer,Startup,Finance,India,Onsite,Mid,3,Bachelor,1
635,AI Engineer,Startup,Education,Germany,Remote,Entry,13,Master,1
636,Data Analyst,Startup,Healthcare,Singapore,Hybrid,Mid,5,Master,1
637,Data Engineer,MNC,Retail,Singapore,Onsite,Senior,13,Bachelor,0
638,Data Scientist,Enterprise,Technology,UK,Remote,Entry,9,Master,1
639,Machine Learning Engineer,Startup,E-commerce,Canada,Hybrid,Entry,1,Master,1
640,Business Analyst,Medium,Education,UK,Hybrid,Entry,3,Master,1
641,AI Engineer,MNC,Finance,Canada,Hybrid,Entry,7,Master,1
642,Data Analyst,Enterprise,Education,UK,Onsite,Senior,12,PhD,1
643,Machine Learning Engineer,Medium,Technology,USA,Hybrid,Mid,9,PhD,0
644,Business Analyst,MNC,E-commerce,Singapore,Remote,Senior,3,Master,1
645,Data Analyst,MNC,Technology,Singapore,Onsite,Entry,7,Bachelor,1
646,Business Analyst,Startup,Finance,India,Hybrid,Senior,11,Master,0
647,Machine Learning Engineer,Medium,Healthcare,USA,Hybrid,Senior,3,PhD,0
648,Data Analyst,MNC,Technology,Canada,Remote,Entry,1,Master,1
649,Data Scientist,Enterprise,E-commerce,Singapore,Onsite,Mid,12,Bachelor,0
650,Data Engineer,Enterprise,Technology,Germany,Hybrid,Senior,9,Bachelor,1
651,Data Analyst,MNC,Healthcare,USA,Hybrid,Senior,11,Bachelor,0
652,Data Analyst,Startup,E-commerce,USA,Hybrid,Mid,6,Bachelor,0
653,Business Analyst,Startup,Finance,UK,Hybrid,Entry,1,PhD,0
654,Machine Learning Engineer,MNC,E-commerce,Germany,Hybrid,Mid,7,PhD,1
655,Machine Learning Engineer,Startup,E-commerce,USA,Onsite,Entry,6,Master,0
656,Machine Learning Engineer,Medium,Technology,USA,Remote,Entry,14,Bachelor,0
657,Machine Learning Engineer,MNC,Retail,Canada,Onsite,Senior,14,Bachelor,0
658,Data Scientist,Enterprise,Technology,USA,Hybrid,Entry,3,Bachelor,1
659,Machine Learning Engineer,Medium,Retail,India,Hybrid,Mid,1,Master,1
660,Business Analyst,Enterprise,E-commerce,Germany,Hybrid,Mid,1,Bachelor,0
661,Business Analyst,Medium,Finance,India,Hybrid,Mid,13,Master,0
662,AI Engineer,Medium,Finance,UK,Remote,Senior,5,Bachelor,0
663,Data Engineer,Startup,Retail,Singapore,Hybrid,Mid,3,Bachelor,0
664,Business Analyst,Enterprise,Finance,Canada,Onsite,Entry,1,Master,1
665,AI Engineer,Startup,Finance,USA,Remote,Mid,3,PhD,0
666,Machine Learning Engineer,Enterprise,E-commerce,USA,Onsite,Entry,3,Master,0
667,Data Engineer,Startup,E-commerce,UK,Onsite,Senior,11,PhD,0
668,Business Analyst,MNC,Retail,Germany,Onsite,Entry,13,PhD,0
669,Business Analyst,MNC,Technology,Germany,Onsite,Entry,8,Bachelor,1
670,Machine Learning Engineer,Enterprise,Retail,USA,Remote,Entry,11,Master,0
671,Data Scientist,Startup,Education,Australia,Remote,Mid,14,PhD,1
672,AI Engineer,MNC,Education,UK,Remote,Entry,13,PhD,0
673,Data Engineer,Medium,Finance,Canada,Hybrid,Senior,14,PhD,1
674,Data Analyst,Startup,Education,USA,Hybrid,Entry,1,PhD,1
675,Business Analyst,Enterprise,E-commerce,USA,Hybrid,Entry,14,Bachelor,0
676,Data Analyst,Medium,Finance,Singapore,Onsite,Entry,8,PhD,0
677,Business Analyst,Enterprise,Technology,Australia,Remote,Senior,9,Bachelor,0
678,Business Analyst,MNC,Retail,UK,Remote,Mid,1,Bachelor,0
679,Data Engineer,MNC,Finance,Germany,Onsite,Entry,3,Master,1
680,AI Engineer,Startup,Technology,Canada,Remote,Senior,13,Bachelor,1
681,Data Scientist,Enterprise,E-commerce,Canada,Remote,Senior,6,PhD,0
682,Machine Learning Engineer,Startup,Healthcare,Singapore,Hybrid,Entry,6,PhD,0
683,AI Engineer,Medium,E-commerce,India,Remote,Entry,0,PhD,0
684,AI Engineer,Enterprise,E-commerce,UK,Onsite,Mid,9,PhD,0
685,Business Analyst,Medium,E-commerce,India,Onsite,Mid,0,PhD,1
686,Data Scientist,Medium,Healthcare,Canada,Onsite,Mid,6,Bachelor,0
687,Data Scientist,Enterprise,Healthcare,Canada,Onsite,Senior,12,Bachelor,1
688,Data Engineer,Medium,Retail,India,Onsite,Mid,7,Master,1
689,Business Analyst,Startup,Finance,Canada,Hybrid,Senior,0,PhD,0
690,Data Engineer,Startup,E-commerce,USA,Onsite,Entry,4,PhD,1
691,Data Scientist,Startup,Technology,India,Hybrid,Mid,11,Master,0
692,AI Engineer,Medium,E-commerce,Canada,Onsite,Senior,4,PhD,0
693,AI Engineer,Startup,E-commerce,UK,Remote,Mid,14,Bachelor,0
694,Data Scientist,Medium,Education,USA,Remote,Senior,6,PhD,1
695,Machine Learning Engineer,Enterprise,Healthcare,Australia,Hybrid,Entry,2,Bachelor,1
696,Machine Learning Engineer,Startup,E-commerce,Australia,Hybrid,Entry,10,PhD,0
697,Business Analyst,Medium,Education,Germany,Remote,Entry,3,Master,0
698,AI Engineer,MNC,Finance,UK,Hybrid,Senior,9,Master,0
699,Business Analyst,Medium,Education,UK,Onsite,Senior,9,PhD,0
700,Data Engineer,Startup,Technology,Singapore,Hybrid,Entry,8,Bachelor,0
701,Data Engineer,Startup,Retail,India,Hybrid,Senior,4,Master,1
702,Data Scientist,Medium,E-commerce,Germany,Remote,Entry,14,Bachelor,0
703,Data Scientist,Enterprise,Finance,Germany,Remote,Mid,0,Bachelor,0
704,Data Analyst,Startup,Healthcare,India,Remote,Entry,3,Master,0
705,Data Scientist,Medium,Technology,USA,Hybrid,Entry,9,Master,0
706,Machine Learning Engineer,Startup,Finance,Australia,Remote,Mid,11,Bachelor,0
707,Data Analyst,MNC,Education,Singapore,Remote,Senior,2,Bachelor,0
708,Data Scientist,Enterprise,Retail,Germany,Hybrid,Mid,14,PhD,0
709,Data Analyst,MNC,Retail,UK,Remote,Mid,2,Bachelor,1
710,Data Scientist,Startup,Healthcare,Australia,Onsite,Mid,7,PhD,1
711,Business Analyst,Startup,Finance,Canada,Onsite,Entry,1,PhD,1
712,Data Engineer,MNC,E-commerce,UK,Onsite,Entry,12,PhD,1
713,Data Analyst,Enterprise,Finance,Australia,Onsite,Entry,6,Master,1
714,Data Analyst,Medium,Education,UK,Remote,Entry,0,Master,0
715,Data Analyst,Medium,Finance,USA,Onsite,Mid,12,PhD,1
716,Data Analyst,Startup,Finance,Germany,Hybrid,Senior,3,Bachelor,1
717,Data Analyst,Medium,Healthcare,Singapore,Hybrid,Entry,4,PhD,1
718,Business Analyst,Startup,Finance,Germany,Remote,Entry,9,Master,1
719,Data Scientist,Enterprise,Technology,Canada,Remote,Senior,4,PhD,1
720,Data Analyst,Startup,Technology,Canada,Hybrid,Senior,0,Master,1
721,AI Engineer,Enterprise,Retail,Australia,Onsite,Entry,12,Bachelor,0
722,Machine Learning Engineer,Startup,E-commerce,UK,Onsite,Mid,0,Master,1
723,Data Analyst,Startup,Technology,Singapore,Onsite,Mid,12,Bachelor,0
724,Business Analyst,Startup,Technology,Canada,Onsite,Mid,0,Bachelor,0
725,Machine Learning Engineer,Startup,Finance,Germany,Remote,Entry,7,PhD,0
726,Machine Learning Engineer,Startup,Retail,Germany,Onsite,Mid,9,Bachelor,0
727,Data Scientist,Startup,Healthcare,Singapore,Onsite,Entry,8,PhD,0
728,Business Analyst,Startup,Finance,USA,Remote,Mid,13,PhD,1
729,Data Engineer,MNC,Education,Germany,Onsite,Senior,1,PhD,1
730,Data Scientist,Startup,Retail,Canada,Hybrid,Mid,2,Master,0
731,Data Scientist,Medium,Technology,Australia,Hybrid,Senior,0,Master,1
732,Data Analyst,MNC,Retail,Germany,Remote,Senior,5,Bachelor,0
733,Data Analyst,Startup,Finance,Germany,Hybrid,Entry,4,PhD,0
734,Machine Learning Engineer,Startup,Healthcare,Canada,Onsite,Senior,1,Master,0
735,Data Engineer,Enterprise,E-commerce,Singapore,Remote,Mid,10,Master,1
736,Business Analyst,MNC,E-commerce,Germany,Remote,Senior,0,PhD,0
737,Business Analyst,Enterprise,Retail,Germany,Remote,Entry,13,Master,0
738,Data Engineer,Medium,Finance,Canada,Remote,Mid,4,PhD,0
739,AI Engineer,Medium,Healthcare,Canada,Onsite,Mid,12,PhD,1
740,Data Engineer,Enterprise,E-commerce,Canada,Remote,Mid,5,Bachelor,0
741,Machine Learning Engineer,MNC,Technology,India,Hybrid,Senior,12,Bachelor,0
742,Data Analyst,Startup,Education,Singapore,Hybrid,Senior,0,PhD,1
743,Data Analyst,Enterprise,Finance,USA,Onsite,Senior,9,Bachelor,1
744,Data Analyst,Enterprise,Education,Germany,Onsite,Senior,5,PhD,1
745,Data Engineer,Medium,Healthcare,Singapore,Remote,Senior,5,PhD,1
746,Data Scientist,MNC,Education,Canada,Hybrid,Mid,10,PhD,0
747,Machine Learning Engineer,Medium,Education,Canada,Remote,Mid,2,PhD,1
748,Data Analyst,MNC,Healthcare,USA,Hybrid,Entry,1,Bachelor,1
749,AI Engineer,Medium,Finance,India,Remote,Mid,8,Master,0
750,AI Engineer,Startup,Finance,Singapore,Remote,Mid,6,Master,0
751,Data Analyst,Enterprise,Healthcare,UK,Remote,Senior,2,Master,0
752,AI Engineer,Enterprise,Education,Singapore,Onsite,Mid,12,Master,0
753,Data Analyst,MNC,Finance,UK,Hybrid,Mid,8,PhD,1
754,Business Analyst,Enterprise,Technology,Germany,Hybrid,Mid,2,PhD,1
755,Business Analyst,Enterprise,Technology,India,Remote,Senior,10,Bachelor,0
756,Data Engineer,Startup,Retail,Australia,Onsite,Senior,11,Bachelor,0
757,Data Engineer,Startup,Finance,UK,Remote,Mid,0,Master,1
758,Business Analyst,MNC,Retail,Australia,Hybrid,Senior,3,Bachelor,0
759,Machine Learning Engineer,Medium,E-commerce,USA,Onsite,Senior,9,PhD,0
760,Machine Learning Engineer,Medium,Technology,Singapore,Remote,Senior,7,Master,1
761,Data Engineer,Startup,Healthcare,Germany,Hybrid,Entry,5,Master,1
762,Data Analyst,Medium,E-commerce,Australia,Remote,Entry,6,PhD,0
763,Data Analyst,Medium,Finance,UK,Onsite,Senior,12,PhD,0
764,AI Engineer,Enterprise,Retail,Australia,Onsite,Senior,0,PhD,0
765,AI Engineer,Medium,Finance,Singapore,Onsite,Mid,2,PhD,0
766,AI Engineer,Medium,Technology,Canada,Onsite,Entry,5,PhD,0
767,Machine Learning Engineer,Medium,Finance,USA,Remote,Entry,7,Bachelor,1
768,Data Analyst,Enterprise,Healthcare,Singapore,Onsite,Mid,5,PhD,0
769,Data Engineer,Enterprise,Technology,Canada,Onsite,Entry,6,Bachelor,0
770,Data Engineer,Enterprise,E-commerce,Australia,Onsite,Senior,10,Master,0
771,Data Engineer,Enterprise,E-commerce,Canada,Onsite,Senior,7,PhD,1
772,Data Scientist,Medium,Education,Canada,Onsite,Mid,8,Master,1
773,AI Engineer,Startup,Education,India,Hybrid,Senior,0,Bachelor,1
774,Machine Learning Engineer,MNC,Retail,India,Remote,Mid,12,Bachelor,1
775,Data Engineer,Medium,Technology,Canada,Hybrid,Mid,2,PhD,1
776,AI Engineer,Startup,E-commerce,Singapore,Hybrid,Senior,2,Master,1
777,Data Engineer,Medium,Retail,Germany,Onsite,Entry,9,Bachelor,1
778,Data Analyst,Medium,Finance,UK,Remote,Entry,11,PhD,0
779,Data Scientist,Medium,Technology,Singapore,Onsite,Mid,10,PhD,0
780,Machine Learning Engineer,Enterprise,Healthcare,UK,Hybrid,Entry,1,Master,0
781,Machine Learning Engineer,Startup,Finance,Singapore,Onsite,Entry,1,Bachelor,1
782,Data Engineer,Medium,E-commerce,Germany,Hybrid,Entry,9,Master,0
783,Machine Learning Engineer,MNC,Education,USA,Onsite,Senior,2,Master,0
784,Data Analyst,Medium,Finance,Australia,Hybrid,Senior,6,Master,0
785,Business Analyst,Startup,Retail,Singapore,Remote,Entry,13,PhD,0
786,AI Engineer,Medium,Education,Canada,Hybrid,Entry,4,Master,0
787,Business Analyst,Medium,E-commerce,UK,Hybrid,Mid,0,Master,0
788,Data Analyst,Medium,E-commerce,Germany,Onsite,Senior,9,PhD,1
789,Data Scientist,Startup,Finance,Singapore,Hybrid,Senior,6,Master,0
790,Machine Learning Engineer,MNC,Retail,Singapore,Onsite,Entry,0,Master,1
791,Data Analyst,Startup,E-commerce,India,Remote,Senior,12,Bachelor,0
792,Machine Learning Engineer,Medium,Healthcare,USA,Hybrid,Entry,7,Bachelor,1
793,Business Analyst,Medium,E-commerce,India,Hybrid,Entry,14,Bachelor,0
794,AI Engineer,MNC,Finance,Germany,Hybrid,Senior,14,Master,1
795,Data Analyst,Enterprise,Finance,India,Onsite,Entry,10,Master,0
796,Data Scientist,Startup,E-commerce,Australia,Remote,Senior,4,Master,1
797,Business Analyst,Medium,Education,Singapore,Remote,Senior,4,Bachelor,0
798,Machine Learning Engineer,Medium,Technology,Germany,Remote,Mid,7,Bachelor,0
799,AI Engineer,MNC,Technology,UK,Onsite,Mid,11,PhD,1
800,Business Analyst,Medium,E-commerce,USA,Hybrid,Senior,0,PhD,0
801,Data Engineer,Medium,Retail,UK,Remote,Entry,9,Master,0
802,Business Analyst,Startup,Technology,Germany,Hybrid,Senior,7,Bachelor,1
803,Business Analyst,MNC,Finance,Germany,Hybrid,Mid,2,PhD,1
804,Machine Learning Engineer,MNC,Retail,Singapore,Remote,Senior,11,Master,0
805,Business Analyst,Medium,E-commerce,UK,Remote,Entry,14,PhD,1
806,Business Analyst,Enterprise,Technology,UK,Remote,Mid,8,Bachelor,1
807,Data Engineer,MNC,Healthcare,Germany,Remote,Mid,3,PhD,0
808,Business Analyst,Startup,Education,UK,Remote,Entry,3,Bachelor,1
809,AI Engineer,Startup,Education,Singapore,Hybrid,Senior,12,Bachelor,1
810,Data Analyst,Enterprise,Retail,Singapore,Onsite,Mid,12,Bachelor,1
811,Data Analyst,Medium,E-commerce,Australia,Onsite,Senior,8,PhD,1
812,Data Engineer,Medium,E-commerce,Canada,Hybrid,Mid,12,PhD,1
813,Data Scientist,MNC,Retail,Germany,Onsite,Senior,10,PhD,1
814,Data Analyst,MNC,E-commerce,Germany,Hybrid,Mid,5,PhD,0
815,Data Engineer,Enterprise,E-commerce,USA,Hybrid,Entry,3,PhD,1
816,Machine Learning Engineer,Startup,Technology,Australia,Remote,Mid,7,Master,1
817,Data Analyst,Enterprise,E-commerce,USA,Onsite,Entry,2,Master,1
818,Data Engineer,Enterprise,Education,UK,Remote,Mid,6,Bachelor,0
819,Machine Learning Engineer,MNC,Technology,Germany,Remote,Senior,13,Bachelor,1
820,Business Analyst,MNC,Finance,Singapore,Remote,Senior,6,Bachelor,1
821,Business Analyst,Startup,Education,UK,Remote,Mid,0,Bachelor,0
822,Data Engineer,Startup,Retail,UK,Hybrid,Entry,4,Bachelor,1
823,Machine Learning Engineer,Enterprise,E-commerce,Germany,Remote,Entry,1,Bachelor,0
824,Business Analyst,Medium,Healthcare,India,Remote,Senior,14,Bachelor,0
825,Data Scientist,Startup,Finance,India,Onsite,Entry,3,Master,0
826,Data Engineer,MNC,Retail,Singapore,Hybrid,Senior,6,Master,1
827,Machine Learning Engineer,Enterprise,Technology,UK,Onsite,Entry,4,Bachelor,1
828,Business Analyst,Medium,Technology,Canada,Remote,Senior,8,PhD,1
829,Data Analyst,Medium,E-commerce,Australia,Onsite,Entry,11,Master,0
830,Data Scientist,Startup,Healthcare,USA,Remote,Entry,14,PhD,0
831,Data Analyst,Enterprise,E-commerce,USA,Remote,Entry,0,Master,0
832,Data Analyst,Startup,Finance,India,Remote,Senior,4,PhD,0
833,Data Scientist,MNC,Retail,Germany,Remote,Senior,1,PhD,1
834,Data Engineer,Enterprise,Healthcare,Australia,Remote,Entry,12,Master,1
835,Data Analyst,Enterprise,Healthcare,UK,Remote,Entry,8,Bachelor,0
836,AI Engineer,Startup,Retail,Germany,Onsite,Mid,1,Master,1
837,Machine Learning Engineer,Enterprise,Retail,Australia,Onsite,Senior,3,Bachelor,0
838,Machine Learning Engineer,Medium,Retail,Germany,Hybrid,Mid,3,PhD,0
839,Business Analyst,Startup,Retail,UK,Onsite,Entry,1,Master,1
840,Data Scientist,MNC,Healthcare,USA,Hybrid,Senior,5,Master,0
841,Data Scientist,MNC,Finance,India,Hybrid,Mid,0,Bachelor,1
842,Machine Learning Engineer,MNC,Technology,India,Hybrid,Entry,9,PhD,0
843,Data Scientist,MNC,E-commerce,India,Onsite,Entry,11,Master,1
844,Business Analyst,Enterprise,Healthcare,Germany,Remote,Senior,11,Master,1
845,Data Engineer,Medium,Healthcare,Canada,Onsite,Entry,4,PhD,0
846,Data Engineer,Medium,Retail,Germany,Hybrid,Senior,5,Bachelor,1
847,Data Engineer,Startup,Finance,Canada,Remote,Entry,8,Master,0
848,Business Analyst,MNC,Healthcare,Canada,Remote,Mid,11,Master,0
849,Business Analyst,Medium,Retail,Singapore,Remote,Senior,4,Master,1
850,AI Engineer,Enterprise,Healthcare,USA,Hybrid,Entry,2,Bachelor,1
851,Data Engineer,Medium,E-commerce,USA,Hybrid,Entry,6,PhD,0
852,AI Engineer,Enterprise,Retail,Singapore,Remote,Mid,7,Master,1
853,Data Analyst,MNC,Retail,Australia,Hybrid,Mid,12,PhD,0
854,Data Scientist,MNC,E-commerce,India,Hybrid,Entry,1,Bachelor,1
855,Machine Learning Engineer,Startup,Finance,Australia,Remote,Senior,8,Bachelor,1
856,AI Engineer,Medium,Finance,Australia,Onsite,Senior,9,Master,1
857,Business Analyst,Startup,Healthcare,UK,Onsite,Entry,1,PhD,0
858,Data Scientist,Startup,Education,Singapore,Hybrid,Mid,11,Master,0
859,AI Engineer,Enterprise,Technology,USA,Onsite,Entry,0,Master,0
860,AI Engineer,Medium,Retail,UK,Hybrid,Mid,7,Bachelor,1
861,Business Analyst,MNC,Technology,USA,Remote,Senior,14,Bachelor,0
862,Data Engineer,Medium,Finance,Singapore,Hybrid,Senior,3,Bachelor,0
863,Data Scientist,Medium,Technology,Singapore,Remote,Senior,5,Master,0
864,Business Analyst,Enterprise,Healthcare,Singapore,Hybrid,Entry,3,Bachelor,1
865,AI Engineer,Enterprise,Retail,USA,Onsite,Mid,8,Bachelor,0
866,Data Analyst,Enterprise,Finance,Germany,Remote,Senior,5,Bachelor,1
867,AI Engineer,Startup,Retail,USA,Remote,Mid,14,PhD,1
868,Data Scientist,Enterprise,Finance,Canada,Onsite,Entry,11,PhD,1
869,AI Engineer,Startup,Finance,USA,Onsite,Mid,0,Master,1
870,Data Scientist,Startup,Retail,USA,Remote,Entry,10,Master,1
871,Data Analyst,MNC,Technology,Germany,Onsite,Mid,8,PhD,1
872,AI Engineer,Medium,Healthcare,Australia,Onsite,Entry,3,Bachelor,1
873,Data Scientist,MNC,Education,Canada,Hybrid,Mid,11,Master,0
874,Data Analyst,Medium,Education,Australia,Onsite,Senior,4,Bachelor,1
875,AI Engineer,MNC,Education,India,Hybrid,Entry,10,PhD,0
876,Machine Learning Engineer,MNC,Technology,Singapore,Onsite,Senior,8,Bachelor,0
877,Machine Learning Engineer,Startup,E-commerce,USA,Remote,Mid,11,Bachelor,1
878,Business Analyst,Startup,Technology,Germany,Remote,Senior,5,PhD,1
879,Machine Learning Engineer,MNC,Finance,Canada,Remote,Mid,8,Bachelor,0
880,Data Analyst,MNC,Education,Germany,Onsite,Senior,11,PhD,0
881,Business Analyst,Enterprise,Healthcare,UK,Hybrid,Senior,0,Bachelor,1
882,Data Analyst,Medium,Healthcare,Canada,Onsite,Mid,9,Master,1
883,Data Engineer,Startup,E-commerce,Canada,Hybrid,Mid,0,PhD,1
884,Business Analyst,Medium,E-commerce,USA,Remote,Entry,8,Master,1
885,Machine Learning Engineer,Startup,Retail,UK,Remote,Entry,3,Bachelor,0
886,Business Analyst,Medium,Retail,Canada,Onsite,Entry,14,Bachelor,0
887,Business Analyst,Startup,Finance,Singapore,Onsite,Mid,13,Bachelor,1
888,Data Scientist,Medium,Technology,Australia,Hybrid,Senior,4,Bachelor,1
889,Data Scientist,Startup,E-commerce,UK,Onsite,Senior,7,Master,0
890,AI Engineer,Medium,Retail,UK,Onsite,Senior,11,Master,0
891,Data Analyst,Medium,Retail,Australia,Onsite,Senior,11,Bachelor,1
892,Data Engineer,Startup,E-commerce,Australia,Remote,Senior,14,PhD,0
893,Data Analyst,Enterprise,Finance,Australia,Onsite,Entry,10,PhD,0
894,Business Analyst,Startup,Healthcare,Australia,Hybrid,Mid,6,Bachelor,0
895,AI Engineer,Medium,E-commerce,Germany,Hybrid,Entry,8,Master,1
896,Business Analyst,Startup,Education,Singapore,Hybrid,Entry,14,Bachelor,1
897,Data Scientist,MNC,Finance,Singapore,Remote,Senior,7,PhD,1
898,AI Engineer,MNC,E-commerce,Australia,Onsite,Entry,9,Bachelor,1
899,Data Analyst,MNC,Healthcare,UK,Hybrid,Mid,1,Bachelor,0
900,Data Engineer,Medium,Finance,UK,Onsite,Entry,4,Bachelor,0
901,Data Analyst,MNC,E-commerce,UK,Remote,Entry,9,PhD,1
902,Data Analyst,MNC,Retail,India,Onsite,Senior,9,Bachelor,1
903,Data Analyst,Startup,Education,Canada,Onsite,Mid,1,PhD,1
904,Business Analyst,MNC,Healthcare,Germany,Onsite,Senior,10,Master,1
905,Data Scientist,Enterprise,Healthcare,Singapore,Onsite,Senior,9,Bachelor,1
906,Data Engineer,Enterprise,Finance,Australia,Onsite,Mid,3,Bachelor,1
907,Data Scientist,Enterprise,Healthcare,USA,Hybrid,Mid,0,Master,0
908,Data Scientist,Startup,Healthcare,Singapore,Remote,Entry,2,Bachelor,1
909,Data Engineer,Startup,E-commerce,Germany,Onsite,Entry,3,Master,1
910,Data Scientist,MNC,E-commerce,Australia,Remote,Mid,13,Master,1
911,Machine Learning Engineer,Startup,Education,Germany,Remote,Mid,10,Master,1
912,Data Scientist,Startup,Healthcare,India,Hybrid,Entry,3,Bachelor,1
913,Business Analyst,Enterprise,Education,Canada,Hybrid,Entry,11,PhD,1
914,Business Analyst,Medium,Retail,Germany,Hybrid,Entry,2,Bachelor,1
915,AI Engineer,MNC,E-commerce,Canada,Hybrid,Senior,4,Master,0
916,Data Analyst,Medium,Education,Australia,Remote,Entry,5,Master,0
917,Data Analyst,Startup,Healthcare,Singapore,Remote,Entry,10,Bachelor,1
918,Business Analyst,MNC,Retail,Australia,Remote,Mid,11,Bachelor,1
919,AI Engineer,Startup,E-commerce,UK,Onsite,Entry,10,PhD,0
920,AI Engineer,MNC,Education,India,Onsite,Entry,6,PhD,1
921,Data Analyst,Medium,Healthcare,Australia,Hybrid,Mid,12,Bachelor,0
922,AI Engineer,MNC,Finance,Singapore,Remote,Mid,10,Master,1
923,Machine Learning Engineer,Startup,Retail,Singapore,Hybrid,Entry,11,PhD,1
924,Data Engineer,Startup,Education,UK,Remote,Senior,12,Bachelor,1
925,Machine Learning Engineer,Medium,Education,India,Remote,Mid,6,Bachelor,1
926,Business Analyst,Medium,Healthcare,Singapore,Remote,Entry,14,Bachelor,1
927,Business Analyst,MNC,Retail,UK,Remote,Mid,4,Bachelor,1
928,Data Engineer,Enterprise,Retail,USA,Remote,Entry,2,PhD,0
929,Machine Learning Engineer,Enterprise,Healthcare,UK,Remote,Senior,2,Master,0
930,Data Scientist,MNC,Healthcare,India,Onsite,Mid,4,Master,0
931,Data Scientist,MNC,Technology,Australia,Hybrid,Senior,7,Bachelor,1
932,Data Engineer,Startup,Finance,India,Onsite,Senior,7,Bachelor,1
933,Data Engineer,Startup,Retail,Canada,Onsite,Mid,4,Master,1
934,Data Scientist,MNC,Finance,Australia,Remote,Senior,9,Master,1
935,Data Analyst,Startup,Healthcare,Australia,Remote,Mid,2,PhD,1
936,Business Analyst,MNC,Technology,UK,Onsite,Entry,5,Master,1
937,Data Scientist,Startup,Education,India,Remote,Mid,5,Bachelor,0
938,Business Analyst,Startup,Healthcare,India,Remote,Mid,9,Bachelor,1
939,AI Engineer,Enterprise,Retail,Singapore,Hybrid,Entry,2,Master,1
940,AI Engineer,MNC,Technology,Singapore,Remote,Entry,9,PhD,1
941,Machine Learning Engineer,MNC,Healthcare,UK,Hybrid,Senior,11,Master,0
942,Data Analyst,Enterprise,Finance,Germany,Onsite,Entry,1,PhD,0
943,Machine Learning Engineer,Startup,Retail,India,Remote,Entry,7,PhD,0
944,AI Engineer,Startup,E-commerce,Germany,Remote,Mid,8,Bachelor,1
945,Data Scientist,Startup,Technology,Canada,Hybrid,Entry,13,Bachelor,1
946,Data Scientist,Medium,Finance,Australia,Hybrid,Mid,3,Bachelor,0
947,AI Engineer,MNC,Education,India,Onsite,Mid,6,Bachelor,0
948,Data Engineer,Medium,Retail,Canada,Onsite,Mid,11,Master,0
949,Data Scientist,Startup,Healthcare,Australia,Remote,Mid,0,Bachelor,1
950,Business Analyst,Enterprise,Technology,Germany,Remote,Entry,8,Bachelor,1
951,AI Engineer,Enterprise,Education,Singapore,Onsite,Mid,13,Bachelor,1
952,Data Scientist,Medium,Technology,India,Hybrid,Senior,4,Bachelor,1
953,Machine Learning Engineer,Startup,Retail,Australia,Hybrid,Mid,6,Bachelor,0
954,Data Engineer,Enterprise,Education,Canada,Onsite,Entry,14,Master,1
955,AI Engineer,MNC,E-commerce,India,Remote,Entry,11,Master,0
956,Data Scientist,MNC,Education,UK,Hybrid,Entry,3,Master,1
957,Data Engineer,Startup,Healthcare,India,Hybrid,Mid,11,Bachelor,0
958,Data Scientist,Medium,Retail,UK,Hybrid,Senior,8,Bachelor,1
959,AI Engineer,Enterprise,Healthcare,Australia,Remote,Entry,12,PhD,1
960,AI Engineer,Enterprise,E-commerce,Germany,Hybrid,Mid,1,Master,0
961,Data Analyst,Medium,Healthcare,Canada,Onsite,Entry,3,Bachelor,0
962,AI Engineer,Startup,E-commerce,India,Onsite,Mid,13,Bachelor,0
963,Business Analyst,Enterprise,Technology,India,Onsite,Mid,5,Bachelor,0
964,Data Engineer,Enterprise,Finance,UK,Hybrid,Senior,13,PhD,0
965,Business Analyst,Medium,Technology,USA,Remote,Mid,1,Bachelor,0
966,Business Analyst,MNC,Education,UK,Onsite,Senior,13,PhD,0
967,Data Engineer,Enterprise,Healthcare,UK,Onsite,Senior,7,Master,1
968,Machine Learning Engineer,Enterprise,Finance,Canada,Onsite,Senior,5,PhD,1
969,AI Engineer,Enterprise,Retail,Canada,Remote,Mid,7,Bachelor,1
970,Data Analyst,Enterprise,Education,Canada,Onsite,Senior,3,PhD,0
971,Machine Learning Engineer,Medium,E-commerce,Australia,Hybrid,Mid,0,PhD,0
972,Business Analyst,Startup,Education,Germany,Remote,Mid,14,PhD,0
973,Data Analyst,Enterprise,Technology,India,Onsite,Senior,14,PhD,0
974,Data Engineer,Medium,Finance,India,Onsite,Mid,7,Bachelor,0
975,Machine Learning Engineer,Enterprise,Finance,USA,Remote,Entry,3,Master,0
976,Data Engineer,Enterprise,Technology,Singapore,Remote,Senior,1,PhD,0
977,Data Engineer,Medium,Finance,India,Hybrid,Senior,7,Bachelor,1
978,Data Engineer,MNC,Education,USA,Onsite,Mid,6,Bachelor,1
979,Data Engineer,MNC,Healthcare,Canada,Hybrid,Senior,11,Bachelor,0
980,AI Engineer,MNC,E-commerce,India,Onsite,Senior,5,Bachelor,1
981,Data Analyst,Startup,Finance,USA,Onsite,Entry,1,PhD,1
982,Data Scientist,Medium,Education,USA,Hybrid,Senior,8,Bachelor,0
983,Machine Learning Engineer,Enterprise,Education,India,Onsite,Senior,11,Master,0
984,AI Engineer,MNC,Finance,USA,Remote,Mid,0,Bachelor,1
985,Business Analyst,Startup,Retail,UK,Onsite,Senior,2,Master,0
986,Business Analyst,Startup,Technology,Singapore,Remote,Mid,7,PhD,0
987,Business Analyst,MNC,Finance,Canada,Hybrid,Senior,9,PhD,0
988,Machine Learning Engineer,Startup,Finance,UK,Hybrid,Entry,11,Bachelor,1
989,Data Scientist,Enterprise,Technology,India,Remote,Senior,3,PhD,0
990,Business Analyst,Startup,Healthcare,India,Remote,Entry,11,Bachelor,1
991,Data Analyst,Startup,Technology,Canada,Onsite,Entry,0,Bachelor,0
992,AI Engineer,Medium,Education,Germany,Onsite,Mid,4,PhD,1
993,Data Scientist,Medium,Technology,India,Hybrid,Senior,0,PhD,1
994,AI Engineer,Medium,Education,Australia,Onsite,Senior,5,PhD,0
995,AI Engineer,Startup,Technology,Germany,Hybrid,Mid,14,PhD,1
996,Data Analyst,MNC,E-commerce,India,Hybrid,Entry,4,Bachelor,1
997,Business Analyst,Enterprise,Finance,Singapore,Remote,Mid,0,Bachelor,1
998,Data Scientist,Enterprise,Technology,Canada,Hybrid,Mid,12,Master,1
999,AI Engineer,Enterprise,Education,Australia,Hybrid,Mid,8,Master,1
1000,Machine Learning Engineer,MNC,Technology,USA,Onsite,Senior,7,Master,0
1001,Data Engineer,MNC,Education,Australia,Onsite,Senior,7,PhD,0
1002,AI Engineer,Startup,Technology,Singapore,Remote,Mid,14,Bachelor,0
1003,AI Engineer,Medium,Retail,Germany,Hybrid,Entry,9,PhD,1
1004,Business Analyst,MNC,Technology,Singapore,Remote,Senior,4,Bachelor,1
1005,Data Scientist,MNC,Finance,Australia,Remote,Senior,0,PhD,1
1006,Data Scientist,Enterprise,Technology,Canada,Remote,Entry,1,Bachelor,1
1007,AI Engineer,Medium,Education,Canada,Remote,Mid,12,Master,1
1008,Business Analyst,MNC,Finance,Australia,Onsite,Entry,5,Master,1
1009,Data Analyst,MNC,Education,India,Hybrid,Senior,10,PhD,0
1010,Data Analyst,Startup,Finance,India,Hybrid,Mid,13,Master,0
1011,Business Analyst,Startup,Education,UK,Onsite,Senior,6,Bachelor,0
1012,Data Analyst,Medium,Retail,India,Remote,Mid,10,PhD,1
1013,Data Scientist,Enterprise,Healthcare,India,Hybrid,Entry,1,Master,1
1014,Business Analyst,Medium,Retail,Australia,Remote,Senior,8,Master,0
1015,Data Scientist,Medium,Finance,Singapore,Remote,Entry,6,PhD,0
1016,Data Engineer,Enterprise,Education,Germany,Onsite,Entry,1,Master,0
1017,AI Engineer,Medium,Healthcare,Germany,Remote,Mid,0,Bachelor,0
1018,AI Engineer,Startup,Technology,USA,Remote,Mid,14,PhD,0
1019,Data Engineer,MNC,Retail,Australia,Onsite,Senior,6,PhD,1
1020,Machine Learning Engineer,MNC,Retail,Singapore,Hybrid,Senior,5,Master,0
1021,Data Engineer,Enterprise,Education,India,Remote,Mid,7,PhD,1
1022,Data Scientist,Medium,Finance,Germany,Remote,Entry,11,Master,0
1023,Data Analyst,Startup,Retail,India,Remote,Entry,12,Master,0
1024,Business Analyst,Medium,Healthcare,USA,Hybrid,Entry,1,Bachelor,0
1025,Data Analyst,Enterprise,Finance,Canada,Remote,Senior,7,Bachelor,1
1026,Machine Learning Engineer,MNC,Technology,Singapore,Onsite,Mid,5,Bachelor,1
1027,Machine Learning Engineer,MNC,Technology,Germany,Remote,Entry,10,Master,0
1028,Machine Learning Engineer,MNC,Education,India,Hybrid,Entry,8,PhD,1
1029,AI Engineer,Startup,Technology,Germany,Onsite,Mid,12,Master,1
1030,Data Analyst,Startup,Healthcare,Australia,Remote,Mid,6,PhD,1
1031,AI Engineer,Enterprise,Technology,Germany,Onsite,Senior,8,Master,0
1032,Machine Learning Engineer,Medium,Finance,Canada,Hybrid,Mid,1,Master,1
1033,AI Engineer,Enterprise,Technology,Australia,Remote,Mid,2,Master,0
1034,Machine Learning Engineer,Enterprise,Retail,USA,Hybrid,Mid,8,Master,1
1035,Machine Learning Engineer,Startup,Healthcare,Canada,Hybrid,Mid,7,PhD,1
1036,Data Scientist,MNC,E-commerce,India,Onsite,Senior,8,Master,0
1037,Data Engineer,Enterprise,Technology,USA,Hybrid,Entry,5,PhD,1
1038,Machine Learning Engineer,Medium,Technology,Canada,Remote,Entry,9,Master,0
1039,Business Analyst,Startup,Retail,Germany,Onsite,Entry,4,Bachelor,0
1040,Data Engineer,MNC,Education,Singapore,Onsite,Entry,11,Bachelor,1
1041,Data Engineer,Medium,Healthcare,Australia,Remote,Senior,9,Bachelor,1
1042,Business Analyst,Medium,Finance,India,Hybrid,Mid,11,PhD,1
1043,Machine Learning Engineer,Enterprise,Technology,UK,Hybrid,Senior,3,Master,0
1044,Data Analyst,MNC,Retail,Singapore,Remote,Entry,1,Master,1
1045,Data Scientist,MNC,Finance,UK,Remote,Entry,4,Master,0
1046,Data Engineer,MNC,Education,USA,Onsite,Senior,5,Master,0
1047,Data Analyst,Startup,Education,Australia,Onsite,Senior,1,Master,1
1048,Business Analyst,MNC,E-commerce,UK,Remote,Entry,3,Master,0
1049,Data Scientist,Medium,Technology,Singapore,Remote,Mid,1,PhD,0
1050,Data Scientist,Enterprise,Technology,India,Hybrid,Entry,2,Bachelor,0
1051,Data Analyst,MNC,Education,Germany,Onsite,Senior,7,PhD,1
1052,AI Engineer,Startup,Finance,USA,Hybrid,Mid,6,PhD,0
1053,Data Engineer,MNC,E-commerce,USA,Onsite,Entry,12,Bachelor,0
1054,AI Engineer,MNC,Healthcare,India,Onsite,Mid,14,Master,1
1055,Machine Learning Engineer,Startup,Education,UK,Onsite,Entry,2,PhD,1
1056,AI Engineer,MNC,Healthcare,Germany,Remote,Mid,13,Bachelor,0
1057,Machine Learning Engineer,Enterprise,Retail,India,Onsite,Senior,14,PhD,1
1058,Data Analyst,MNC,Finance,UK,Remote,Mid,13,Master,1
1059,Data Analyst,Medium,Education,India,Hybrid,Mid,6,Master,1
1060,Machine Learning Engineer,MNC,Healthcare,Australia,Onsite,Mid,3,Master,1
1061,Data Analyst,Medium,Finance,USA,Remote,Mid,2,Bachelor,0
1062,Data Analyst,Enterprise,E-commerce,UK,Onsite,Mid,2,PhD,0
1063,Data Scientist,Enterprise,Technology,India,Remote,Mid,8,Master,0
1064,Machine Learning Engineer,Enterprise,Technology,Germany,Remote,Senior,4,Bachelor,1
1065,AI Engineer,Enterprise,Finance,Singapore,Onsite,Entry,11,Master,1
1066,Data Analyst,Medium,Technology,Singapore,Remote,Entry,6,Master,0
1067,Machine Learning Engineer,Startup,E-commerce,USA,Remote,Mid,9,PhD,1
1068,Data Scientist,MNC,Education,Canada,Hybrid,Senior,14,Bachelor,1
1069,Data Scientist,MNC,E-commerce,Germany,Onsite,Mid,1,Master,1
1070,Business Analyst,Enterprise,Technology,UK,Remote,Senior,7,Master,0
1071,AI Engineer,Enterprise,Finance,Canada,Onsite,Entry,13,Bachelor,1
1072,Data Engineer,Enterprise,Technology,Australia,Hybrid,Senior,14,Bachelor,1
1073,Data Analyst,Medium,Finance,Germany,Onsite,Entry,11,Bachelor,0
1074,Business Analyst,MNC,Retail,Canada,Onsite,Mid,5,Bachelor,0
1075,Data Analyst,Enterprise,Healthcare,Australia,Hybrid,Mid,3,PhD,0
1076,Machine Learning Engineer,Medium,Technology,USA,Hybrid,Mid,6,Bachelor,1
1077,Business Analyst,MNC,Technology,UK,Onsite,Mid,14,PhD,0
1078,Data Engineer,MNC,Retail,India,Hybrid,Mid,14,Master,0
1079,AI Engineer,Medium,Education,India,Hybrid,Entry,10,PhD,1
1080,Business Analyst,Enterprise,Education,India,Onsite,Senior,9,Master,1
1081,AI Engineer,Medium,Technology,Canada,Onsite,Entry,7,Master,0
1082,Machine Learning Engineer,Medium,E-commerce,Singapore,Hybrid,Senior,12,Bachelor,0
1083,Business Analyst,MNC,E-commerce,UK,Remote,Entry,1,Bachelor,1
1084,Data Engineer,MNC,Education,India,Remote,Senior,12,Master,0
1085,Data Analyst,Startup,Retail,UK,Onsite,Entry,10,PhD,1
1086,AI Engineer,MNC,Retail,Germany,Onsite,Entry,5,Bachelor,0
1087,Data Scientist,Startup,Finance,Singapore,Onsite,Senior,4,Master,0
1088,Data Analyst,MNC,Retail,Singapore,Hybrid,Senior,11,PhD,0
1089,Data Analyst,Startup,E-commerce,Singapore,Onsite,Senior,6,PhD,1
1090,Machine Learning Engineer,Enterprise,Technology,India,Hybrid,Senior,2,Master,1
1091,Business Analyst,MNC,Finance,USA,Remote,Senior,5,Bachelor,0
1092,Machine Learning Engineer,Startup,Technology,Singapore,Hybrid,Entry,7,PhD,0
1093,Business Analyst,Enterprise,Finance,India,Remote,Mid,12,PhD,1
1094,Data Analyst,Startup,Education,Australia,Hybrid,Mid,0,PhD,1
1095,Machine Learning Engineer,MNC,Healthcare,UK,Hybrid,Senior,10,PhD,1
1096,AI Engineer,Enterprise,Finance,UK,Onsite,Mid,4,Bachelor,0
1097,AI Engineer,MNC,Retail,Singapore,Onsite,Senior,9,Master,0
1098,Data Engineer,Startup,Education,USA,Remote,Entry,7,Master,1
1099,Data Scientist,Medium,Education,UK,Remote,Mid,1,Master,0
1100,AI Engineer,Startup,Technology,Australia,Onsite,Senior,1,PhD,0
1101,Machine Learning Engineer,Enterprise,Technology,Canada,Remote,Entry,7,PhD,1
1102,Business Analyst,Enterprise,Education,USA,Onsite,Entry,13,Master,1
1103,Data Scientist,Enterprise,Retail,India,Remote,Senior,4,PhD,1
1104,Business Analyst,MNC,Retail,Germany,Remote,Entry,11,Master,1
1105,Data Engineer,MNC,Healthcare,Germany,Hybrid,Entry,5,PhD,0
1106,Business Analyst,Enterprise,Finance,UK,Onsite,Entry,12,Master,1
1107,AI Engineer,MNC,Technology,Germany,Hybrid,Mid,14,Bachelor,0
1108,Data Scientist,Startup,E-commerce,Singapore,Hybrid,Mid,9,PhD,1
1109,AI Engineer,Medium,E-commerce,Germany,Remote,Senior,13,PhD,0
1110,Machine Learning Engineer,Medium,E-commerce,Germany,Remote,Mid,12,Bachelor,0
1111,Machine Learning Engineer,Medium,Education,Canada,Remote,Entry,3,PhD,1
1112,Data Engineer,Startup,Healthcare,USA,Onsite,Senior,10,PhD,0
1113,AI Engineer,Enterprise,Technology,Canada,Onsite,Entry,9,Bachelor,1
1114,Data Engineer,MNC,Retail,Singapore,Remote,Entry,3,Master,1
1115,AI Engineer,Medium,Technology,Singapore,Hybrid,Entry,9,PhD,1
1116,Machine Learning Engineer,Startup,Finance,Canada,Hybrid,Senior,14,Bachelor,0
1117,Data Scientist,Enterprise,E-commerce,India,Onsite,Mid,3,Master,0
1118,Machine Learning Engineer,Enterprise,Finance,UK,Onsite,Senior,2,Master,1
1119,Machine Learning Engineer,Medium,Healthcare,Singapore,Onsite,Senior,2,Bachelor,1
1120,Business Analyst,Startup,Education,Singapore,Remote,Entry,1,PhD,1
1121,Data Analyst,Enterprise,Healthcare,UK,Remote,Senior,4,Bachelor,0
1122,Data Engineer,Startup,Retail,Australia,Onsite,Mid,14,Master,1
1123,Machine Learning Engineer,Enterprise,Education,Canada,Hybrid,Senior,0,Master,1
1124,Data Engineer,Startup,Education,Canada,Remote,Entry,11,Master,0
1125,Machine Learning Engineer,Enterprise,Healthcare,Germany,Remote,Mid,8,PhD,1
1126,Machine Learning Engineer,Startup,Finance,India,Onsite,Entry,14,Bachelor,1
1127,Data Engineer,Enterprise,Technology,Germany,Remote,Senior,12,PhD,1
1128,Machine Learning Engineer,Medium,Education,Singapore,Onsite,Entry,1,PhD,1
1129,Data Engineer,Medium,Technology,USA,Remote,Senior,11,Master,1
1130,Data Analyst,MNC,Retail,UK,Hybrid,Entry,0,PhD,0
1131,Machine Learning Engineer,MNC,Finance,India,Hybrid,Senior,11,Bachelor,1
1132,Machine Learning Engineer,Startup,E-commerce,Canada,Hybrid,Mid,11,Bachelor,0
1133,Data Analyst,Enterprise,Retail,India,Remote,Mid,1,PhD,0
1134,AI Engineer,Startup,Healthcare,Germany,Remote,Entry,13,Bachelor,0
1135,Data Scientist,MNC,Finance,Canada,Hybrid,Senior,6,Master,1
1136,Data Scientist,Startup,Healthcare,Australia,Onsite,Senior,1,Master,0
1137,Data Analyst,Startup,Healthcare,Germany,Onsite,Senior,10,Bachelor,0
1138,Machine Learning Engineer,Medium,Technology,Singapore,Hybrid,Entry,0,Bachelor,1
1139,AI Engineer,MNC,Education,Germany,Remote,Entry,0,Bachelor,1
1140,Data Analyst,Medium,Healthcare,India,Remote,Entry,11,Bachelor,1
1141,Business Analyst,MNC,Technology,UK,Hybrid,Senior,6,PhD,1
1142,Data Scientist,Startup,Technology,Germany,Remote,Mid,3,PhD,1
1143,Data Engineer,Enterprise,Education,Singapore,Onsite,Mid,1,Master,1
1144,Business Analyst,Startup,Education,India,Remote,Entry,0,Master,1
1145,Data Engineer,Startup,E-commerce,India,Onsite,Mid,7,Bachelor,1
1146,Machine Learning Engineer,Medium,E-commerce,USA,Onsite,Senior,1,Bachelor,0
1147,AI Engineer,Startup,Technology,UK,Remote,Entry,0,PhD,1
1148,Data Scientist,Startup,Technology,Germany,Remote,Mid,1,Master,0
1149,Business Analyst,MNC,E-commerce,UK,Onsite,Senior,10,Master,1
1150,Business Analyst,MNC,Education,Australia,Remote,Entry,11,PhD,0
1151,Machine Learning Engineer,Medium,E-commerce,Australia,Onsite,Entry,13,Bachelor,1
1152,Machine Learning Engineer,Enterprise,Finance,USA,Onsite,Entry,10,Master,1
1153,Business Analyst,Startup,Education,Germany,Onsite,Entry,12,PhD,1
1154,Data Analyst,Startup,Healthcare,UK,Hybrid,Entry,3,Master,0
1155,Data Scientist,MNC,Retail,Canada,Onsite,Entry,9,Bachelor,0
1156,Data Scientist,MNC,Healthcare,Australia,Remote,Entry,4,Bachelor,0
1157,Business Analyst,Startup,Technology,Singapore,Hybrid,Senior,8,Bachelor,0
1158,Machine Learning Engineer,Medium,Education,USA,Hybrid,Senior,4,PhD,0
1159,AI Engineer,Startup,Retail,Canada,Onsite,Entry,13,Master,0
1160,Business Analyst,Medium,Healthcare,Australia,Hybrid,Senior,14,Master,0
1161,Data Analyst,Medium,Retail,India,Onsite,Entry,7,Master,0
1162,Data Analyst,Medium,Healthcare,Singapore,Hybrid,Entry,10,PhD,0
1163,Machine Learning Engineer,Startup,Healthcare,UK,Onsite,Mid,3,Master,0
1164,Data Engineer,Medium,Healthcare,Australia,Remote,Senior,2,Master,0
1165,Data Scientist,Medium,Healthcare,Canada,Onsite,Mid,6,PhD,0
1166,Business Analyst,MNC,Education,India,Remote,Senior,6,Bachelor,1
1167,Machine Learning Engineer,Startup,Education,Canada,Remote,Mid,2,Master,0
1168,Data Scientist,MNC,Healthcare,Singapore,Remote,Mid,0,Master,1
1169,Business Analyst,Medium,Finance,Germany,Hybrid,Senior,13,PhD,0
1170,Data Engineer,Medium,Retail,Germany,Hybrid,Senior,4,Master,1
1171,Data Analyst,Startup,Education,India,Hybrid,Entry,1,Master,1
1172,Machine Learning Engineer,Medium,E-commerce,Canada,Remote,Senior,8,Bachelor,1
1173,Business Analyst,Enterprise,Education,UK,Remote,Senior,6,Master,0
1174,Data Analyst,Medium,Technology,Australia,Remote,Entry,4,Master,1
1175,Data Engineer,MNC,Finance,India,Onsite,Entry,9,PhD,0
1176,Business Analyst,Medium,E-commerce,USA,Onsite,Senior,12,Bachelor,0
1177,Data Engineer,Startup,Education,USA,Remote,Mid,14,Bachelor,0
1178,Business Analyst,MNC,Finance,Singapore,Onsite,Entry,1,Bachelor,0
1179,Data Analyst,MNC,Finance,India,Remote,Mid,9,Master,0
1180,Machine Learning Engineer,Startup,Education,UK,Remote,Senior,7,Bachelor,0
1181,Data Engineer,Startup,E-commerce,UK,Hybrid,Mid,12,Master,0
1182,AI Engineer,Startup,Education,USA,Onsite,Senior,2,Bachelor,1
1183,Data Engineer,MNC,Finance,Australia,Hybrid,Mid,3,Master,0
1184,AI Engineer,MNC,E-commerce,Germany,Remote,Entry,1,Master,0
1185,Business Analyst,Enterprise,Technology,Singapore,Onsite,Mid,0,Master,0
1186,Data Analyst,MNC,Technology,Australia,Onsite,Mid,8,Master,1
1187,Data Analyst,MNC,Healthcare,Singapore,Remote,Senior,2,Master,0
1188,AI Engineer,MNC,Finance,Germany,Remote,Entry,7,Master,1
1189,Business Analyst,Medium,E-commerce,Singapore,Onsite,Mid,7,Bachelor,0
1190,Data Engineer,Enterprise,Healthcare,Australia,Remote,Entry,0,PhD,1
1191,Data Scientist,Enterprise,Healthcare,Singapore,Onsite,Senior,8,Bachelor,1
1192,Data Scientist,MNC,Retail,Germany,Remote,Entry,1,Bachelor,0
1193,AI Engineer,Medium,Retail,Australia,Hybrid,Entry,13,Master,0
1194,Machine Learning Engineer,MNC,Finance,USA,Remote,Entry,7,PhD,0
1195,Machine Learning Engineer,Medium,Technology,UK,Hybrid,Entry,14,Bachelor,0
1196,AI Engineer,Startup,Finance,Germany,Remote,Mid,10,PhD,0
1197,Data Scientist,Startup,Education,India,Remote,Entry,6,PhD,0
1198,Data Analyst,Enterprise,E-commerce,Germany,Onsite,Senior,14,Master,1
1199,Machine Learning Engineer,Startup,E-commerce,USA,Remote,Entry,8,Bachelor,1
1200,Machine Learning Engineer,Medium,Retail,Singapore,Hybrid,Entry,9,Bachelor,0
1201,Machine Learning Engineer,MNC,Healthcare,Germany,Onsite,Entry,14,Bachelor,1
1202,Machine Learning Engineer,MNC,Education,Australia,Remote,Mid,3,PhD,1
1203,Data Analyst,MNC,Education,UK,Hybrid,Senior,9,Master,1
1204,Business Analyst,Enterprise,Healthcare,USA,Onsite,Mid,8,Bachelor,0
1205,Machine Learning Engineer,MNC,Technology,UK,Hybrid,Senior,2,Master,1
1206,Data Engineer,MNC,Technology,India,Remote,Entry,13,Bachelor,1
1207,Machine Learning Engineer,Medium,Education,Singapore,Onsite,Entry,12,Master,1
1208,Data Analyst,Medium,E-commerce,India,Remote,Senior,3,PhD,0
1209,Business Analyst,Medium,Technology,Singapore,Onsite,Mid,14,Bachelor,1
1210,Data Engineer,Startup,Technology,Canada,Remote,Entry,12,PhD,0
1211,Data Engineer,Medium,Healthcare,Canada,Remote,Entry,8,Bachelor,0
1212,Data Analyst,Enterprise,E-commerce,Germany,Onsite,Mid,9,Master,0
1213,Data Scientist,Enterprise,Retail,Germany,Hybrid,Mid,5,Master,0
1214,Business Analyst,Startup,Retail,Canada,Remote,Senior,9,PhD,0
1215,Business Analyst,MNC,Education,UK,Remote,Senior,7,Bachelor,0
1216,Data Engineer,MNC,Technology,USA,Onsite,Senior,3,Master,1
1217,Data Engineer,MNC,Retail,UK,Onsite,Mid,8,Master,1
1218,AI Engineer,MNC,Education,India,Remote,Senior,3,Master,1
1219,Data Analyst,MNC,Healthcare,UK,Remote,Senior,13,Bachelor,1
1220,Machine Learning Engineer,Medium,Healthcare,Germany,Remote,Mid,12,Bachelor,0
1221,Business Analyst,Startup,Technology,Singapore,Hybrid,Senior,8,PhD,0
1222,Business Analyst,MNC,Retail,Canada,Hybrid,Mid,10,Bachelor,0
1223,Business Analyst,MNC,Education,India,Onsite,Mid,7,Master,0
1224,Business Analyst,Medium,Finance,Germany,Hybrid,Senior,10,Master,1
1225,AI Engineer,Startup,Finance,India,Remote,Senior,12,Master,1
1226,Data Scientist,Medium,Education,India,Onsite,Mid,1,PhD,0
1227,Business Analyst,Medium,Education,USA,Onsite,Senior,0,Bachelor,1
1228,AI Engineer,MNC,Finance,USA,Onsite,Senior,2,Bachelor,1
1229,Machine Learning Engineer,Startup,Retail,India,Onsite,Mid,7,PhD,0
1230,Data Scientist,Medium,Healthcare,Australia,Hybrid,Senior,3,Master,0
1231,Business Analyst,Startup,Technology,USA,Remote,Mid,12,Master,1
1232,AI Engineer,MNC,Retail,Germany,Remote,Senior,14,Bachelor,1
1233,Data Engineer,Enterprise,E-commerce,India,Hybrid,Mid,4,Master,1
1234,AI Engineer,Startup,E-commerce,USA,Onsite,Entry,14,PhD,1
1235,Data Engineer,Startup,Finance,Canada,Onsite,Mid,12,Bachelor,0
1236,Data Engineer,Startup,Healthcare,Australia,Onsite,Senior,5,Bachelor,0
1237,Business Analyst,Startup,Retail,Germany,Onsite,Entry,14,Master,1
1238,Data Engineer,MNC,Technology,USA,Onsite,Mid,5,Master,1
1239,Business Analyst,Enterprise,Technology,Germany,Onsite,Senior,1,Master,0
1240,Data Analyst,MNC,Finance,Canada,Remote,Senior,14,Bachelor,1
1241,Data Analyst,Enterprise,Education,Singapore,Hybrid,Senior,10,PhD,1
1242,Business Analyst,Medium,Retail,UK,Remote,Entry,4,PhD,0
1243,AI Engineer,MNC,Retail,Singapore,Remote,Entry,14,Bachelor,1
1244,AI Engineer,Startup,Healthcare,USA,Hybrid,Senior,8,Master,0
1245,Machine Learning Engineer,Enterprise,Technology,Australia,Onsite,Mid,0,Master,1
1246,Machine Learning Engineer,MNC,Finance,Germany,Onsite,Entry,7,Bachelor,1
1247,Data Scientist,Medium,Healthcare,USA,Hybrid,Mid,10,PhD,1
1248,Data Engineer,Startup,Healthcare,Australia,Onsite,Mid,7,PhD,1
1249,AI Engineer,Medium,Retail,Germany,Hybrid,Senior,5,Bachelor,1
1250,Data Scientist,Medium,Technology,Singapore,Remote,Senior,1,Bachelor,1
1251,Data Analyst,Enterprise,Healthcare,Singapore,Remote,Mid,3,PhD,1
1252,Data Engineer,Medium,Education,Singapore,Onsite,Mid,6,Bachelor,0
1253,Data Scientist,Startup,Finance,Germany,Onsite,Entry,14,Master,1
1254,Data Engineer,Enterprise,Technology,India,Remote,Entry,3,PhD,1
1255,AI Engineer,Startup,Healthcare,UK,Hybrid,Entry,8,Master,0
1256,Data Engineer,Medium,Education,UK,Onsite,Entry,7,Master,0
1257,Data Scientist,Startup,Education,UK,Onsite,Mid,3,PhD,1
1258,Data Analyst,Medium,Retail,Germany,Hybrid,Mid,6,Master,0
1259,Data Scientist,Enterprise,E-commerce,Germany,Hybrid,Senior,3,Bachelor,0
1260,Data Scientist,Enterprise,Finance,India,Hybrid,Mid,4,Master,1
1261,Data Analyst,MNC,Technology,Singapore,Onsite,Senior,8,Bachelor,1
1262,Business Analyst,Medium,Education,UK,Onsite,Entry,0,Bachelor,1
1263,Machine Learning Engineer,Enterprise,Education,Germany,Onsite,Mid,9,PhD,1
1264,Data Engineer,Startup,Technology,Australia,Hybrid,Entry,11,PhD,0
1265,Data Analyst,Startup,Technology,India,Hybrid,Mid,14,Bachelor,0
1266,Business Analyst,Startup,Finance,Australia,Remote,Mid,13,PhD,1
1267,Data Analyst,Enterprise,Healthcare,UK,Hybrid,Senior,14,Bachelor,0
1268,Business Analyst,Medium,Healthcare,Australia,Hybrid,Mid,14,Bachelor,0
1269,Business Analyst,Startup,Education,Singapore,Hybrid,Senior,3,PhD,1
1270,Data Analyst,MNC,Technology,Canada,Remote,Senior,9,Master,1
1271,AI Engineer,Startup,Education,Singapore,Onsite,Mid,4,Bachelor,1
1272,Machine Learning Engineer,Medium,Retail,Canada,Onsite,Entry,13,Bachelor,0
1273,Data Engineer,Medium,Education,Australia,Remote,Entry,12,Master,0
1274,Data Engineer,Enterprise,Education,UK,Onsite,Entry,14,Master,1
1275,Data Analyst,Enterprise,E-commerce,USA,Onsite,Entry,3,Bachelor,1
1276,Data Analyst,Enterprise,Education,Canada,Hybrid,Senior,8,Bachelor,0
1277,Data Scientist,MNC,Technology,Canada,Hybrid,Mid,9,Master,0
1278,Machine Learning Engineer,Enterprise,Technology,Australia,Remote,Mid,1,Master,1
1279,Business Analyst,MNC,Healthcare,Germany,Onsite,Entry,12,Bachelor,0
1280,Data Engineer,Startup,Finance,Australia,Onsite,Senior,10,PhD,0
1281,AI Engineer,Startup,Education,UK,Onsite,Mid,3,Bachelor,0
1282,Machine Learning Engineer,Enterprise,Retail,India,Hybrid,Entry,12,Master,1
1283,Business Analyst,Medium,E-commerce,Singapore,Onsite,Entry,1,Master,1
1284,Business Analyst,MNC,Finance,Singapore,Onsite,Mid,9,Bachelor,0
1285,AI Engineer,MNC,Education,India,Remote,Senior,3,Master,0
1286,Machine Learning Engineer,Startup,Finance,Canada,Hybrid,Entry,8,Master,0
1287,Data Analyst,Startup,Retail,India,Hybrid,Senior,6,Bachelor,0
1288,Data Engineer,Startup,Healthcare,UK,Remote,Mid,8,Bachelor,1
1289,Machine Learning Engineer,Medium,Education,India,Remote,Senior,4,PhD,1
1290,Data Analyst,MNC,Healthcare,UK,Hybrid,Entry,11,Bachelor,1
1291,Business Analyst,Enterprise,E-commerce,India,Hybrid,Senior,1,Bachelor,0
1292,Data Analyst,Startup,Finance,India,Hybrid,Mid,5,Master,0
1293,Business Analyst,Medium,Healthcare,Singapore,Onsite,Senior,0,Master,1
1294,AI Engineer,MNC,Technology,Singapore,Remote,Mid,1,Bachelor,0
1295,Data Engineer,MNC,E-commerce,USA,Remote,Entry,4,Master,1
1296,Business Analyst,Enterprise,E-commerce,Germany,Remote,Mid,3,PhD,0
1297,Data Engineer,MNC,Finance,Singapore,Remote,Entry,5,Bachelor,1
1298,Data Analyst,Medium,Healthcare,Canada,Onsite,Entry,13,Master,1
1299,Business Analyst,MNC,Technology,Germany,Onsite,Senior,14,Bachelor,1
1300,Business Analyst,Medium,Retail,Singapore,Hybrid,Entry,7,PhD,0
1301,Data Engineer,Enterprise,E-commerce,Singapore,Remote,Senior,7,Master,0
1302,Data Analyst,Medium,Retail,India,Hybrid,Mid,0,PhD,1
1303,Data Engineer,Startup,Healthcare,Singapore,Remote,Entry,8,PhD,1
1304,Data Analyst,Medium,Finance,UK,Hybrid,Mid,1,Bachelor,1
1305,AI Engineer,Startup,Education,USA,Onsite,Senior,7,Master,0
1306,Data Engineer,MNC,Healthcare,Canada,Remote,Senior,9,PhD,1
1307,Machine Learning Engineer,Startup,Education,Canada,Remote,Mid,14,PhD,0
1308,Data Scientist,Startup,Education,India,Onsite,Entry,0,PhD,0
1309,Data Engineer,Startup,Retail,Singapore,Remote,Entry,11,PhD,1
1310,Machine Learning Engineer,MNC,Retail,Singapore,Onsite,Entry,6,Master,1
1311,AI Engineer,Enterprise,Technology,UK,Onsite,Mid,3,Master,1
1312,AI Engineer,Medium,Finance,USA,Onsite,Senior,5,PhD,1
1313,Data Engineer,Enterprise,Retail,Germany,Remote,Senior,2,Master,0
1314,Data Scientist,Enterprise,E-commerce,Singapore,Remote,Senior,1,Master,0
1315,AI Engineer,MNC,E-commerce,Germany,Remote,Entry,11,Bachelor,1
1316,Data Engineer,Medium,Technology,Singapore,Hybrid,Entry,5,PhD,0
1317,Machine Learning Engineer,Startup,E-commerce,UK,Remote,Entry,5,PhD,1
1318,Data Scientist,Medium,Technology,Canada,Hybrid,Entry,8,Bachelor,1
1319,Data Scientist,Medium,E-commerce,Germany,Hybrid,Mid,9,Master,0
1320,Data Engineer,Enterprise,Finance,UK,Hybrid,Entry,11,Master,1
1321,Machine Learning Engineer,Enterprise,Healthcare,Canada,Remote,Mid,9,PhD,1
1322,AI Engineer,Startup,Education,Singapore,Hybrid,Mid,1,Master,0
1323,AI Engineer,Enterprise,E-commerce,Germany,Remote,Senior,5,PhD,0
1324,Data Analyst,Medium,Technology,Australia,Remote,Entry,10,Bachelor,1
1325,Business Analyst,MNC,E-commerce,Australia,Remote,Mid,4,PhD,1
1326,Data Engineer,Enterprise,Education,UK,Remote,Mid,12,Master,1
1327,Business Analyst,Enterprise,E-commerce,Canada,Remote,Senior,9,PhD,1
1328,Machine Learning Engineer,MNC,Healthcare,UK,Hybrid,Entry,1,PhD,1
1329,Business Analyst,Startup,E-commerce,USA,Hybrid,Entry,7,Bachelor,1
1330,Business Analyst,Startup,Finance,Germany,Hybrid,Mid,11,PhD,0
1331,Data Scientist,Medium,Retail,UK,Hybrid,Mid,1,Master,1
1332,Data Analyst,Startup,E-commerce,UK,Remote,Mid,11,PhD,0
1333,Data Engineer,Medium,Healthcare,India,Onsite,Entry,5,Bachelor,0
1334,Machine Learning Engineer,MNC,Retail,India,Onsite,Mid,14,Bachelor,1
1335,Data Engineer,MNC,Finance,Germany,Remote,Entry,7,PhD,1
1336,AI Engineer,Startup,Finance,Australia,Remote,Entry,6,Master,1
1337,AI Engineer,Enterprise,Finance,India,Onsite,Senior,4,PhD,1
1338,Data Analyst,Medium,Finance,Canada,Onsite,Senior,0,Bachelor,1
1339,Business Analyst,MNC,Healthcare,UK,Onsite,Entry,4,Bachelor,1
1340,Data Engineer,Enterprise,Retail,Canada,Remote,Entry,9,PhD,0
1341,Business Analyst,Medium,Education,Germany,Remote,Mid,9,Bachelor,1
1342,Machine Learning Engineer,MNC,Finance,UK,Onsite,Senior,1,Master,0
1343,Business Analyst,MNC,Healthcare,UK,Hybrid,Entry,7,PhD,1
1344,Data Scientist,Enterprise,Finance,Canada,Hybrid,Entry,4,Master,0
1345,Machine Learning Engineer,Startup,Healthcare,Australia,Remote,Senior,11,Bachelor,1
1346,Machine Learning Engineer,Medium,Finance,Singapore,Hybrid,Senior,8,PhD,1
1347,Data Scientist,Startup,Education,Canada,Hybrid,Mid,6,Bachelor,1
1348,Business Analyst,Enterprise,E-commerce,USA,Hybrid,Entry,4,PhD,0
1349,AI Engineer,MNC,Finance,India,Onsite,Senior,10,Master,0
1350,Data Scientist,Enterprise,Healthcare,India,Hybrid,Senior,12,Bachelor,0
1351,Machine Learning Engineer,Enterprise,Finance,Singapore,Onsite,Senior,7,PhD,1
1352,AI Engineer,Startup,Retail,Germany,Remote,Mid,8,Master,1
1353,Data Scientist,Medium,Education,Singapore,Onsite,Entry,11,Bachelor,0
1354,Machine Learning Engineer,Enterprise,Finance,Singapore,Hybrid,Senior,14,PhD,1
1355,Data Analyst,Enterprise,Education,Germany,Hybrid,Entry,6,Master,1
1356,Data Scientist,Enterprise,Healthcare,Australia,Hybrid,Entry,5,Bachelor,0
1357,Machine Learning Engineer,Startup,Education,UK,Remote,Mid,14,PhD,1
1358,Business Analyst,MNC,E-commerce,USA,Remote,Senior,5,PhD,0
1359,Machine Learning Engineer,Medium,Technology,Canada,Onsite,Senior,10,Bachelor,1
1360,AI Engineer,Enterprise,Healthcare,Singapore,Remote,Mid,14,Bachelor,1
1361,Data Scientist,MNC,Retail,Australia,Hybrid,Mid,12,Master,0
1362,Machine Learning Engineer,Enterprise,Technology,Australia,Onsite,Senior,7,Bachelor,0
1363,Data Analyst,MNC,Education,Singapore,Remote,Mid,9,PhD,0
1364,Data Engineer,Startup,Education,UK,Remote,Mid,12,Master,0
1365,AI Engineer,MNC,Healthcare,USA,Remote,Senior,12,Bachelor,1
1366,Data Engineer,Medium,Education,Australia,Hybrid,Senior,3,Master,1
1367,Business Analyst,Enterprise,Healthcare,USA,Onsite,Senior,2,Bachelor,1
1368,Machine Learning Engineer,Enterprise,Retail,USA,Onsite,Entry,2,Master,0
1369,Business Analyst,MNC,E-commerce,Singapore,Onsite,Senior,2,Master,0
1370,Data Scientist,Enterprise,Technology,Germany,Onsite,Mid,13,Bachelor,1
1371,Business Analyst,MNC,Finance,UK,Onsite,Entry,9,Master,1
1372,Data Scientist,Medium,E-commerce,Canada,Onsite,Senior,11,Bachelor,1
1373,Business Analyst,Startup,Education,Singapore,Hybrid,Senior,8,Master,1
1374,Data Analyst,Startup,Finance,Canada,Onsite,Entry,2,PhD,1
1375,Data Engineer,Medium,Retail,Canada,Remote,Senior,4,PhD,1
1376,Business Analyst,Enterprise,Technology,Singapore,Hybrid,Entry,7,PhD,0
1377,Data Analyst,Enterprise,Healthcare,USA,Remote,Senior,7,PhD,1
1378,Data Analyst,Medium,Technology,USA,Onsite,Senior,10,PhD,0
1379,Business Analyst,MNC,Finance,USA,Onsite,Mid,14,PhD,1
1380,Data Scientist,Startup,E-commerce,India,Hybrid,Senior,14,Master,0
1381,Machine Learning Engineer,Startup,Education,UK,Hybrid,Entry,2,Bachelor,0
1382,Machine Learning Engineer,Enterprise,E-commerce,Canada,Onsite,Mid,6,Master,0
1383,Data Analyst,Medium,Technology,UK,Hybrid,Mid,12,Bachelor,1
1384,Data Engineer,Enterprise,Healthcare,UK,Hybrid,Entry,14,PhD,0
1385,Machine Learning Engineer,Enterprise,Education,Germany,Onsite,Senior,7,PhD,0
1386,Business Analyst,MNC,Healthcare,Singapore,Onsite,Mid,2,PhD,1
1387,Data Analyst,Medium,Retail,Singapore,Remote,Senior,3,Bachelor,1
1388,Data Engineer,Startup,Retail,Canada,Onsite,Mid,9,Master,1
1389,Data Scientist,Enterprise,E-commerce,Singapore,Hybrid,Entry,10,PhD,0
1390,AI Engineer,Enterprise,Technology,USA,Remote,Senior,3,Bachelor,1
1391,Data Engineer,MNC,Healthcare,UK,Remote,Senior,7,Master,0
1392,Business Analyst,Enterprise,Finance,Canada,Hybrid,Entry,2,Master,1
1393,Business Analyst,Enterprise,Education,Germany,Remote,Mid,6,Master,1
1394,Data Analyst,Medium,Retail,USA,Hybrid,Senior,3,Bachelor,0
1395,Data Analyst,Medium,Finance,Canada,Remote,Mid,6,PhD,0
1396,Machine Learning Engineer,Startup,Education,India,Remote,Senior,12,Master,1
1397,Data Engineer,Medium,Education,USA,Onsite,Senior,11,Master,1
1398,AI Engineer,MNC,E-commerce,USA,Hybrid,Mid,3,PhD,0
1399,Business Analyst,MNC,E-commerce,Australia,Hybrid,Mid,10,PhD,0
1400,Machine Learning Engineer,MNC,E-commerce,Singapore,Remote,Senior,8,PhD,0
1401,Data Analyst,Enterprise,Finance,USA,Onsite,Mid,13,Bachelor,1
1402,AI Engineer,Startup,Education,Australia,Remote,Senior,8,Master,0
1403,Data Analyst,Enterprise,E-commerce,Germany,Remote,Senior,13,Bachelor,0
1404,Business Analyst,Medium,Finance,Canada,Remote,Senior,6,Master,1
1405,AI Engineer,Medium,Retail,Australia,Onsite,Entry,12,Master,0
1406,Data Engineer,MNC,Finance,Canada,Hybrid,Senior,9,PhD,0
1407,Data Scientist,Medium,Finance,Australia,Remote,Mid,11,PhD,1
1408,Machine Learning Engineer,Startup,Education,Australia,Hybrid,Senior,1,PhD,0
1409,AI Engineer,Enterprise,E-commerce,India,Onsite,Senior,14,PhD,1
1410,Data Analyst,Startup,Technology,USA,Remote,Senior,10,Bachelor,0
1411,Machine Learning Engineer,Medium,Retail,India,Remote,Senior,9,PhD,1
1412,Business Analyst,Medium,Finance,Australia,Remote,Entry,7,PhD,0
1413,AI Engineer,MNC,E-commerce,Singapore,Onsite,Mid,10,Master,1
1414,Data Engineer,MNC,E-commerce,Canada,Onsite,Mid,13,Bachelor,0
1415,Business Analyst,Medium,Retail,Germany,Onsite,Senior,8,Master,0
1416,Data Scientist,MNC,Technology,Australia,Onsite,Senior,1,Master,1
1417,Business Analyst,Medium,Healthcare,Germany,Remote,Senior,9,PhD,0
1418,Data Analyst,Medium,Technology,Germany,Onsite,Mid,2,PhD,1
1419,Business Analyst,MNC,Healthcare,Australia,Hybrid,Mid,13,PhD,0
1420,Data Analyst,Medium,Technology,UK,Hybrid,Mid,12,PhD,0
1421,Machine Learning Engineer,MNC,E-commerce,Singapore,Remote,Mid,8,Master,0
1422,Data Engineer,Medium,E-commerce,India,Remote,Entry,1,Bachelor,0
1423,Machine Learning Engineer,Medium,Education,India,Remote,Entry,4,Bachelor,1
1424,Data Analyst,Enterprise,Retail,USA,Hybrid,Entry,14,PhD,1
1425,Data Engineer,Medium,Retail,Germany,Hybrid,Entry,6,PhD,0
1426,Business Analyst,Medium,Finance,India,Onsite,Senior,8,Master,1
1427,Business Analyst,Medium,Retail,UK,Remote,Entry,7,Bachelor,1
1428,Data Analyst,Startup,Finance,UK,Remote,Entry,3,PhD,0
1429,Machine Learning Engineer,Enterprise,Finance,Canada,Hybrid,Senior,10,Bachelor,1
1430,Data Engineer,Medium,Retail,UK,Onsite,Mid,6,Bachelor,1
1431,Data Scientist,MNC,Technology,Canada,Hybrid,Entry,3,Master,1
1432,Data Scientist,Medium,Healthcare,Canada,Onsite,Senior,3,PhD,0
1433,Data Scientist,MNC,Technology,Singapore,Remote,Mid,5,Bachelor,0
1434,Data Scientist,MNC,Education,UK,Hybrid,Entry,4,Bachelor,1
1435,Machine Learning Engineer,Medium,Retail,Germany,Hybrid,Entry,13,PhD,0
1436,AI Engineer,Enterprise,Finance,UK,Remote,Senior,13,Master,1
1437,Data Scientist,Enterprise,Healthcare,Singapore,Hybrid,Senior,3,PhD,0
1438,Data Analyst,Medium,Technology,India,Hybrid,Mid,12,Bachelor,1
1439,Machine Learning Engineer,MNC,Finance,Germany,Hybrid,Mid,3,Bachelor,1
1440,AI Engineer,Enterprise,Finance,Canada,Remote,Entry,12,Bachelor,1
1441,AI Engineer,Startup,E-commerce,Australia,Hybrid,Mid,13,Master,1
1442,Business Analyst,Enterprise,Education,India,Hybrid,Entry,2,Bachelor,1
1443,Data Scientist,Startup,E-commerce,Australia,Remote,Mid,12,PhD,1
1444,Business Analyst,Enterprise,Retail,Australia,Hybrid,Mid,11,Master,1
1445,Data Analyst,Startup,Finance,UK,Hybrid,Entry,6,Bachelor,0
1446,Business Analyst,Medium,Finance,Singapore,Hybrid,Senior,4,Master,1
1447,Data Analyst,Startup,Finance,USA,Remote,Senior,0,PhD,1
1448,Machine Learning Engineer,MNC,Technology,Australia,Remote,Entry,10,Master,0
1449,Business Analyst,Startup,Finance,UK,Onsite,Senior,11,Master,0
1450,Business Analyst,Enterprise,Finance,India,Hybrid,Mid,3,Master,1
1451,Data Scientist,Startup,E-commerce,UK,Onsite,Senior,6,Master,0
1452,Data Analyst,Medium,Retail,UK,Remote,Mid,2,Bachelor,1
1453,Data Analyst,Enterprise,Education,Singapore,Onsite,Entry,13,PhD,0
1454,Machine Learning Engineer,Startup,Education,UK,Onsite,Entry,11,Bachelor,1
1455,Data Scientist,Enterprise,Technology,Germany,Onsite,Entry,6,Master,1
1456,Data Scientist,Medium,Technology,Australia,Hybrid,Mid,2,Master,1
1457,Business Analyst,Startup,Retail,Germany,Remote,Senior,10,Master,0
1458,Business Analyst,Medium,Technology,Singapore,Remote,Mid,5,PhD,1
1459,Business Analyst,Startup,Healthcare,India,Remote,Entry,4,Master,0
1460,Data Analyst,Enterprise,Finance,Singapore,Remote,Mid,1,Master,1
1461,Data Engineer,Enterprise,Healthcare,India,Remote,Senior,13,Bachelor,0
1462,Machine Learning Engineer,Medium,E-commerce,Australia,Remote,Senior,0,Master,0
1463,Business Analyst,Startup,Education,Canada,Onsite,Mid,12,Master,1
1464,Data Analyst,Medium,Finance,Australia,Onsite,Entry,3,PhD,1
1465,Data Analyst,MNC,E-commerce,Singapore,Onsite,Entry,11,Bachelor,0
1466,Business Analyst,Medium,Finance,Singapore,Onsite,Senior,13,Bachelor,1
1467,Business Analyst,MNC,Education,Australia,Hybrid,Senior,14,PhD,0
1468,Data Analyst,Startup,Finance,Germany,Remote,Senior,0,PhD,0
1469,Machine Learning Engineer,MNC,E-commerce,Germany,Hybrid,Entry,8,PhD,0
1470,Data Analyst,Enterprise,Retail,UK,Onsite,Entry,7,PhD,1
1471,Business Analyst,Enterprise,Healthcare,Australia,Onsite,Entry,14,PhD,1
1472,AI Engineer,MNC,Retail,Australia,Remote,Senior,0,Bachelor,0
1473,Business Analyst,Medium,Technology,Germany,Remote,Mid,8,PhD,1
1474,Data Engineer,Enterprise,Retail,Australia,Hybrid,Entry,0,Master,1
1475,Business Analyst,Enterprise,Retail,UK,Remote,Mid,12,Master,1
1476,Business Analyst,Medium,Education,Germany,Remote,Senior,14,Master,0
1477,AI Engineer,Startup,Finance,USA,Remote,Entry,3,Bachelor,0
1478,Data Engineer,Enterprise,Healthcare,USA,Remote,Senior,0,Bachelor,1
1479,Data Scientist,MNC,Retail,India,Remote,Mid,5,PhD,0
1480,Data Scientist,Medium,Education,India,Hybrid,Entry,8,PhD,1
1481,AI Engineer,Enterprise,Healthcare,Australia,Remote,Senior,6,PhD,1
1482,Machine Learning Engineer,MNC,Education,Australia,Hybrid,Entry,6,PhD,1
1483,Data Engineer,Startup,Retail,Australia,Remote,Mid,5,PhD,0
1484,Data Scientist,Startup,Healthcare,UK,Remote,Mid,3,PhD,1
1485,Data Engineer,Enterprise,Finance,UK,Remote,Mid,4,Bachelor,0
1486,AI Engineer,Startup,Retail,Australia,Hybrid,Entry,2,Bachelor,1
1487,AI Engineer,Startup,Healthcare,Singapore,Onsite,Mid,5,PhD,0
1488,Data Analyst,Enterprise,Technology,Australia,Remote,Mid,1,Master,1
1489,Data Analyst,MNC,Technology,Germany,Hybrid,Mid,0,Bachelor,0
1490,AI Engineer,Enterprise,Finance,Australia,Hybrid,Mid,11,Master,1
1491,AI Engineer,Medium,Retail,India,Remote,Mid,0,Master,1
1492,AI Engineer,MNC,Technology,USA,Onsite,Senior,14,Bachelor,0
1493,Business Analyst,MNC,E-commerce,India,Hybrid,Mid,9,PhD,1
1494,Business Analyst,Startup,Technology,India,Remote,Mid,6,Bachelor,0
1495,Data Analyst,Enterprise,Finance,Canada,Remote,Senior,3,Bachelor,1
1496,Data Scientist,Medium,Retail,UK,Hybrid,Mid,0,Master,0
1497,Data Scientist,Enterprise,Finance,Germany,Onsite,Entry,11,Master,1
1498,AI Engineer,MNC,Retail,Canada,Hybrid,Mid,0,PhD,1
1499,AI Engineer,MNC,Finance,Germany,Remote,Senior,5,Master,1
1500,Data Engineer,Medium,Technology,Germany,Onsite,Senior,12,Bachelor,0
1501,Data Engineer,Enterprise,E-commerce,USA,Onsite,Senior,9,Bachelor,0
1502,Data Engineer,Medium,E-commerce,Singapore,Hybrid,Entry,11,Master,1
1503,Business Analyst,Enterprise,Retail,Canada,Hybrid,Entry,8,PhD,1
1504,Machine Learning Engineer,Startup,E-commerce,Australia,Onsite,Entry,1,Bachelor,1
1505,Business Analyst,Startup,Healthcare,UK,Onsite,Entry,1,Bachelor,1
1506,Business Analyst,MNC,Healthcare,India,Onsite,Entry,10,Bachelor,0
1507,Business Analyst,Medium,Healthcare,USA,Onsite,Senior,6,Bachelor,1
1508,Business Analyst,Enterprise,E-commerce,Germany,Remote,Senior,12,Master,0
1509,Data Analyst,Startup,E-commerce,Australia,Onsite,Mid,9,PhD,0
1510,Business Analyst,Startup,Retail,Singapore,Remote,Mid,2,Master,0
1511,Data Analyst,Medium,Education,UK,Remote,Entry,3,PhD,1
1512,Data Scientist,MNC,Technology,Germany,Onsite,Mid,0,Master,1
1513,Data Engineer,Startup,Finance,USA,Remote,Senior,7,PhD,0
1514,Data Analyst,Medium,Education,Singapore,Remote,Senior,7,PhD,1
1515,AI Engineer,MNC,Education,India,Onsite,Senior,10,Master,1
1516,Machine Learning Engineer,Enterprise,Education,India,Onsite,Entry,2,Master,1
1517,Business Analyst,MNC,Education,Germany,Remote,Entry,3,Master,1
1518,Data Analyst,Startup,Technology,USA,Onsite,Senior,7,Master,1
1519,Data Scientist,Medium,E-commerce,Australia,Remote,Mid,1,PhD,0
1520,Data Scientist,MNC,Retail,India,Onsite,Entry,3,Bachelor,0
1521,AI Engineer,MNC,Retail,UK,Hybrid,Senior,0,Master,1
1522,Data Engineer,Enterprise,Technology,Australia,Remote,Entry,6,Master,1
1523,AI Engineer,MNC,Education,Australia,Remote,Mid,9,Master,0
1524,Data Analyst,Startup,Healthcare,Singapore,Remote,Mid,8,PhD,1
1525,Business Analyst,MNC,E-commerce,USA,Hybrid,Entry,5,Master,1
1526,Data Scientist,Medium,Retail,Germany,Remote,Mid,14,Bachelor,1
1527,Data Scientist,Enterprise,Healthcare,UK,Hybrid,Entry,7,Master,1
1528,Business Analyst,Enterprise,Education,Canada,Remote,Mid,4,Bachelor,1
1529,AI Engineer,Medium,E-commerce,Canada,Onsite,Entry,8,PhD,0
1530,Business Analyst,Medium,Finance,India,Hybrid,Senior,7,Bachelor,0
1531,AI Engineer,Medium,Retail,USA,Hybrid,Senior,11,Master,1
1532,Machine Learning Engineer,Enterprise,E-commerce,India,Hybrid,Senior,5,Master,1
1533,Machine Learning Engineer,MNC,Finance,Canada,Remote,Entry,0,PhD,0
1534,Data Engineer,Startup,E-commerce,Canada,Onsite,Senior,7,Master,1
1535,Data Analyst,MNC,Healthcare,India,Hybrid,Mid,12,Master,1
1536,Machine Learning Engineer,MNC,Technology,Canada,Remote,Senior,11,Master,0
1537,Data Engineer,MNC,E-commerce,Canada,Onsite,Mid,14,Bachelor,0
1538,Data Analyst,MNC,Technology,India,Hybrid,Senior,8,Bachelor,0
1539,Data Analyst,MNC,Retail,Canada,Remote,Senior,5,Master,1
1540,Business Analyst,Medium,E-commerce,Singapore,Remote,Senior,10,Bachelor,0
1541,Machine Learning Engineer,MNC,Technology,USA,Hybrid,Entry,1,PhD,1
1542,Machine Learning Engineer,Enterprise,Retail,Australia,Hybrid,Mid,12,Master,1
1543,Data Engineer,Medium,Finance,Australia,Remote,Entry,0,PhD,0
1544,Business Analyst,Medium,E-commerce,Australia,Onsite,Entry,4,PhD,1
1545,Data Scientist,Startup,Retail,Germany,Remote,Senior,3,PhD,0
1546,Machine Learning Engineer,MNC,Education,USA,Onsite,Mid,9,Bachelor,0
1547,Business Analyst,Startup,Education,Singapore,Hybrid,Mid,8,Master,0
1548,Data Engineer,Medium,Technology,Germany,Remote,Mid,1,PhD,1
1549,Business Analyst,Startup,Retail,UK,Onsite,Senior,3,PhD,1
1550,Data Scientist,Enterprise,E-commerce,Canada,Remote,Senior,1,Master,1
1551,Machine Learning Engineer,Startup,Finance,USA,Hybrid,Senior,5,Master,0
1552,Data Analyst,MNC,E-commerce,UK,Onsite,Mid,10,Bachelor,0
1553,Business Analyst,Medium,E-commerce,Australia,Remote,Mid,14,Master,0
1554,Data Engineer,MNC,Retail,Singapore,Remote,Senior,7,Master,0
1555,AI Engineer,Medium,Retail,Germany,Remote,Entry,3,Master,0
1556,AI Engineer,MNC,Technology,Germany,Remote,Mid,12,Bachelor,1
1557,Business Analyst,Medium,Education,UK,Onsite,Senior,14,Master,0
1558,Business Analyst,MNC,Retail,India,Onsite,Mid,13,Master,0
1559,Data Engineer,Medium,E-commerce,India,Onsite,Senior,2,PhD,0
1560,AI Engineer,Enterprise,Healthcare,India,Onsite,Entry,1,PhD,0
1561,Data Scientist,Medium,Healthcare,Canada,Remote,Mid,6,PhD,1
1562,AI Engineer,Medium,Technology,Australia,Hybrid,Entry,4,Bachelor,0
1563,Business Analyst,Startup,Education,Canada,Onsite,Entry,2,Master,0
1564,Business Analyst,MNC,Healthcare,Singapore,Hybrid,Entry,9,PhD,1
1565,Machine Learning Engineer,Enterprise,Technology,Germany,Hybrid,Mid,6,Bachelor,0
1566,Business Analyst,Startup,Education,India,Hybrid,Senior,11,Master,0
1567,AI Engineer,Medium,Finance,Germany,Onsite,Mid,3,Master,1
1568,Business Analyst,MNC,Education,Australia,Hybrid,Senior,2,Bachelor,0
1569,Business Analyst,Medium,Finance,Germany,Hybrid,Senior,4,Bachelor,1
1570,AI Engineer,Enterprise,Finance,Singapore,Hybrid,Mid,13,PhD,1
1571,Business Analyst,Enterprise,Education,Australia,Hybrid,Mid,10,Bachelor,0
1572,Business Analyst,Enterprise,E-commerce,Australia,Hybrid,Entry,0,Master,1
1573,Machine Learning Engineer,Enterprise,E-commerce,Germany,Remote,Entry,0,Master,0
1574,AI Engineer,Enterprise,Finance,Germany,Remote,Senior,5,PhD,1
1575,AI Engineer,MNC,Education,UK,Remote,Mid,4,Master,1
1576,AI Engineer,Medium,Finance,UK,Remote,Mid,6,Bachelor,1
1577,Data Analyst,Startup,Healthcare,USA,Remote,Entry,5,PhD,1
1578,Data Analyst,Startup,Technology,Singapore,Hybrid,Mid,6,Bachelor,1
1579,Business Analyst,Enterprise,Finance,Germany,Hybrid,Mid,6,Master,1
1580,Machine Learning Engineer,Medium,Retail,India,Remote,Entry,1,PhD,1
1581,Data Scientist,Medium,E-commerce,India,Remote,Mid,0,PhD,0
1582,Data Engineer,Startup,Retail,India,Hybrid,Senior,8,PhD,1
1583,Business Analyst,Startup,Technology,Australia,Hybrid,Entry,9,PhD,1
1584,Machine Learning Engineer,Medium,Finance,Australia,Remote,Senior,9,Bachelor,1
1585,Data Analyst,MNC,Finance,Singapore,Onsite,Senior,8,Master,0
1586,Data Analyst,Startup,Retail,USA,Remote,Entry,14,Bachelor,1
1587,AI Engineer,Medium,E-commerce,Germany,Onsite,Mid,9,Master,0
1588,Data Analyst,Medium,Finance,India,Onsite,Senior,14,Bachelor,0
1589,AI Engineer,Startup,Retail,Canada,Hybrid,Mid,10,PhD,1
1590,Data Engineer,Medium,Education,India,Onsite,Senior,0,PhD,1
1591,Data Analyst,MNC,E-commerce,Germany,Hybrid,Mid,1,PhD,1
1592,Data Scientist,MNC,Finance,USA,Hybrid,Entry,4,PhD,0
1593,AI Engineer,Startup,Education,Canada,Remote,Senior,1,PhD,0
1594,Data Analyst,Enterprise,Education,Singapore,Onsite,Mid,0,Master,1
1595,Data Analyst,Startup,Education,Germany,Hybrid,Mid,10,PhD,1
1596,Data Scientist,Enterprise,Healthcare,Australia,Onsite,Senior,2,Master,0
1597,AI Engineer,Medium,Technology,Australia,Remote,Mid,6,Bachelor,0
1598,Machine Learning Engineer,Startup,E-commerce,Singapore,Onsite,Mid,10,Bachelor,1
1599,Data Analyst,Medium,Healthcare,Canada,Hybrid,Entry,9,Master,1
1600,Data Engineer,Enterprise,Education,Singapore,Onsite,Mid,5,Bachelor,0
1601,Data Engineer,Enterprise,Finance,Canada,Onsite,Entry,10,Bachelor,0
1602,Data Scientist,Startup,Healthcare,USA,Onsite,Senior,5,PhD,1
1603,Machine Learning Engineer,Enterprise,Education,USA,Remote,Entry,5,PhD,1
1604,Data Scientist,Enterprise,E-commerce,Canada,Onsite,Senior,11,PhD,0
1605,AI Engineer,MNC,Retail,Germany,Remote,Mid,13,Bachelor,0
1606,Data Scientist,Medium,Technology,Singapore,Hybrid,Senior,8,PhD,1
1607,AI Engineer,MNC,Technology,Canada,Remote,Entry,12,PhD,0
1608,Machine Learning Engineer,Startup,Technology,UK,Remote,Senior,10,PhD,0
1609,Machine Learning Engineer,Medium,Healthcare,Singapore,Onsite,Mid,0,PhD,1
1610,Data Scientist,MNC,Retail,Germany,Onsite,Mid,12,Bachelor,0
1611,AI Engineer,MNC,Retail,UK,Hybrid,Mid,7,Bachelor,1
1612,Data Analyst,Startup,Finance,Australia,Onsite,Entry,5,Master,1
1613,Machine Learning Engineer,MNC,Education,UK,Remote,Mid,6,PhD,1
1614,Machine Learning Engineer,Startup,Technology,Singapore,Remote,Entry,5,Master,1
1615,Business Analyst,MNC,E-commerce,Canada,Onsite,Mid,0,PhD,0
1616,Business Analyst,Enterprise,Technology,Singapore,Hybrid,Senior,10,Bachelor,1
1617,Data Engineer,Medium,Retail,UK,Onsite,Senior,6,Master,0
1618,Data Engineer,MNC,Education,Canada,Remote,Mid,8,PhD,1
1619,Machine Learning Engineer,Enterprise,Technology,UK,Onsite,Entry,11,Master,1
1620,Data Engineer,MNC,Finance,UK,Onsite,Senior,6,Bachelor,1
1621,Data Analyst,Startup,Technology,Germany,Onsite,Entry,9,Master,1
1622,Data Engineer,Medium,Finance,UK,Remote,Entry,11,Master,0
1623,Data Engineer,Enterprise,Technology,Canada,Hybrid,Mid,4,Bachelor,1
1624,Data Engineer,Startup,Education,Canada,Hybrid,Mid,7,Bachelor,1
1625,Data Analyst,Enterprise,Education,Germany,Remote,Entry,6,PhD,1
1626,AI Engineer,MNC,E-commerce,India,Onsite,Mid,6,Master,0
1627,Data Scientist,Medium,Finance,USA,Hybrid,Entry,6,Master,0
1628,Business Analyst,MNC,Education,India,Hybrid,Senior,7,Bachelor,0
1629,AI Engineer,Enterprise,Retail,India,Onsite,Senior,9,Bachelor,0
1630,Business Analyst,Enterprise,Finance,UK,Remote,Mid,13,PhD,1
1631,Data Engineer,Startup,Technology,Germany,Onsite,Senior,0,Master,0
1632,Business Analyst,Startup,Retail,Singapore,Remote,Entry,12,PhD,1
1633,Data Analyst,Medium,Retail,UK,Hybrid,Senior,1,PhD,1
1634,Data Analyst,MNC,Retail,Australia,Hybrid,Senior,8,Bachelor,1
1635,Data Analyst,Startup,Education,Germany,Hybrid,Mid,11,PhD,1
1636,Machine Learning Engineer,Enterprise,Technology,Canada,Hybrid,Senior,0,PhD,1
1637,AI Engineer,Enterprise,Retail,Canada,Hybrid,Senior,11,Master,1
1638,Data Engineer,MNC,Healthcare,Canada,Onsite,Senior,12,Bachelor,0
1639,Machine Learning Engineer,Startup,Education,Canada,Hybrid,Mid,6,Master,0
1640,Business Analyst,Startup,Technology,Germany,Hybrid,Senior,14,Master,1
1641,Machine Learning Engineer,Startup,Healthcare,USA,Hybrid,Senior,13,Bachelor,0
1642,Data Engineer,MNC,Technology,Singapore,Onsite,Mid,0,Master,0
1643,Business Analyst,Startup,Technology,Canada,Remote,Senior,7,Master,1
1644,Data Analyst,MNC,Education,UK,Remote,Mid,9,Bachelor,0
1645,Business Analyst,Startup,Finance,Australia,Hybrid,Entry,8,Master,1
1646,Data Scientist,Startup,Finance,India,Onsite,Mid,7,Bachelor,1
1647,Data Scientist,Startup,Education,Australia,Remote,Mid,3,PhD,0
1648,Data Analyst,MNC,E-commerce,Germany,Remote,Mid,9,Bachelor,0
1649,Business Analyst,MNC,Retail,Germany,Onsite,Entry,1,Master,0
1650,Data Scientist,Startup,E-commerce,Singapore,Onsite,Senior,2,Master,1
1651,Data Analyst,MNC,E-commerce,India,Hybrid,Senior,14,Master,0
1652,Machine Learning Engineer,Enterprise,Technology,Singapore,Onsite,Senior,14,PhD,0
1653,AI Engineer,Medium,Education,USA,Hybrid,Entry,4,Bachelor,1
1654,Data Analyst,Startup,Retail,USA,Remote,Mid,5,Master,1
1655,Data Engineer,Enterprise,Technology,Singapore,Hybrid,Senior,9,Bachelor,0
1656,Machine Learning Engineer,Medium,Retail,UK,Remote,Senior,10,PhD,1
1657,Data Analyst,Startup,Retail,India,Remote,Mid,2,Master,1
1658,Data Scientist,Medium,Healthcare,USA,Onsite,Senior,0,Bachelor,0
1659,Machine Learning Engineer,Startup,Healthcare,India,Remote,Mid,12,Bachelor,1
1660,AI Engineer,MNC,Healthcare,USA,Remote,Mid,0,PhD,1
1661,AI Engineer,Medium,Healthcare,UK,Onsite,Entry,14,Master,1
1662,Data Analyst,Enterprise,Healthcare,Canada,Onsite,Entry,0,PhD,0
1663,Data Analyst,Medium,Healthcare,India,Remote,Mid,13,Bachelor,0
1664,Business Analyst,MNC,Retail,USA,Hybrid,Senior,9,PhD,1
1665,Data Analyst,Startup,Healthcare,UK,Hybrid,Senior,14,Bachelor,1
1666,Data Scientist,Medium,Technology,UK,Onsite,Senior,9,Bachelor,1
1667,Data Scientist,Startup,Education,USA,Hybrid,Senior,3,Master,1
1668,Data Engineer,Medium,Healthcare,India,Hybrid,Entry,4,PhD,1
1669,Machine Learning Engineer,MNC,Technology,India,Remote,Mid,2,PhD,1
1670,Data Engineer,MNC,Technology,Singapore,Hybrid,Entry,6,Master,0
1671,Data Analyst,Enterprise,Retail,Canada,Onsite,Mid,7,Master,0
1672,AI Engineer,MNC,E-commerce,Germany,Onsite,Mid,14,Master,0
1673,Data Scientist,Medium,Technology,Canada,Hybrid,Entry,2,Bachelor,0
1674,Data Scientist,Startup,Education,India,Remote,Senior,4,Bachelor,1
1675,Data Analyst,MNC,E-commerce,India,Remote,Entry,4,Master,1
1676,Data Scientist,Startup,Education,Canada,Hybrid,Mid,5,PhD,1
1677,AI Engineer,Medium,Finance,UK,Remote,Senior,1,Master,0
1678,Data Analyst,MNC,Technology,Australia,Remote,Mid,1,PhD,0
1679,AI Engineer,MNC,Healthcare,Germany,Remote,Senior,2,Master,0
1680,Data Engineer,MNC,Technology,India,Hybrid,Mid,7,PhD,0
1681,Machine Learning Engineer,Enterprise,Healthcare,USA,Onsite,Mid,10,Master,0
1682,Machine Learning Engineer,MNC,Finance,Singapore,Hybrid,Senior,6,Master,0
1683,Machine Learning Engineer,Startup,E-commerce,USA,Remote,Entry,13,Master,1
1684,Data Analyst,Startup,Education,Singapore,Onsite,Mid,5,PhD,0
1685,Machine Learning Engineer,Startup,Education,Germany,Remote,Entry,14,Master,0
1686,Machine Learning Engineer,MNC,Education,USA,Remote,Entry,3,Master,1
1687,Data Scientist,Medium,Retail,UK,Hybrid,Entry,1,Bachelor,1
1688,AI Engineer,MNC,Finance,India,Hybrid,Entry,4,Bachelor,1
1689,Data Scientist,Medium,Education,Germany,Hybrid,Mid,13,Master,1
1690,Machine Learning Engineer,Startup,Technology,USA,Onsite,Entry,0,Bachelor,1
1691,Data Scientist,Enterprise,Finance,Canada,Remote,Mid,12,PhD,1
1692,Business Analyst,Enterprise,Healthcare,Singapore,Hybrid,Mid,12,PhD,1
1693,Data Analyst,MNC,Finance,USA,Hybrid,Entry,7,Master,0
1694,Machine Learning Engineer,MNC,Retail,Germany,Remote,Entry,3,Bachelor,0
1695,Machine Learning Engineer,Enterprise,Healthcare,USA,Remote,Senior,4,Master,0
1696,AI Engineer,Startup,Healthcare,USA,Remote,Senior,3,Bachelor,1
1697,Data Analyst,Startup,Finance,Canada,Hybrid,Mid,8,Master,1
1698,Data Scientist,Startup,E-commerce,India,Remote,Senior,12,PhD,1
1699,Machine Learning Engineer,Medium,Healthcare,Canada,Remote,Mid,10,PhD,1
1700,Business Analyst,Medium,E-commerce,USA,Remote,Entry,1,PhD,0
1701,Data Engineer,Startup,E-commerce,India,Hybrid,Entry,11,PhD,1
1702,Data Scientist,Startup,Healthcare,USA,Hybrid,Mid,3,Master,1
1703,Data Scientist,Startup,Healthcare,Singapore,Remote,Entry,8,Bachelor,0
1704,AI Engineer,MNC,Technology,Canada,Hybrid,Senior,1,PhD,1
1705,Machine Learning Engineer,Enterprise,Technology,Germany,Onsite,Entry,7,Bachelor,1
1706,Data Engineer,Enterprise,Finance,Canada,Onsite,Mid,3,Bachelor,1
1707,Data Engineer,Startup,Finance,Canada,Hybrid,Mid,6,PhD,0
1708,Business Analyst,Startup,Retail,India,Hybrid,Entry,1,Master,0
1709,Business Analyst,Enterprise,E-commerce,Germany,Remote,Entry,0,PhD,0
1710,AI Engineer,MNC,Technology,Australia,Remote,Mid,13,Master,1
1711,AI Engineer,MNC,Technology,Germany,Remote,Entry,5,Master,0
1712,Data Scientist,Enterprise,Technology,India,Remote,Entry,11,PhD,1
1713,Data Engineer,Enterprise,Education,UK,Remote,Entry,8,Bachelor,0
1714,Data Engineer,Startup,Retail,India,Remote,Entry,10,Bachelor,0
1715,AI Engineer,MNC,Retail,Germany,Remote,Entry,13,Master,0
1716,Business Analyst,Startup,Retail,India,Onsite,Mid,10,PhD,1
1717,Data Engineer,Medium,E-commerce,USA,Hybrid,Mid,11,Master,1
1718,AI Engineer,Medium,Technology,USA,Hybrid,Entry,2,Bachelor,0
1719,Data Scientist,Enterprise,Healthcare,Germany,Remote,Senior,11,PhD,1
1720,Data Engineer,Startup,E-commerce,Germany,Hybrid,Entry,13,Master,1
1721,Data Scientist,MNC,Finance,Singapore,Hybrid,Mid,9,PhD,0
1722,Machine Learning Engineer,Enterprise,Healthcare,UK,Onsite,Entry,2,PhD,1
1723,AI Engineer,Startup,Finance,India,Remote,Mid,11,Master,1
1724,Business Analyst,MNC,Education,Australia,Onsite,Senior,10,Bachelor,1
1725,AI Engineer,MNC,Healthcare,USA,Onsite,Mid,5,PhD,0
1726,Data Engineer,Medium,E-commerce,UK,Remote,Mid,5,Bachelor,1
1727,Business Analyst,MNC,E-commerce,Australia,Remote,Mid,3,PhD,1
1728,Data Scientist,Enterprise,Retail,USA,Onsite,Entry,1,PhD,0
1729,Data Analyst,Medium,Retail,USA,Remote,Senior,4,Master,0
1730,Data Analyst,Enterprise,Education,USA,Onsite,Entry,10,Bachelor,0
1731,AI Engineer,Startup,Finance,USA,Remote,Senior,1,Bachelor,0
1732,Data Scientist,MNC,Technology,Germany,Hybrid,Senior,8,Bachelor,1
1733,Data Scientist,Startup,Retail,USA,Hybrid,Mid,6,PhD,0
1734,Business Analyst,MNC,Finance,UK,Onsite,Senior,2,Bachelor,0
1735,Machine Learning Engineer,MNC,E-commerce,Singapore,Remote,Senior,11,Bachelor,0
1736,Data Engineer,MNC,Education,UK,Hybrid,Mid,12,PhD,0
1737,AI Engineer,Medium,Retail,Germany,Remote,Senior,10,Master,0
1738,Business Analyst,Medium,Education,Australia,Onsite,Senior,11,Master,1
1739,Data Engineer,Enterprise,Technology,Canada,Hybrid,Mid,7,Bachelor,1
1740,Data Engineer,MNC,Technology,Germany,Hybrid,Senior,4,Bachelor,1
1741,Data Engineer,Enterprise,E-commerce,Canada,Onsite,Mid,10,Bachelor,1
1742,Business Analyst,MNC,Education,Canada,Onsite,Senior,0,Bachelor,0
1743,Data Scientist,Enterprise,E-commerce,India,Onsite,Entry,0,Bachelor,1
1744,Data Analyst,MNC,Retail,USA,Onsite,Entry,4,Bachelor,1
1745,Business Analyst,Startup,E-commerce,USA,Onsite,Entry,10,Bachelor,1
1746,AI Engineer,MNC,Finance,UK,Onsite,Mid,12,Bachelor,0
1747,Data Analyst,Medium,Finance,Australia,Hybrid,Entry,11,Bachelor,1
1748,Machine Learning Engineer,Medium,Finance,Singapore,Onsite,Senior,0,Master,0
1749,Data Engineer,Enterprise,Healthcare,Australia,Hybrid,Entry,12,Bachelor,0
1750,Data Engineer,Enterprise,Education,Canada,Remote,Senior,7,Master,1
1751,Data Engineer,Startup,E-commerce,Canada,Hybrid,Senior,13,Bachelor,1
1752,Data Scientist,Startup,Technology,Australia,Hybrid,Mid,9,Master,1
1753,Data Scientist,Enterprise,Retail,Canada,Remote,Entry,11,PhD,1
1754,Data Engineer,Startup,Finance,Singapore,Remote,Senior,2,Master,1
1755,Data Analyst,Startup,Finance,Canada,Onsite,Entry,11,Bachelor,0
1756,Business Analyst,Enterprise,Finance,Australia,Hybrid,Senior,5,Bachelor,0
1757,Data Analyst,Startup,Healthcare,Canada,Onsite,Entry,11,PhD,0
1758,Data Scientist,MNC,Retail,Canada,Remote,Entry,11,Master,0
1759,Data Scientist,Medium,Healthcare,UK,Onsite,Senior,13,PhD,0
1760,Machine Learning Engineer,Medium,E-commerce,India,Remote,Senior,9,Bachelor,0
1761,Machine Learning Engineer,Enterprise,Healthcare,India,Remote,Senior,5,Bachelor,0
1762,Data Analyst,Medium,Healthcare,Singapore,Hybrid,Mid,5,Bachelor,0
1763,Business Analyst,Medium,Retail,Germany,Hybrid,Entry,4,Bachelor,0
1764,Data Scientist,MNC,Retail,UK,Remote,Mid,3,Master,0
1765,Machine Learning Engineer,Startup,Education,Germany,Onsite,Mid,1,PhD,0
1766,Data Scientist,Startup,Technology,UK,Hybrid,Entry,2,Master,0
1767,Machine Learning Engineer,MNC,Technology,USA,Remote,Entry,0,PhD,1
1768,Data Engineer,Startup,E-commerce,Singapore,Remote,Senior,10,Bachelor,1
1769,Data Analyst,MNC,Healthcare,UK,Remote,Senior,9,Bachelor,1
1770,Business Analyst,Enterprise,Technology,USA,Remote,Entry,12,Bachelor,0
1771,AI Engineer,Medium,Healthcare,Singapore,Remote,Senior,11,PhD,1
1772,Data Scientist,Medium,Education,UK,Hybrid,Mid,9,Bachelor,1
1773,Data Engineer,Medium,Finance,Canada,Remote,Mid,0,PhD,0
1774,Data Analyst,MNC,Technology,UK,Remote,Senior,14,PhD,1
1775,Data Scientist,Startup,Education,Canada,Hybrid,Mid,8,Master,0
1776,Business Analyst,Medium,Technology,Germany,Remote,Entry,1,Bachelor,1
1777,Data Scientist,Startup,Finance,Germany,Hybrid,Senior,7,Master,0
1778,Business Analyst,Startup,E-commerce,Germany,Remote,Mid,5,Master,1
1779,Data Analyst,Enterprise,Retail,Canada,Onsite,Mid,9,Master,1
1780,Business Analyst,Medium,Finance,Germany,Remote,Entry,8,Master,0
1781,Data Scientist,Medium,Retail,UK,Hybrid,Entry,6,PhD,0
1782,Machine Learning Engineer,Startup,E-commerce,Canada,Hybrid,Entry,1,Bachelor,0
1783,AI Engineer,Medium,Technology,Singapore,Onsite,Senior,3,Bachelor,0
1784,Data Engineer,Startup,Finance,Canada,Remote,Entry,14,Bachelor,1
1785,Business Analyst,Medium,Technology,Canada,Remote,Mid,0,Bachelor,0
1786,Business Analyst,Medium,Finance,UK,Hybrid,Senior,9,Bachelor,1
1787,AI Engineer,Enterprise,Retail,Australia,Hybrid,Senior,0,Master,1
1788,Data Engineer,Medium,E-commerce,Singapore,Hybrid,Senior,8,PhD,1
1789,Machine Learning Engineer,Startup,Retail,Germany,Remote,Senior,3,PhD,0
1790,Data Analyst,Startup,E-commerce,Australia,Hybrid,Entry,5,PhD,1
1791,Business Analyst,Enterprise,Healthcare,USA,Onsite,Entry,10,Master,1
1792,Business Analyst,Enterprise,Retail,Singapore,Remote,Entry,2,Master,1
1793,Business Analyst,MNC,Finance,Singapore,Onsite,Senior,0,PhD,1
1794,AI Engineer,Enterprise,Healthcare,Australia,Hybrid,Senior,13,Bachelor,0
1795,Data Engineer,Medium,Healthcare,Singapore,Onsite,Entry,14,Master,1
1796,Data Engineer,Enterprise,Education,India,Hybrid,Entry,7,Master,0
1797,Data Scientist,Enterprise,Education,Canada,Remote,Senior,2,Bachelor,0
1798,Data Analyst,Medium,Healthcare,Germany,Hybrid,Mid,10,Bachelor,0
1799,Data Analyst,Medium,E-commerce,USA,Hybrid,Senior,13,PhD,0
1800,Business Analyst,Startup,E-commerce,USA,Hybrid,Senior,6,PhD,0
1801,Data Analyst,Enterprise,Retail,Germany,Onsite,Entry,13,Master,0
1802,Data Scientist,Startup,Healthcare,Australia,Hybrid,Mid,0,Bachelor,1
1803,Data Engineer,Enterprise,Finance,UK,Hybrid,Mid,4,PhD,1
1804,Machine Learning Engineer,Startup,E-commerce,Singapore,Hybrid,Senior,13,Bachelor,0
1805,Data Engineer,Startup,Education,Germany,Onsite,Mid,3,Master,0
1806,Machine Learning Engineer,Medium,Technology,Singapore,Remote,Entry,2,Bachelor,0
1807,Data Scientist,Medium,Retail,Australia,Onsite,Entry,11,Master,1
1808,Business Analyst,Startup,Healthcare,Australia,Onsite,Entry,4,Master,0
1809,Data Engineer,MNC,E-commerce,Germany,Onsite,Mid,12,Bachelor,0
1810,Business Analyst,Enterprise,Finance,USA,Onsite,Senior,9,PhD,1
1811,Machine Learning Engineer,MNC,Retail,USA,Remote,Mid,3,Master,1
1812,Machine Learning Engineer,Enterprise,Education,India,Onsite,Mid,9,PhD,1
1813,Machine Learning Engineer,MNC,E-commerce,Canada,Onsite,Mid,5,PhD,0
1814,Data Scientist,MNC,Technology,UK,Hybrid,Senior,13,Bachelor,0
1815,Data Engineer,Enterprise,E-commerce,USA,Remote,Mid,0,Bachelor,0
1816,Business Analyst,Enterprise,E-commerce,UK,Remote,Entry,12,Master,0
1817,Data Scientist,Medium,Technology,USA,Onsite,Mid,2,Bachelor,0
1818,Data Scientist,MNC,Healthcare,Singapore,Onsite,Entry,7,PhD,1
1819,Business Analyst,Enterprise,Finance,UK,Hybrid,Mid,5,Master,1
1820,Machine Learning Engineer,MNC,Education,India,Remote,Mid,8,Master,1
1821,Data Scientist,Startup,Education,Germany,Onsite,Mid,11,PhD,0
1822,Machine Learning Engineer,Enterprise,Finance,Singapore,Onsite,Senior,5,Master,0
1823,Data Engineer,Startup,Retail,India,Onsite,Senior,12,Master,0
1824,Data Analyst,Startup,Education,Australia,Onsite,Entry,10,PhD,1
1825,Business Analyst,MNC,Technology,India,Onsite,Entry,14,PhD,1
1826,AI Engineer,Medium,Finance,Germany,Hybrid,Senior,3,Bachelor,0
1827,Business Analyst,Startup,Technology,Australia,Hybrid,Entry,6,PhD,1
1828,Business Analyst,MNC,Education,Australia,Onsite,Senior,12,Bachelor,1
1829,AI Engineer,Enterprise,Retail,UK,Remote,Senior,7,Master,1
1830,Machine Learning Engineer,Enterprise,E-commerce,Germany,Remote,Entry,14,Bachelor,1
1831,Business Analyst,Medium,E-commerce,Canada,Onsite,Mid,14,Bachelor,1
1832,Data Analyst,Startup,Finance,UK,Onsite,Mid,12,Bachelor,0
1833,Data Engineer,Startup,Healthcare,Australia,Hybrid,Senior,10,Bachelor,1
1834,AI Engineer,MNC,Healthcare,Germany,Onsite,Entry,2,Bachelor,0
1835,AI Engineer,MNC,E-commerce,India,Remote,Entry,7,Bachelor,1
1836,Business Analyst,Startup,Education,Germany,Remote,Entry,4,Master,1
1837,AI Engineer,Startup,E-commerce,USA,Onsite,Mid,10,PhD,1
1838,AI Engineer,MNC,Education,UK,Remote,Mid,3,Master,0
1839,Data Analyst,Medium,Healthcare,Germany,Remote,Entry,13,PhD,0
1840,Business Analyst,Medium,Healthcare,Australia,Onsite,Entry,10,Bachelor,0
1841,AI Engineer,MNC,Technology,UK,Onsite,Mid,11,Master,1
1842,Data Engineer,Medium,Technology,Singapore,Onsite,Senior,10,Bachelor,1
1843,Business Analyst,Medium,Education,Germany,Onsite,Mid,1,Master,0
1844,Machine Learning Engineer,Enterprise,Retail,Australia,Hybrid,Senior,7,PhD,0
1845,Business Analyst,MNC,Healthcare,USA,Remote,Mid,0,Master,1
1846,Business Analyst,Medium,Education,India,Onsite,Senior,6,Bachelor,0
1847,Data Analyst,Startup,Finance,Australia,Onsite,Senior,8,PhD,1
1848,Data Engineer,Enterprise,Technology,Australia,Remote,Senior,10,Bachelor,1
1849,Machine Learning Engineer,MNC,E-commerce,Australia,Onsite,Mid,14,Bachelor,0
1850,Machine Learning Engineer,Enterprise,Retail,UK,Remote,Mid,3,Master,0
1851,AI Engineer,Medium,Retail,Canada,Onsite,Senior,11,PhD,0
1852,Data Analyst,Enterprise,Technology,Canada,Remote,Mid,1,Bachelor,0
1853,AI Engineer,Startup,Healthcare,UK,Remote,Mid,1,PhD,0
1854,AI Engineer,MNC,E-commerce,Australia,Onsite,Senior,13,Bachelor,1
1855,AI Engineer,Enterprise,Technology,Canada,Remote,Entry,12,PhD,0
1856,Data Scientist,Startup,Retail,Australia,Remote,Senior,12,Bachelor,0
1857,AI Engineer,Medium,Retail,Germany,Remote,Senior,8,PhD,1
1858,Business Analyst,Enterprise,E-commerce,USA,Hybrid,Senior,3,PhD,1
1859,AI Engineer,MNC,Retail,Australia,Hybrid,Senior,8,Bachelor,1
1860,Data Scientist,Enterprise,Retail,India,Remote,Entry,4,Master,1
1861,AI Engineer,Enterprise,Technology,India,Remote,Senior,13,Bachelor,1
1862,Business Analyst,Medium,Education,Germany,Hybrid,Senior,7,Master,1
1863,Data Scientist,Startup,Healthcare,Canada,Onsite,Entry,14,Bachelor,0
1864,Data Engineer,Startup,Finance,India,Remote,Entry,14,Master,0
1865,AI Engineer,Enterprise,Healthcare,India,Remote,Senior,3,Bachelor,0
1866,Business Analyst,Medium,E-commerce,Singapore,Hybrid,Senior,6,PhD,0
1867,AI Engineer,Startup,Education,Canada,Onsite,Senior,3,PhD,0
1868,Data Engineer,MNC,Education,Australia,Onsite,Senior,3,Master,1
1869,Data Scientist,Enterprise,Technology,Singapore,Remote,Entry,9,PhD,1
1870,Business Analyst,Medium,Healthcare,Canada,Remote,Entry,2,Bachelor,1
1871,Business Analyst,Medium,Retail,Australia,Remote,Senior,3,Bachelor,1
1872,Data Scientist,MNC,Technology,India,Onsite,Entry,3,Bachelor,1
1873,AI Engineer,Medium,Retail,USA,Remote,Entry,14,PhD,0
1874,Business Analyst,Medium,E-commerce,Canada,Onsite,Entry,1,Master,1
1875,Data Analyst,MNC,Retail,India,Remote,Mid,9,PhD,0
1876,Business Analyst,MNC,Retail,Singapore,Hybrid,Mid,2,Master,0
1877,Data Analyst,Medium,E-commerce,USA,Remote,Senior,1,Bachelor,0
1878,Data Scientist,MNC,Healthcare,UK,Onsite,Senior,2,Bachelor,0
1879,Data Analyst,MNC,Healthcare,USA,Hybrid,Entry,1,Bachelor,1
1880,Data Analyst,Medium,Technology,Singapore,Hybrid,Mid,1,Bachelor,1
1881,Data Engineer,Enterprise,Healthcare,Singapore,Remote,Mid,10,Bachelor,0
1882,AI Engineer,Enterprise,Technology,Singapore,Remote,Entry,14,Bachelor,0
1883,Data Analyst,Medium,Retail,USA,Hybrid,Senior,4,PhD,0
1884,Machine Learning Engineer,Startup,Healthcare,Singapore,Onsite,Mid,11,Master,0
1885,Data Engineer,Startup,Technology,UK,Hybrid,Mid,10,PhD,1
1886,Machine Learning Engineer,Enterprise,Technology,India,Onsite,Senior,5,Master,1
1887,Data Engineer,MNC,Technology,Australia,Onsite,Mid,1,Master,1
1888,Data Engineer,Startup,Education,UK,Onsite,Mid,14,PhD,1
1889,Data Scientist,Startup,Finance,Australia,Remote,Mid,10,PhD,0
1890,Data Scientist,Startup,Retail,Canada,Onsite,Senior,7,PhD,0
1891,Business Analyst,Medium,Healthcare,Germany,Remote,Mid,3,Bachelor,1
1892,Data Analyst,MNC,E-commerce,Germany,Hybrid,Entry,11,PhD,0
1893,Machine Learning Engineer,Medium,Healthcare,USA,Onsite,Mid,12,Master,1
1894,AI Engineer,MNC,Healthcare,USA,Onsite,Mid,14,PhD,0
1895,Data Analyst,Medium,E-commerce,Germany,Remote,Mid,6,Bachelor,1
1896,AI Engineer,Medium,Education,Australia,Hybrid,Mid,5,PhD,1
1897,Data Engineer,Medium,Education,India,Remote,Mid,0,Bachelor,0
1898,AI Engineer,Enterprise,Retail,Singapore,Onsite,Entry,3,PhD,0
1899,Data Engineer,Medium,Education,UK,Hybrid,Mid,11,PhD,1
1900,AI Engineer,Enterprise,Technology,India,Onsite,Entry,3,Bachelor,0
1901,AI Engineer,Medium,Retail,Australia,Onsite,Entry,8,Master,0
1902,Data Scientist,Medium,E-commerce,UK,Remote,Senior,11,Bachelor,0
1903,Machine Learning Engineer,Enterprise,Healthcare,Canada,Remote,Senior,12,Bachelor,1
1904,AI Engineer,MNC,Education,UK,Hybrid,Entry,9,Bachelor,1
1905,Machine Learning Engineer,Startup,Healthcare,Singapore,Onsite,Senior,6,Master,1
1906,Data Analyst,Startup,Healthcare,UK,Remote,Entry,14,Master,1
1907,Data Analyst,Enterprise,Technology,USA,Hybrid,Entry,1,Master,0
1908,Business Analyst,Medium,E-commerce,Germany,Remote,Entry,0,Master,0
1909,Data Scientist,Startup,Technology,Singapore,Remote,Entry,12,Master,0
1910,Data Engineer,Medium,E-commerce,Australia,Remote,Senior,0,Bachelor,0
1911,Data Engineer,Enterprise,Finance,Australia,Onsite,Senior,13,Bachelor,0
1912,Data Analyst,Medium,E-commerce,USA,Remote,Senior,10,Bachelor,1
1913,Data Analyst,Enterprise,Education,USA,Remote,Senior,1,Bachelor,0
1914,Data Engineer,Startup,E-commerce,Canada,Onsite,Mid,0,Master,0
1915,Data Scientist,Enterprise,Healthcare,Germany,Onsite,Mid,4,Master,0
1916,Machine Learning Engineer,Enterprise,Education,USA,Hybrid,Senior,10,Master,1
1917,Data Scientist,MNC,Finance,Singapore,Remote,Mid,4,Bachelor,1
1918,Machine Learning Engineer,Medium,E-commerce,Germany,Onsite,Mid,7,PhD,0
1919,Business Analyst,MNC,Retail,India,Remote,Entry,10,Master,0
1920,Business Analyst,Medium,E-commerce,UK,Remote,Senior,0,PhD,0
1921,Machine Learning Engineer,Enterprise,Technology,Australia,Onsite,Senior,3,PhD,0
1922,Data Analyst,Enterprise,Finance,USA,Remote,Mid,10,Bachelor,0
1923,Data Engineer,Medium,Technology,Canada,Hybrid,Senior,9,PhD,0
1924,Machine Learning Engineer,Enterprise,E-commerce,UK,Remote,Senior,12,Master,0
1925,Business Analyst,Startup,Education,Germany,Onsite,Mid,11,Bachelor,1
1926,Business Analyst,Startup,Education,USA,Onsite,Senior,13,PhD,1
1927,Data Engineer,Startup,Retail,Singapore,Remote,Mid,2,PhD,1
1928,Business Analyst,MNC,Finance,Singapore,Onsite,Senior,1,Master,0
1929,Data Analyst,MNC,Education,Australia,Remote,Mid,10,Bachelor,0
1930,Data Analyst,Startup,Healthcare,Germany,Hybrid,Senior,5,Master,1
1931,Data Scientist,Enterprise,Healthcare,USA,Hybrid,Senior,8,Bachelor,0
1932,Data Analyst,Startup,Technology,Singapore,Remote,Mid,2,PhD,0
1933,AI Engineer,Medium,Education,Canada,Remote,Entry,10,Bachelor,1
1934,Machine Learning Engineer,Enterprise,Education,Germany,Remote,Entry,8,PhD,1
1935,Machine Learning Engineer,Medium,E-commerce,Canada,Onsite,Mid,6,PhD,1
1936,Data Engineer,Enterprise,Retail,Singapore,Hybrid,Entry,8,PhD,0
1937,Data Scientist,Medium,Technology,India,Hybrid,Mid,14,Bachelor,1
1938,Data Engineer,Medium,Technology,Canada,Onsite,Senior,7,PhD,1
1939,AI Engineer,Startup,E-commerce,Singapore,Onsite,Entry,7,PhD,1
1940,Data Scientist,Startup,Finance,Australia,Remote,Entry,6,PhD,0
1941,Data Analyst,MNC,Education,India,Hybrid,Senior,9,PhD,0
1942,AI Engineer,Enterprise,Technology,UK,Hybrid,Entry,1,PhD,1
1943,AI Engineer,Enterprise,Healthcare,Canada,Hybrid,Entry,12,PhD,0
1944,Data Analyst,Enterprise,Retail,India,Hybrid,Senior,1,PhD,1
1945,Data Scientist,Medium,E-commerce,USA,Remote,Entry,6,Bachelor,0
1946,Machine Learning Engineer,Medium,Healthcare,India,Remote,Senior,13,PhD,0
1947,Data Scientist,Startup,Retail,Germany,Onsite,Senior,10,PhD,0
1948,Machine Learning Engineer,Enterprise,Education,India,Onsite,Entry,2,Bachelor,1
1949,Data Engineer,Enterprise,Finance,Germany,Remote,Senior,6,Bachelor,1
1950,AI Engineer,Enterprise,Technology,USA,Hybrid,Mid,6,Master,1
1951,Data Scientist,Startup,Technology,Germany,Hybrid,Senior,3,Bachelor,1
1952,Data Engineer,MNC,Healthcare,India,Hybrid,Entry,14,PhD,0
1953,Data Engineer,Enterprise,Technology,Singapore,Onsite,Entry,13,Master,1
1954,Data Engineer,Startup,E-commerce,India,Remote,Mid,0,PhD,0
1955,AI Engineer,Startup,Technology,Germany,Remote,Senior,7,PhD,1
1956,AI Engineer,Medium,Retail,Singapore,Remote,Mid,3,Bachelor,1
1957,Data Scientist,MNC,Technology,India,Hybrid,Entry,6,PhD,1
1958,Data Scientist,Enterprise,Education,Singapore,Remote,Mid,5,Master,1
1959,Data Analyst,Enterprise,Retail,Singapore,Hybrid,Entry,1,PhD,0
1960,AI Engineer,Medium,Finance,Singapore,Onsite,Senior,1,PhD,0
1961,Business Analyst,Medium,Finance,Australia,Remote,Mid,8,Master,0
1962,Business Analyst,Medium,Finance,UK,Onsite,Senior,13,Master,1
1963,AI Engineer,MNC,Healthcare,Canada,Hybrid,Mid,12,PhD,0
1964,AI Engineer,MNC,Retail,Germany,Hybrid,Entry,9,PhD,0
1965,Data Analyst,Medium,Technology,Australia,Hybrid,Senior,4,PhD,1
1966,Machine Learning Engineer,MNC,E-commerce,Australia,Remote,Mid,6,PhD,1
1967,Data Analyst,MNC,Education,Australia,Hybrid,Senior,4,PhD,1
1968,Data Scientist,Startup,Education,India,Onsite,Entry,4,Bachelor,0
1969,Machine Learning Engineer,MNC,Technology,Canada,Hybrid,Senior,12,PhD,0
1970,Data Scientist,MNC,Education,Australia,Onsite,Mid,7,Bachelor,1
1971,Business Analyst,Startup,Retail,Germany,Remote,Mid,5,Master,0
1972,Business Analyst,Startup,Healthcare,Australia,Remote,Entry,5,Bachelor,1
1973,Data Analyst,Enterprise,Healthcare,UK,Hybrid,Entry,1,PhD,1
1974,AI Engineer,Medium,Technology,Germany,Remote,Mid,6,Master,1
1975,Data Scientist,Startup,Education,Germany,Hybrid,Entry,1,Bachelor,0
1976,Business Analyst,Medium,Technology,USA,Hybrid,Entry,13,Bachelor,0
1977,Data Analyst,Enterprise,Retail,Germany,Onsite,Mid,8,PhD,0
1978,AI Engineer,Medium,Education,Canada,Onsite,Entry,3,Master,1
1979,Data Engineer,MNC,E-commerce,UK,Remote,Senior,0,Master,0
1980,Data Engineer,Medium,Finance,India,Onsite,Mid,1,Master,0
1981,Data Engineer,Enterprise,Healthcare,Singapore,Hybrid,Senior,11,PhD,0
1982,Data Engineer,Enterprise,Technology,Canada,Onsite,Entry,8,PhD,1
1983,Data Scientist,Enterprise,Education,UK,Onsite,Mid,0,Bachelor,0
1984,AI Engineer,Medium,Healthcare,USA,Remote,Entry,10,PhD,0
1985,Business Analyst,MNC,Healthcare,USA,Hybrid,Senior,2,PhD,1
1986,Data Engineer,Medium,Education,India,Onsite,Mid,11,Bachelor,0
1987,Data Analyst,Medium,Finance,Germany,Hybrid,Mid,12,Bachelor,0
1988,Data Analyst,Startup,Retail,India,Onsite,Entry,11,Bachelor,1
1989,Business Analyst,Startup,Education,USA,Hybrid,Senior,14,Master,0
1990,Machine Learning Engineer,Startup,Retail,Australia,Remote,Mid,14,Bachelor,1
1991,Data Engineer,MNC,Finance,UK,Hybrid,Entry,6,PhD,0
1992,Data Engineer,Startup,Technology,India,Onsite,Senior,9,Bachelor,0
1993,Data Scientist,MNC,Technology,India,Onsite,Senior,11,Bachelor,0
1994,AI Engineer,MNC,Education,Germany,Onsite,Entry,3,Master,0
1995,Data Analyst,Medium,E-commerce,Australia,Hybrid,Mid,12,Bachelor,1
1996,Business Analyst,Medium,E-commerce,Australia,Onsite,Senior,6,Bachelor,0
1997,Business Analyst,Enterprise,Education,Germany,Hybrid,Mid,12,Master,0
1998,Data Analyst,MNC,Education,Germany,Hybrid,Entry,14,Bachelor,0
1999,Data Analyst,Startup,Education,Singapore,Remote,Senior,12,Master,0
2000,Data Scientist,Startup,Healthcare,Germany,Onsite,Mid,0,PhD,0
2001,AI Engineer,Medium,Retail,India,Hybrid,Entry,0,PhD,1
2002,AI Engineer,MNC,Healthcare,Canada,Remote,Entry,14,PhD,0
2003,Business Analyst,Startup,E-commerce,Canada,Remote,Senior,11,PhD,0
2004,AI Engineer,Medium,Healthcare,UK,Remote,Mid,10,PhD,0
2005,Data Scientist,MNC,Technology,USA,Hybrid,Entry,10,Master,1
2006,Business Analyst,MNC,Healthcare,Germany,Remote,Senior,11,Master,0
2007,Data Scientist,MNC,Retail,USA,Hybrid,Senior,2,PhD,0
2008,Data Scientist,Medium,Healthcare,Germany,Onsite,Entry,3,Bachelor,1
2009,AI Engineer,Enterprise,Technology,USA,Onsite,Senior,1,Bachelor,0
2010,AI Engineer,Medium,Technology,India,Remote,Mid,3,Master,0
2011,Data Scientist,Enterprise,E-commerce,Germany,Hybrid,Senior,7,Bachelor,1
2012,Data Engineer,Medium,Education,USA,Onsite,Mid,3,Bachelor,0
2013,Data Scientist,Startup,Education,Singapore,Hybrid,Mid,12,PhD,0
2014,Machine Learning Engineer,Medium,Finance,Australia,Hybrid,Senior,10,PhD,1
2015,Business Analyst,Medium,Retail,Germany,Hybrid,Entry,3,Master,1
2016,Data Scientist,Enterprise,Technology,Australia,Remote,Entry,13,Bachelor,1
2017,Business Analyst,Enterprise,E-commerce,Australia,Onsite,Mid,13,PhD,1
2018,Data Scientist,Medium,Finance,Germany,Hybrid,Entry,7,PhD,1
2019,AI Engineer,Enterprise,Technology,Canada,Hybrid,Senior,0,PhD,1
2020,AI Engineer,Enterprise,Retail,USA,Onsite,Entry,13,Master,1
2021,Business Analyst,Startup,E-commerce,USA,Remote,Senior,14,Bachelor,0
2022,Machine Learning Engineer,Startup,Finance,India,Hybrid,Mid,5,Bachelor,1
2023,AI Engineer,Enterprise,E-commerce,Singapore,Onsite,Mid,6,Master,1
2024,Business Analyst,MNC,E-commerce,Canada,Onsite,Mid,1,Bachelor,1
2025,Data Scientist,Startup,Education,Germany,Hybrid,Entry,2,Bachelor,0
2026,Business Analyst,Medium,Technology,Canada,Onsite,Senior,14,Bachelor,1
2027,Machine Learning Engineer,Enterprise,Finance,Singapore,Onsite,Mid,7,Master,0
2028,Data Scientist,Enterprise,Education,Singapore,Onsite,Senior,12,Master,1
2029,Machine Learning Engineer,Startup,E-commerce,Germany,Hybrid,Entry,5,Bachelor,1
2030,Business Analyst,MNC,Technology,Australia,Hybrid,Entry,12,Bachelor,0
2031,Data Scientist,Medium,Retail,UK,Remote,Entry,11,PhD,1
2032,Data Engineer,MNC,Retail,UK,Remote,Senior,10,PhD,1
2033,Machine Learning Engineer,Enterprise,Healthcare,Germany,Remote,Entry,11,PhD,1
2034,Machine Learning Engineer,Startup,Finance,Germany,Remote,Entry,4,PhD,1
2035,Data Analyst,MNC,Healthcare,UK,Remote,Mid,10,Master,1
2036,Data Analyst,Medium,Technology,Singapore,Remote,Senior,1,PhD,1
2037,Data Analyst,Startup,Finance,India,Hybrid,Senior,8,Bachelor,1
2038,Business Analyst,MNC,Finance,UK,Onsite,Mid,7,Master,0
2039,Data Scientist,Enterprise,E-commerce,Canada,Hybrid,Mid,8,Master,1
2040,Business Analyst,Medium,Technology,Australia,Hybrid,Entry,3,Master,0
2041,Data Analyst,Startup,Healthcare,Canada,Onsite,Senior,8,Bachelor,0
2042,Data Analyst,Enterprise,Technology,UK,Onsite,Mid,10,Bachelor,0
2043,Data Scientist,Enterprise,Finance,Germany,Onsite,Senior,13,Master,1
2044,Data Analyst,Medium,Retail,Germany,Onsite,Mid,14,Master,1
2045,Data Scientist,Startup,Education,Australia,Remote,Entry,9,Bachelor,1
2046,Machine Learning Engineer,Medium,E-commerce,UK,Hybrid,Mid,1,PhD,0
2047,Machine Learning Engineer,Enterprise,E-commerce,UK,Hybrid,Mid,11,Bachelor,1
2048,Machine Learning Engineer,Enterprise,Finance,UK,Remote,Mid,12,Bachelor,1
2049,Data Scientist,Enterprise,Retail,Germany,Remote,Senior,12,PhD,1
2050,AI Engineer,Startup,E-commerce,Canada,Hybrid,Mid,10,Master,0
2051,Business Analyst,MNC,Healthcare,USA,Onsite,Senior,13,Bachelor,0
2052,Data Engineer,Enterprise,Finance,UK,Onsite,Entry,13,Master,1
2053,Business Analyst,MNC,Finance,Australia,Onsite,Mid,1,PhD,1
2054,Data Engineer,Startup,Education,Germany,Onsite,Mid,4,Master,1
2055,Data Scientist,Enterprise,E-commerce,Canada,Onsite,Mid,12,Bachelor,1
2056,Data Analyst,Startup,Education,Singapore,Hybrid,Entry,3,Bachelor,1
2057,AI Engineer,Medium,E-commerce,Canada,Remote,Senior,4,PhD,0
2058,AI Engineer,Enterprise,Education,India,Remote,Mid,3,Master,1
2059,AI Engineer,Enterprise,Education,USA,Onsite,Mid,4,PhD,1
2060,Data Engineer,Enterprise,Technology,Australia,Onsite,Entry,12,Bachelor,1
2061,Business Analyst,Medium,Education,Canada,Remote,Senior,8,PhD,0
2062,Data Engineer,Startup,Healthcare,USA,Onsite,Entry,4,Bachelor,0
2063,Data Analyst,MNC,Finance,USA,Hybrid,Mid,3,Bachelor,1
2064,Data Engineer,Startup,E-commerce,USA,Remote,Senior,9,Master,0
2065,Data Analyst,Medium,Healthcare,Australia,Onsite,Senior,6,PhD,0
2066,Data Scientist,Startup,Education,Australia,Onsite,Mid,1,Bachelor,0
2067,Data Engineer,Startup,Technology,Canada,Hybrid,Senior,0,PhD,0
2068,Data Engineer,Startup,E-commerce,Canada,Hybrid,Entry,10,Bachelor,1
2069,Machine Learning Engineer,Enterprise,Education,Canada,Onsite,Mid,9,Master,1
2070,Data Engineer,Startup,Technology,India,Remote,Entry,13,PhD,1
2071,Data Analyst,Startup,Education,India,Remote,Entry,8,PhD,0
2072,Machine Learning Engineer,Startup,Technology,USA,Hybrid,Senior,5,PhD,0
2073,Business Analyst,Enterprise,Finance,UK,Onsite,Entry,4,Bachelor,1
2074,AI Engineer,Enterprise,Healthcare,India,Onsite,Mid,0,PhD,0
2075,Business Analyst,Startup,Healthcare,Canada,Onsite,Senior,0,PhD,0
2076,Data Scientist,Enterprise,Education,India,Onsite,Entry,0,PhD,0
2077,AI Engineer,MNC,E-commerce,Singapore,Remote,Senior,0,PhD,1
2078,Data Scientist,Enterprise,E-commerce,Singapore,Hybrid,Entry,14,Master,1
2079,Business Analyst,MNC,Finance,USA,Hybrid,Entry,1,Master,1
2080,AI Engineer,Enterprise,Technology,Germany,Remote,Mid,0,Master,1
2081,Machine Learning Engineer,Enterprise,Healthcare,UK,Onsite,Mid,4,Bachelor,1
2082,Business Analyst,Startup,Finance,India,Remote,Entry,12,Bachelor,0
2083,Data Analyst,Startup,Education,India,Remote,Entry,13,Bachelor,0
2084,Data Analyst,Medium,Finance,Germany,Remote,Mid,2,Bachelor,1
2085,Business Analyst,Startup,Education,Canada,Hybrid,Entry,13,PhD,1
2086,AI Engineer,Medium,Education,India,Onsite,Entry,6,PhD,1
2087,Machine Learning Engineer,Startup,Finance,Germany,Hybrid,Mid,0,Bachelor,0
2088,Business Analyst,MNC,Education,Australia,Hybrid,Entry,8,Bachelor,1
2089,Data Scientist,Medium,Technology,Germany,Remote,Senior,9,PhD,0
2090,Data Analyst,Medium,E-commerce,Germany,Remote,Entry,7,Bachelor,0
2091,Business Analyst,Enterprise,Retail,Germany,Remote,Senior,8,Bachelor,1
2092,Business Analyst,Startup,E-commerce,Germany,Remote,Mid,13,Master,0
2093,Business Analyst,Enterprise,Technology,Australia,Remote,Mid,14,Master,0
2094,AI Engineer,Medium,Education,India,Onsite,Senior,8,Bachelor,1
2095,Business Analyst,Startup,Retail,India,Remote,Entry,4,Bachelor,1
2096,AI Engineer,Medium,Finance,Australia,Remote,Senior,11,Bachelor,1
2097,AI Engineer,Startup,Education,USA,Onsite,Entry,3,Master,1
2098,Data Analyst,Medium,Education,Singapore,Hybrid,Entry,3,PhD,0
2099,Machine Learning Engineer,Medium,E-commerce,USA,Onsite,Senior,14,Bachelor,0
2100,Machine Learning Engineer,MNC,Retail,Singapore,Remote,Senior,11,Master,1
2101,AI Engineer,Medium,Healthcare,Germany,Hybrid,Entry,13,Master,1
2102,Data Scientist,MNC,Finance,Germany,Remote,Mid,5,PhD,1
2103,AI Engineer,Enterprise,Technology,UK,Remote,Mid,12,Bachelor,1
2104,AI Engineer,Medium,E-commerce,Germany,Hybrid,Entry,3,PhD,1
2105,Business Analyst,Startup,Retail,Germany,Hybrid,Mid,12,Bachelor,0
2106,Data Analyst,Medium,E-commerce,Germany,Hybrid,Entry,12,PhD,0
2107,Data Scientist,Medium,Retail,Germany,Onsite,Senior,10,PhD,0
2108,Data Scientist,MNC,Technology,Singapore,Remote,Entry,11,Master,1
2109,Machine Learning Engineer,Enterprise,Retail,India,Onsite,Mid,10,Bachelor,1
2110,Data Scientist,Enterprise,Finance,Germany,Hybrid,Entry,3,Bachelor,0
2111,Data Analyst,Enterprise,Healthcare,India,Hybrid,Senior,6,PhD,0
2112,Business Analyst,Startup,E-commerce,UK,Remote,Mid,14,Bachelor,1
2113,Data Engineer,MNC,Finance,USA,Remote,Senior,0,Master,1
2114,Business Analyst,Startup,Education,India,Hybrid,Senior,6,Master,0
2115,Machine Learning Engineer,Startup,Finance,UK,Onsite,Entry,2,Master,1
2116,AI Engineer,Enterprise,Education,Singapore,Onsite,Mid,10,Bachelor,0
2117,Machine Learning Engineer,MNC,Retail,Singapore,Onsite,Senior,11,Master,1
2118,Data Scientist,MNC,Retail,India,Remote,Senior,2,PhD,1
2119,Business Analyst,MNC,Finance,Canada,Hybrid,Mid,0,Master,0
2120,Data Engineer,Enterprise,Retail,Australia,Hybrid,Entry,5,PhD,1
2121,Data Scientist,Medium,Finance,Australia,Hybrid,Senior,14,Bachelor,0
2122,Machine Learning Engineer,Startup,Finance,Germany,Hybrid,Senior,0,Master,0
2123,AI Engineer,Medium,Finance,Canada,Remote,Mid,11,Master,0
2124,Business Analyst,MNC,Retail,Australia,Onsite,Entry,13,Master,0
2125,Data Scientist,Medium,Technology,Singapore,Onsite,Mid,13,Bachelor,1
2126,Business Analyst,MNC,Healthcare,USA,Hybrid,Entry,14,Master,1
2127,AI Engineer,MNC,Education,Canada,Onsite,Senior,10,PhD,0
2128,Business Analyst,Startup,Healthcare,Canada,Hybrid,Senior,0,Master,1
2129,Data Engineer,Startup,Finance,Canada,Onsite,Entry,10,Master,0
2130,Machine Learning Engineer,Medium,Education,USA,Hybrid,Senior,2,Master,1
2131,Machine Learning Engineer,Enterprise,Retail,Singapore,Onsite,Entry,14,PhD,0
2132,Business Analyst,Startup,Finance,USA,Remote,Senior,11,Master,0
2133,Data Scientist,MNC,E-commerce,Germany,Hybrid,Entry,10,Master,0
2134,Data Analyst,Startup,Healthcare,USA,Remote,Senior,11,Master,1
2135,Machine Learning Engineer,Enterprise,Education,USA,Remote,Senior,4,Master,0
2136,Data Analyst,Enterprise,Healthcare,India,Remote,Entry,2,Bachelor,0
2137,Machine Learning Engineer,Medium,Finance,Australia,Remote,Senior,12,PhD,1
2138,Data Engineer,MNC,Finance,USA,Remote,Entry,1,PhD,0
2139,Data Scientist,Enterprise,Education,UK,Remote,Mid,3,Master,0
2140,Business Analyst,Enterprise,E-commerce,Singapore,Remote,Entry,3,Bachelor,0
2141,Data Engineer,Startup,Education,Canada,Hybrid,Entry,13,PhD,0
2142,Business Analyst,MNC,E-commerce,Canada,Onsite,Mid,6,Bachelor,1
2143,Machine Learning Engineer,Startup,Finance,USA,Remote,Senior,12,Master,0
2144,AI Engineer,MNC,Technology,Canada,Hybrid,Entry,5,PhD,0
2145,AI Engineer,Medium,Healthcare,Canada,Hybrid,Senior,0,Master,0
2146,Machine Learning Engineer,Startup,E-commerce,Australia,Onsite,Mid,14,PhD,1
2147,Business Analyst,Startup,E-commerce,Germany,Remote,Entry,6,Bachelor,0
2148,Data Engineer,Enterprise,Finance,Germany,Onsite,Mid,3,Bachelor,1
2149,Data Engineer,Enterprise,Finance,Singapore,Remote,Entry,0,Master,0
2150,Business Analyst,Medium,E-commerce,Australia,Hybrid,Senior,14,Bachelor,1
2151,Data Scientist,Startup,Healthcare,Singapore,Remote,Entry,0,Bachelor,1
2152,Machine Learning Engineer,Startup,Finance,India,Remote,Senior,13,Bachelor,0
2153,Data Scientist,Medium,E-commerce,Canada,Hybrid,Senior,11,Master,0
2154,AI Engineer,MNC,Finance,UK,Hybrid,Senior,4,PhD,1
2155,Data Engineer,Enterprise,Finance,Singapore,Remote,Mid,13,PhD,0
2156,Data Scientist,MNC,Retail,UK,Remote,Entry,13,PhD,0
2157,Data Scientist,Startup,Healthcare,India,Hybrid,Senior,10,Master,1
2158,Machine Learning Engineer,MNC,Finance,Canada,Hybrid,Mid,8,Bachelor,0
2159,Data Engineer,Medium,Healthcare,USA,Hybrid,Senior,7,PhD,1
2160,AI Engineer,Startup,Finance,USA,Remote,Senior,6,Master,0
2161,AI Engineer,Medium,Education,UK,Onsite,Mid,3,PhD,1
2162,Data Scientist,MNC,Retail,Germany,Hybrid,Entry,4,Master,0
2163,Machine Learning Engineer,Startup,Finance,UK,Remote,Mid,2,Master,0
2164,Machine Learning Engineer,Enterprise,Finance,India,Hybrid,Mid,2,PhD,1
2165,AI Engineer,Startup,E-commerce,UK,Hybrid,Mid,6,Master,0
2166,AI Engineer,Startup,Technology,India,Onsite,Mid,9,Master,1
2167,Machine Learning Engineer,MNC,Retail,Singapore,Onsite,Senior,2,Master,0
2168,Data Scientist,Startup,Education,Germany,Hybrid,Senior,13,Master,0
2169,Data Engineer,Enterprise,Education,Singapore,Hybrid,Senior,5,PhD,0
2170,AI Engineer,MNC,E-commerce,UK,Onsite,Senior,7,Master,0
2171,Data Engineer,MNC,Technology,Australia,Remote,Mid,12,Master,0
2172,AI Engineer,MNC,Retail,Canada,Onsite,Senior,14,PhD,0
2173,Data Analyst,MNC,Retail,Canada,Hybrid,Entry,6,Bachelor,0
2174,AI Engineer,Enterprise,Education,India,Remote,Senior,14,PhD,1
2175,AI Engineer,Medium,E-commerce,USA,Remote,Senior,14,Bachelor,1
2176,Data Analyst,Medium,Healthcare,Australia,Remote,Senior,11,Bachelor,0
2177,Data Analyst,MNC,E-commerce,USA,Hybrid,Mid,2,PhD,1
2178,Data Scientist,MNC,Technology,UK,Onsite,Mid,10,Master,1
2179,Business Analyst,Startup,Finance,Singapore,Onsite,Senior,4,Bachelor,1
2180,Machine Learning Engineer,Enterprise,Education,Germany,Onsite,Senior,1,PhD,0
2181,Data Analyst,MNC,Retail,India,Remote,Mid,1,Master,1
2182,Data Engineer,Enterprise,Education,Canada,Hybrid,Senior,11,PhD,0
2183,Business Analyst,Startup,Finance,Singapore,Onsite,Mid,12,PhD,1
2184,Machine Learning Engineer,Enterprise,E-commerce,Australia,Onsite,Mid,14,PhD,0
2185,Data Engineer,MNC,Retail,Australia,Hybrid,Senior,5,Bachelor,1
2186,Data Scientist,Enterprise,Healthcare,Germany,Hybrid,Entry,6,Master,0
2187,Business Analyst,Medium,Finance,Canada,Onsite,Mid,14,PhD,0
2188,Business Analyst,Enterprise,Healthcare,Canada,Remote,Entry,1,Master,0
2189,AI Engineer,MNC,Education,Canada,Onsite,Senior,3,PhD,0
2190,Business Analyst,Enterprise,Technology,USA,Onsite,Senior,11,PhD,0
2191,Machine Learning Engineer,Enterprise,E-commerce,Germany,Hybrid,Entry,7,PhD,1
2192,Data Analyst,Startup,E-commerce,India,Hybrid,Mid,3,Master,0
2193,Business Analyst,Startup,Education,UK,Hybrid,Entry,11,Bachelor,1
2194,Data Analyst,Medium,Retail,Germany,Hybrid,Entry,8,Bachelor,0
2195,Business Analyst,MNC,Retail,Singapore,Onsite,Entry,10,Bachelor,0
2196,AI Engineer,Medium,E-commerce,Canada,Onsite,Entry,0,Bachelor,0
2197,Data Scientist,MNC,Finance,Australia,Onsite,Entry,5,Master,0
2198,Data Scientist,Enterprise,Finance,India,Hybrid,Entry,5,PhD,0
2199,Business Analyst,MNC,Healthcare,Australia,Hybrid,Entry,2,Bachelor,1
2200,Machine Learning Engineer,Medium,E-commerce,UK,Onsite,Entry,10,Master,1
2201,Data Engineer,Startup,Technology,Germany,Onsite,Mid,9,Bachelor,0
2202,AI Engineer,Enterprise,E-commerce,USA,Hybrid,Mid,10,Master,1
2203,Machine Learning Engineer,MNC,E-commerce,India,Hybrid,Senior,7,PhD,0
2204,Data Scientist,Startup,Technology,USA,Remote,Mid,12,PhD,1
2205,Data Analyst,Medium,E-commerce,Australia,Hybrid,Entry,13,Bachelor,0
2206,AI Engineer,MNC,E-commerce,Canada,Remote,Mid,9,Bachelor,1
2207,Data Analyst,MNC,Retail,Singapore,Hybrid,Senior,7,Bachelor,1
2208,Machine Learning Engineer,Startup,Retail,India,Remote,Mid,10,Bachelor,1
2209,AI Engineer,Enterprise,Healthcare,UK,Remote,Mid,2,PhD,0
2210,AI Engineer,Startup,Technology,USA,Hybrid,Senior,11,PhD,1
2211,AI Engineer,Medium,E-commerce,Singapore,Hybrid,Entry,9,PhD,0
2212,Data Scientist,Startup,Finance,India,Remote,Senior,9,Bachelor,1
2213,Data Scientist,MNC,Retail,Singapore,Hybrid,Mid,2,Master,1
2214,Data Scientist,Medium,Retail,USA,Onsite,Entry,12,PhD,1
2215,Data Analyst,Startup,Retail,Germany,Hybrid,Mid,8,Bachelor,0
2216,Data Scientist,Startup,Retail,UK,Hybrid,Entry,11,Bachelor,0
2217,Business Analyst,Enterprise,Finance,UK,Remote,Entry,6,PhD,1
2218,Data Scientist,Medium,Education,India,Hybrid,Mid,2,PhD,1
2219,Machine Learning Engineer,Startup,E-commerce,India,Remote,Entry,12,PhD,1
2220,Data Engineer,Startup,Finance,UK,Onsite,Mid,0,Master,0
2221,Data Analyst,MNC,E-commerce,Germany,Onsite,Senior,5,Bachelor,1
2222,AI Engineer,Medium,Finance,Singapore,Hybrid,Senior,7,Bachelor,1
2223,AI Engineer,Medium,Retail,Germany,Remote,Entry,11,PhD,0
2224,Data Scientist,Medium,Technology,Canada,Hybrid,Senior,7,Bachelor,1
2225,AI Engineer,MNC,Technology,Singapore,Remote,Senior,14,PhD,0
2226,AI Engineer,Startup,E-commerce,Germany,Remote,Senior,1,Master,0
2227,Business Analyst,Startup,Finance,USA,Onsite,Mid,12,PhD,1
2228,AI Engineer,MNC,Retail,Germany,Remote,Entry,9,Bachelor,1
2229,Data Analyst,Enterprise,E-commerce,India,Onsite,Mid,14,Bachelor,0
2230,Business Analyst,MNC,Healthcare,Germany,Remote,Senior,5,Bachelor,0
2231,Data Analyst,Medium,Healthcare,Canada,Remote,Senior,7,PhD,1
2232,Data Scientist,MNC,Healthcare,UK,Hybrid,Entry,4,PhD,0
2233,Machine Learning Engineer,MNC,E-commerce,Australia,Onsite,Senior,10,Master,0
2234,Machine Learning Engineer,MNC,E-commerce,Australia,Remote,Entry,2,Bachelor,0
2235,Business Analyst,MNC,Healthcare,Germany,Remote,Entry,1,Master,1
2236,AI Engineer,Medium,Technology,UK,Onsite,Senior,7,Bachelor,1
2237,Data Analyst,Medium,Finance,Australia,Onsite,Entry,14,Master,0
2238,Business Analyst,Medium,Healthcare,Canada,Onsite,Entry,4,Master,0
2239,Machine Learning Engineer,Medium,Retail,UK,Onsite,Senior,7,PhD,1
2240,Machine Learning Engineer,MNC,Finance,USA,Onsite,Senior,6,Bachelor,0
2241,Data Engineer,Enterprise,Retail,Germany,Onsite,Mid,13,Master,1
2242,Business Analyst,MNC,Retail,India,Onsite,Senior,9,PhD,1
2243,AI Engineer,Enterprise,Retail,Germany,Onsite,Entry,1,Master,0
2244,Data Analyst,MNC,Education,Singapore,Onsite,Entry,3,Bachelor,1
2245,AI Engineer,Startup,Healthcare,Canada,Hybrid,Senior,3,Bachelor,1
2246,Data Scientist,Startup,Technology,India,Hybrid,Entry,1,Bachelor,1
2247,Business Analyst,Medium,Retail,Canada,Onsite,Senior,10,Bachelor,0
2248,Data Scientist,Enterprise,Education,Australia,Remote,Senior,0,Master,0
2249,Business Analyst,Enterprise,Finance,USA,Remote,Senior,10,PhD,1
2250,Data Scientist,Medium,Finance,Canada,Remote,Mid,5,PhD,1
2251,Data Analyst,Medium,Technology,USA,Hybrid,Mid,0,Bachelor,1
2252,Machine Learning Engineer,Medium,Education,Germany,Remote,Senior,4,PhD,1
2253,Machine Learning Engineer,Enterprise,Technology,Germany,Onsite,Entry,12,PhD,0
2254,AI Engineer,Enterprise,E-commerce,USA,Onsite,Entry,10,PhD,1
2255,Data Analyst,Enterprise,Finance,UK,Hybrid,Entry,12,Bachelor,1
2256,Data Analyst,MNC,Education,Canada,Remote,Mid,2,Bachelor,1
2257,Data Analyst,Enterprise,Healthcare,Canada,Onsite,Senior,1,Bachelor,1
2258,Machine Learning Engineer,MNC,Finance,India,Onsite,Mid,7,Master,1
2259,Business Analyst,MNC,Finance,USA,Remote,Senior,10,Master,1
2260,Data Engineer,Medium,E-commerce,Australia,Remote,Senior,5,Master,0
2261,Data Analyst,Enterprise,E-commerce,Germany,Onsite,Entry,13,PhD,0
2262,Machine Learning Engineer,MNC,Finance,UK,Hybrid,Entry,13,Bachelor,0
2263,Data Engineer,Medium,Healthcare,Canada,Hybrid,Mid,12,Bachelor,1
2264,Business Analyst,Startup,Education,Singapore,Hybrid,Senior,12,Bachelor,0
2265,Data Scientist,MNC,Technology,Australia,Hybrid,Mid,14,Bachelor,0
2266,AI Engineer,Enterprise,Technology,Singapore,Onsite,Entry,5,PhD,1
2267,Data Analyst,Startup,Retail,UK,Hybrid,Mid,8,PhD,1
2268,Machine Learning Engineer,Enterprise,Finance,USA,Hybrid,Entry,6,Master,1
2269,Data Engineer,Enterprise,Healthcare,Canada,Onsite,Mid,10,PhD,1
2270,Data Scientist,Enterprise,Retail,India,Hybrid,Mid,7,Bachelor,0
2271,AI Engineer,MNC,Healthcare,Canada,Hybrid,Senior,0,Master,0
2272,AI Engineer,Medium,Technology,Australia,Onsite,Entry,7,Bachelor,1
2273,Data Engineer,MNC,Finance,USA,Onsite,Mid,2,Bachelor,1
2274,Data Engineer,Enterprise,Education,Canada,Remote,Senior,2,Bachelor,0
2275,Data Analyst,Startup,Retail,UK,Remote,Mid,4,Master,0
2276,Data Analyst,Startup,Education,Singapore,Hybrid,Senior,4,Master,0
2277,Business Analyst,Medium,Technology,USA,Hybrid,Senior,6,Master,0
2278,Data Scientist,MNC,Finance,Canada,Remote,Entry,0,PhD,0
2279,Business Analyst,MNC,Education,UK,Hybrid,Senior,4,PhD,0
2280,AI Engineer,Startup,Education,Germany,Onsite,Mid,12,Master,0
2281,Business Analyst,MNC,E-commerce,India,Hybrid,Entry,3,PhD,1
2282,Machine Learning Engineer,Medium,Finance,India,Remote,Mid,3,Bachelor,1
2283,Data Scientist,Startup,Retail,Canada,Onsite,Senior,12,PhD,0
2284,AI Engineer,Medium,E-commerce,Germany,Onsite,Senior,10,Bachelor,0
2285,AI Engineer,MNC,Education,Australia,Remote,Mid,2,PhD,0
2286,Data Analyst,Medium,E-commerce,Singapore,Onsite,Senior,7,Master,1
2287,AI Engineer,Medium,Retail,Singapore,Onsite,Senior,4,PhD,1
2288,Machine Learning Engineer,MNC,Technology,Singapore,Hybrid,Senior,5,Master,1
2289,Data Scientist,MNC,Education,UK,Onsite,Mid,13,Master,0
2290,AI Engineer,Medium,Retail,Canada,Onsite,Senior,4,PhD,1
2291,Data Analyst,Enterprise,E-commerce,Singapore,Remote,Mid,2,Bachelor,1
2292,Data Engineer,MNC,Technology,Canada,Remote,Senior,14,Master,0
2293,AI Engineer,Medium,Finance,India,Remote,Entry,9,Bachelor,0
2294,AI Engineer,Startup,Retail,Germany,Remote,Senior,0,Bachelor,1
2295,Business Analyst,Startup,Retail,UK,Remote,Mid,10,Master,1
2296,Data Analyst,Enterprise,Retail,UK,Remote,Senior,13,PhD,1
2297,Business Analyst,Startup,Technology,Canada,Hybrid,Senior,1,Master,1
2298,Data Engineer,Startup,Retail,Singapore,Onsite,Senior,0,PhD,1
2299,Data Scientist,MNC,Retail,Australia,Remote,Senior,14,Bachelor,1
2300,Machine Learning Engineer,Enterprise,Finance,Canada,Onsite,Senior,12,PhD,1
2301,Business Analyst,Enterprise,Healthcare,Singapore,Remote,Mid,8,PhD,1
2302,Business Analyst,Medium,E-commerce,Singapore,Onsite,Senior,8,PhD,1
2303,Data Engineer,Startup,Retail,UK,Onsite,Mid,4,Master,0
2304,Business Analyst,Medium,Finance,Canada,Remote,Senior,1,PhD,1
2305,Machine Learning Engineer,Medium,E-commerce,USA,Onsite,Mid,1,PhD,0
2306,Data Scientist,MNC,Finance,Singapore,Onsite,Mid,2,Bachelor,1
2307,Data Scientist,Enterprise,Healthcare,Singapore,Onsite,Mid,0,Master,1
2308,Data Scientist,Medium,Education,USA,Hybrid,Entry,14,PhD,1
2309,AI Engineer,MNC,E-commerce,India,Hybrid,Mid,0,PhD,1
2310,Data Analyst,Medium,Technology,Canada,Remote,Senior,13,Bachelor,1
2311,AI Engineer,MNC,E-commerce,Canada,Onsite,Mid,13,Master,0
2312,Business Analyst,Medium,Healthcare,Germany,Hybrid,Mid,12,Bachelor,1
2313,Data Scientist,MNC,Retail,Australia,Hybrid,Senior,2,Bachelor,1
2314,Data Engineer,Medium,Finance,Australia,Hybrid,Entry,7,Master,0
2315,Data Scientist,MNC,E-commerce,UK,Remote,Senior,4,Bachelor,1
2316,Data Engineer,Startup,Healthcare,India,Hybrid,Mid,5,Bachelor,0
2317,AI Engineer,Medium,Healthcare,Canada,Hybrid,Entry,12,PhD,0
2318,Data Analyst,MNC,Retail,USA,Remote,Mid,4,PhD,0
2319,AI Engineer,Startup,Retail,Canada,Hybrid,Mid,3,Master,0
2320,Data Engineer,Medium,Education,Canada,Remote,Senior,3,PhD,0
2321,Data Engineer,Startup,Retail,Australia,Onsite,Entry,10,Bachelor,0
2322,AI Engineer,Enterprise,Education,Australia,Remote,Senior,6,Master,0
2323,Data Scientist,Enterprise,Education,Canada,Onsite,Mid,8,PhD,0
2324,Business Analyst,Enterprise,Education,Canada,Hybrid,Senior,10,Bachelor,1
2325,Machine Learning Engineer,Medium,Education,Australia,Onsite,Senior,2,PhD,1
2326,Data Engineer,MNC,Healthcare,UK,Remote,Senior,14,PhD,0
2327,AI Engineer,Startup,Retail,Australia,Remote,Entry,7,Master,0
2328,Machine Learning Engineer,Enterprise,Finance,Australia,Remote,Entry,13,Bachelor,0
2329,AI Engineer,MNC,Retail,USA,Onsite,Entry,8,Bachelor,0
2330,Data Analyst,MNC,Retail,USA,Onsite,Entry,14,PhD,0
2331,Data Scientist,Medium,Finance,India,Onsite,Mid,4,PhD,1
2332,Data Analyst,Medium,Technology,Germany,Onsite,Mid,2,Master,0
2333,Business Analyst,Startup,Healthcare,USA,Onsite,Senior,14,PhD,1
2334,Data Analyst,Medium,Retail,Germany,Onsite,Mid,8,Master,1
2335,Machine Learning Engineer,Enterprise,E-commerce,Canada,Hybrid,Mid,2,Master,1
2336,Data Analyst,MNC,Education,Germany,Hybrid,Mid,8,Bachelor,0
2337,Machine Learning Engineer,Startup,E-commerce,Germany,Onsite,Senior,1,Bachelor,0
2338,Business Analyst,Medium,Education,India,Onsite,Entry,12,PhD,1
2339,Data Analyst,Enterprise,Finance,UK,Onsite,Entry,11,Bachelor,1
2340,Data Analyst,Startup,Education,Singapore,Hybrid,Mid,14,Master,1
2341,Data Engineer,Enterprise,Education,Canada,Remote,Mid,10,Master,1
2342,Data Scientist,Medium,Retail,Singapore,Hybrid,Mid,11,Bachelor,1
2343,Machine Learning Engineer,Medium,Finance,UK,Hybrid,Entry,8,Master,1
2344,AI Engineer,MNC,E-commerce,Canada,Hybrid,Senior,5,PhD,0
2345,Data Engineer,Startup,E-commerce,Canada,Hybrid,Mid,14,Bachelor,0
2346,Data Scientist,Enterprise,Retail,India,Remote,Entry,9,PhD,1
2347,Data Analyst,Medium,Finance,Germany,Onsite,Mid,5,Bachelor,0
2348,Data Scientist,Medium,Finance,USA,Remote,Entry,3,Master,0
2349,Data Analyst,Enterprise,Healthcare,Singapore,Hybrid,Entry,12,PhD,0
2350,Data Scientist,Medium,Healthcare,UK,Hybrid,Mid,14,Bachelor,0
2351,Data Analyst,MNC,Retail,USA,Hybrid,Senior,14,PhD,1
2352,Data Scientist,Medium,Retail,India,Remote,Entry,10,PhD,0
2353,Machine Learning Engineer,Enterprise,Education,USA,Onsite,Entry,10,Master,0
2354,Data Engineer,Startup,Retail,India,Hybrid,Senior,8,PhD,0
2355,Business Analyst,Medium,Education,India,Remote,Mid,7,Master,1
2356,AI Engineer,MNC,Retail,Germany,Onsite,Mid,4,Master,1
2357,Data Scientist,MNC,E-commerce,Canada,Hybrid,Entry,3,Bachelor,1
2358,Machine Learning Engineer,Medium,Retail,Singapore,Onsite,Entry,5,Master,0
2359,Machine Learning Engineer,Enterprise,E-commerce,Australia,Hybrid,Entry,0,Master,0
2360,Machine Learning Engineer,Enterprise,Technology,India,Hybrid,Entry,7,Master,0
2361,Business Analyst,Startup,Retail,Australia,Onsite,Mid,6,PhD,1
2362,Data Engineer,Startup,Education,India,Remote,Entry,7,PhD,1
2363,Machine Learning Engineer,Medium,Healthcare,Germany,Onsite,Senior,0,PhD,0
2364,Data Scientist,Medium,Retail,India,Hybrid,Entry,10,PhD,0
2365,Data Analyst,MNC,Retail,Germany,Onsite,Entry,5,Bachelor,0
2366,Business Analyst,Medium,E-commerce,Singapore,Hybrid,Mid,10,Bachelor,0
2367,AI Engineer,Medium,E-commerce,Canada,Remote,Entry,1,Bachelor,0
2368,Business Analyst,Medium,Healthcare,Canada,Onsite,Mid,6,Master,0
2369,AI Engineer,Enterprise,Finance,Canada,Onsite,Entry,12,Bachelor,0
2370,Data Analyst,Medium,Education,Singapore,Hybrid,Mid,13,Bachelor,1
2371,Machine Learning Engineer,Medium,E-commerce,UK,Hybrid,Senior,2,Master,0
2372,AI Engineer,MNC,Retail,UK,Hybrid,Senior,12,Master,0
2373,Data Analyst,Enterprise,Finance,Canada,Hybrid,Mid,9,Bachelor,1
2374,Data Engineer,Startup,Finance,Australia,Onsite,Senior,10,PhD,0
2375,Data Engineer,Medium,Healthcare,India,Remote,Entry,10,Bachelor,0
2376,Business Analyst,Startup,E-commerce,Germany,Hybrid,Mid,13,Master,1
2377,Machine Learning Engineer,Medium,E-commerce,India,Remote,Mid,8,Master,0
2378,Data Engineer,Startup,Finance,Singapore,Hybrid,Mid,14,Bachelor,0
2379,Data Scientist,Startup,E-commerce,India,Hybrid,Mid,6,Master,0
2380,Data Analyst,MNC,Education,USA,Onsite,Entry,5,PhD,0
2381,Machine Learning Engineer,Enterprise,E-commerce,UK,Onsite,Mid,9,Bachelor,0
2382,AI Engineer,Enterprise,Finance,Singapore,Hybrid,Mid,1,Master,0
2383,Business Analyst,Medium,Technology,Canada,Onsite,Senior,1,PhD,1
2384,Business Analyst,Medium,Retail,India,Onsite,Entry,4,Master,0
2385,AI Engineer,MNC,E-commerce,Canada,Onsite,Mid,0,Master,0
2386,Data Engineer,MNC,Healthcare,UK,Remote,Mid,6,PhD,0
2387,Data Scientist,Enterprise,Education,USA,Hybrid,Entry,14,Bachelor,0
2388,Data Analyst,Startup,Education,India,Hybrid,Entry,7,Master,0
2389,Machine Learning Engineer,Enterprise,Education,India,Remote,Mid,6,PhD,0
2390,Machine Learning Engineer,Enterprise,Retail,UK,Remote,Entry,2,Master,0
2391,Data Analyst,Startup,Education,India,Remote,Entry,13,Master,1
2392,Data Scientist,MNC,E-commerce,Germany,Hybrid,Mid,7,Master,1
2393,Data Scientist,Startup,Finance,Australia,Remote,Mid,3,Bachelor,1
2394,Data Analyst,Medium,Retail,India,Hybrid,Entry,1,Bachelor,0
2395,Business Analyst,Medium,Technology,UK,Remote,Entry,5,Master,0
2396,Data Scientist,Enterprise,Finance,Singapore,Hybrid,Entry,11,PhD,0
2397,Machine Learning Engineer,Startup,Technology,UK,Remote,Senior,5,PhD,1
2398,Machine Learning Engineer,Medium,Technology,Germany,Hybrid,Entry,8,PhD,0
2399,Business Analyst,Startup,Retail,Singapore,Remote,Mid,7,Bachelor,1
2400,Machine Learning Engineer,Medium,E-commerce,Australia,Onsite,Entry,0,PhD,1
2401,Machine Learning Engineer,Medium,Education,Singapore,Onsite,Mid,3,Bachelor,0
2402,AI Engineer,MNC,Technology,UK,Onsite,Entry,14,Bachelor,0
2403,AI Engineer,Startup,Retail,USA,Remote,Mid,11,Bachelor,0
2404,Data Analyst,Startup,Healthcare,Singapore,Hybrid,Mid,0,PhD,1
2405,Data Engineer,Medium,Finance,Australia,Remote,Entry,8,Bachelor,1
2406,Data Engineer,MNC,Technology,Canada,Onsite,Entry,1,PhD,0
2407,Data Scientist,MNC,E-commerce,Germany,Remote,Mid,1,Master,1
2408,Data Scientist,Startup,Retail,India,Hybrid,Entry,2,Master,0
2409,Machine Learning Engineer,Medium,Education,UK,Remote,Entry,13,Bachelor,1
2410,Machine Learning Engineer,Startup,Education,Singapore,Hybrid,Mid,6,PhD,0
2411,Data Engineer,MNC,Technology,Germany,Hybrid,Entry,8,PhD,0
2412,Business Analyst,Startup,Technology,India,Hybrid,Mid,7,Bachelor,0
2413,Data Engineer,Startup,Retail,Germany,Remote,Entry,6,PhD,0
2414,Machine Learning Engineer,Medium,Finance,UK,Hybrid,Senior,4,PhD,0
2415,Business Analyst,Enterprise,E-commerce,Germany,Remote,Senior,13,Bachelor,0
2416,Data Engineer,Medium,E-commerce,UK,Onsite,Mid,9,Bachelor,1
2417,Data Analyst,Enterprise,Technology,Singapore,Onsite,Mid,4,Bachelor,0
2418,Machine Learning Engineer,MNC,E-commerce,India,Hybrid,Senior,13,PhD,1
2419,AI Engineer,Startup,Healthcare,Singapore,Onsite,Mid,5,Master,0
2420,Business Analyst,MNC,Education,UK,Onsite,Mid,8,Bachelor,1
2421,Machine Learning Engineer,Startup,E-commerce,USA,Remote,Entry,13,Bachelor,0
2422,Data Scientist,Startup,Technology,UK,Onsite,Entry,6,Master,1
2423,AI Engineer,MNC,Technology,Singapore,Onsite,Entry,5,Master,0
2424,Data Engineer,Enterprise,Finance,India,Remote,Senior,10,Master,0
2425,Data Scientist,Startup,Retail,USA,Onsite,Mid,3,Bachelor,1
2426,Data Engineer,MNC,Education,India,Remote,Entry,1,PhD,1
2427,Machine Learning Engineer,MNC,E-commerce,India,Hybrid,Entry,6,Master,0
2428,Machine Learning Engineer,Medium,Healthcare,Singapore,Remote,Mid,13,Master,0
2429,Machine Learning Engineer,Startup,Finance,Germany,Remote,Mid,11,Master,0
2430,AI Engineer,MNC,Finance,Australia,Onsite,Entry,8,Bachelor,0
2431,Business Analyst,MNC,Finance,Canada,Onsite,Senior,12,Master,1
2432,Machine Learning Engineer,Enterprise,E-commerce,Australia,Hybrid,Entry,10,Master,1
2433,Data Engineer,Startup,Technology,Germany,Hybrid,Senior,11,Master,0
2434,AI Engineer,Medium,Technology,Singapore,Remote,Senior,7,PhD,0
2435,AI Engineer,Startup,Education,India,Onsite,Mid,2,PhD,0
2436,Data Analyst,Startup,Retail,Singapore,Remote,Mid,4,PhD,1
2437,Data Analyst,MNC,Technology,USA,Onsite,Entry,10,Master,0
2438,Data Analyst,Enterprise,Retail,Canada,Onsite,Senior,7,Master,1
2439,Data Engineer,Startup,Technology,Singapore,Onsite,Senior,7,Bachelor,1
2440,Data Scientist,MNC,Retail,Singapore,Onsite,Mid,11,Master,1
2441,Data Scientist,Medium,Finance,Germany,Onsite,Senior,12,PhD,1
2442,Data Engineer,Startup,E-commerce,UK,Onsite,Senior,3,Master,1
2443,AI Engineer,Medium,Education,Canada,Hybrid,Mid,5,PhD,0
2444,Data Analyst,Startup,Healthcare,India,Hybrid,Mid,10,Bachelor,0
2445,AI Engineer,MNC,Retail,UK,Hybrid,Entry,5,Master,1
2446,Machine Learning Engineer,Enterprise,Education,India,Hybrid,Entry,4,Bachelor,0
2447,Machine Learning Engineer,Medium,Healthcare,USA,Hybrid,Mid,13,PhD,1
2448,AI Engineer,MNC,Technology,Singapore,Hybrid,Senior,14,PhD,1
2449,Data Scientist,Enterprise,E-commerce,Canada,Hybrid,Mid,4,Master,0
2450,Data Scientist,Startup,E-commerce,India,Onsite,Entry,3,Master,0
2451,AI Engineer,Startup,Education,Canada,Onsite,Senior,11,Master,1
2452,Data Analyst,Enterprise,Finance,UK,Remote,Entry,13,PhD,1
2453,AI Engineer,Enterprise,Healthcare,USA,Hybrid,Entry,3,PhD,1
2454,Data Scientist,MNC,Education,Australia,Onsite,Mid,6,Master,0
2455,Business Analyst,Enterprise,Education,USA,Hybrid,Mid,7,PhD,1
2456,Data Engineer,Enterprise,E-commerce,Singapore,Hybrid,Entry,12,PhD,0
2457,Machine Learning Engineer,Medium,Retail,Canada,Onsite,Mid,12,Bachelor,1
2458,Machine Learning Engineer,MNC,Finance,USA,Onsite,Mid,6,PhD,1
2459,Data Engineer,Enterprise,Education,Singapore,Onsite,Mid,11,Bachelor,1
2460,Data Analyst,MNC,Healthcare,Canada,Onsite,Senior,3,Master,1
2461,Machine Learning Engineer,Startup,Technology,India,Hybrid,Entry,4,Bachelor,0
2462,Data Analyst,Enterprise,Technology,Canada,Remote,Senior,12,Master,0
2463,Data Analyst,Enterprise,Healthcare,UK,Remote,Entry,11,Bachelor,0
2464,Machine Learning Engineer,Enterprise,Education,Canada,Hybrid,Mid,14,Master,0
2465,Data Scientist,Startup,Education,UK,Onsite,Mid,11,PhD,0
2466,AI Engineer,Startup,Retail,Canada,Remote,Entry,12,PhD,0
2467,Machine Learning Engineer,MNC,Healthcare,UK,Hybrid,Senior,11,PhD,0
2468,Data Engineer,Medium,E-commerce,UK,Hybrid,Mid,7,PhD,1
2469,AI Engineer,Medium,Technology,Canada,Onsite,Entry,6,Master,0
2470,Data Analyst,Startup,Retail,Canada,Remote,Senior,13,Bachelor,1
2471,Business Analyst,Enterprise,Healthcare,India,Onsite,Mid,8,Bachelor,0
2472,Data Analyst,Enterprise,Retail,Australia,Onsite,Entry,5,PhD,1
2473,Data Analyst,MNC,E-commerce,Australia,Onsite,Senior,8,Bachelor,1
2474,Business Analyst,Medium,Education,Australia,Hybrid,Senior,14,Bachelor,1
2475,Business Analyst,Startup,Retail,USA,Onsite,Entry,14,Bachelor,1
2476,Data Analyst,Medium,Retail,Singapore,Hybrid,Mid,4,Bachelor,1
2477,Data Scientist,Startup,E-commerce,UK,Remote,Mid,9,Master,1
2478,Data Engineer,Startup,Education,UK,Hybrid,Entry,6,Master,0
2479,Data Scientist,Medium,Healthcare,USA,Remote,Mid,10,PhD,0
2480,AI Engineer,Medium,Finance,USA,Onsite,Mid,4,Bachelor,1
2481,Data Engineer,MNC,Finance,Singapore,Onsite,Senior,9,Bachelor,0
2482,Business Analyst,Startup,Technology,Australia,Remote,Mid,13,Bachelor,0
2483,Business Analyst,Enterprise,E-commerce,Germany,Onsite,Senior,6,Bachelor,0
2484,Machine Learning Engineer,Medium,Technology,India,Onsite,Entry,2,Master,0
2485,Data Scientist,Startup,Retail,UK,Onsite,Entry,5,Master,0
2486,Data Analyst,Medium,Technology,India,Onsite,Entry,3,Bachelor,1
2487,Business Analyst,Startup,E-commerce,Singapore,Remote,Entry,0,Master,1
2488,AI Engineer,MNC,Healthcare,Singapore,Onsite,Entry,4,Bachelor,0
2489,Data Analyst,Medium,Technology,UK,Hybrid,Mid,10,Bachelor,1
2490,AI Engineer,Medium,E-commerce,Australia,Onsite,Senior,10,Master,0
2491,Data Engineer,Enterprise,Finance,Germany,Hybrid,Senior,14,Bachelor,0
2492,Data Scientist,Enterprise,Education,India,Remote,Entry,4,PhD,0
2493,Business Analyst,Enterprise,E-commerce,Australia,Onsite,Mid,7,Master,1
2494,Data Analyst,Startup,Education,USA,Onsite,Mid,2,Master,1
2495,Machine Learning Engineer,MNC,E-commerce,USA,Remote,Mid,11,Master,0
2496,Data Engineer,MNC,Technology,Singapore,Onsite,Entry,2,Master,1
2497,AI Engineer,Startup,Retail,India,Remote,Senior,14,Bachelor,1
2498,Business Analyst,Medium,E-commerce,Australia,Remote,Mid,1,Master,1
2499,Data Engineer,MNC,Retail,Canada,Remote,Senior,0,Bachelor,1
2500,Machine Learning Engineer,Medium,Finance,UK,Remote,Entry,8,Master,0
2501,Data Analyst,Enterprise,Technology,India,Remote,Senior,14,Master,1
2502,Data Scientist,Enterprise,Finance,India,Onsite,Mid,3,PhD,1
2503,Data Scientist,Startup,Education,Australia,Hybrid,Entry,4,Bachelor,0
2504,Data Engineer,Medium,Retail,Singapore,Onsite,Mid,8,Master,0
2505,AI Engineer,MNC,Finance,Australia,Onsite,Mid,13,PhD,1
2506,Data Analyst,MNC,Technology,Germany,Hybrid,Entry,3,PhD,0
2507,Machine Learning Engineer,Startup,Retail,USA,Remote,Entry,6,PhD,1
2508,Data Analyst,Enterprise,Healthcare,Singapore,Remote,Mid,14,Master,0
2509,Data Analyst,MNC,Healthcare,India,Remote,Senior,4,Bachelor,1
2510,Machine Learning Engineer,Enterprise,Retail,Germany,Hybrid,Mid,6,Bachelor,0
2511,Data Analyst,Medium,Retail,Singapore,Hybrid,Mid,2,PhD,0
2512,Data Analyst,Enterprise,Healthcare,Canada,Onsite,Senior,3,Bachelor,0
2513,Business Analyst,MNC,Education,Germany,Onsite,Senior,12,Master,1
2514,Data Scientist,MNC,Technology,UK,Remote,Senior,11,Bachelor,0
2515,Data Engineer,Enterprise,Retail,Singapore,Onsite,Entry,1,PhD,0
2516,Data Engineer,MNC,Finance,India,Hybrid,Senior,6,Bachelor,0
2517,AI Engineer,Enterprise,Retail,India,Onsite,Entry,2,PhD,1
2518,Data Scientist,Startup,Retail,Germany,Hybrid,Mid,7,PhD,1
2519,Data Analyst,MNC,Education,USA,Onsite,Senior,12,PhD,0
2520,Data Scientist,MNC,Healthcare,Singapore,Remote,Mid,0,Bachelor,0
2521,AI Engineer,MNC,Healthcare,Singapore,Remote,Mid,3,PhD,0
2522,Machine Learning Engineer,Medium,Healthcare,India,Onsite,Mid,9,PhD,1
2523,Data Engineer,Enterprise,Finance,UK,Onsite,Entry,8,Master,0
2524,Data Engineer,MNC,Retail,Australia,Hybrid,Entry,3,Master,1
2525,Data Analyst,Startup,Finance,Singapore,Onsite,Senior,8,Master,0
2526,Machine Learning Engineer,MNC,Technology,UK,Remote,Mid,10,Master,0
2527,Machine Learning Engineer,Startup,Education,Germany,Onsite,Senior,6,PhD,1
2528,Data Scientist,Startup,Healthcare,Australia,Hybrid,Entry,5,Master,1
2529,Machine Learning Engineer,Startup,Technology,Canada,Remote,Senior,8,Master,0
2530,Business Analyst,Enterprise,Retail,Singapore,Remote,Senior,6,Master,0
2531,Data Scientist,MNC,Technology,India,Remote,Mid,11,Master,0
2532,Business Analyst,MNC,Education,Singapore,Hybrid,Senior,9,Bachelor,0
2533,Business Analyst,Startup,Healthcare,USA,Remote,Entry,12,Bachelor,0
2534,Business Analyst,Medium,Education,Germany,Remote,Mid,3,Bachelor,1
2535,Data Engineer,Enterprise,Retail,Australia,Remote,Senior,5,PhD,0
2536,Data Engineer,MNC,Healthcare,Germany,Onsite,Entry,12,PhD,1
2537,Data Engineer,Enterprise,Technology,India,Hybrid,Senior,11,Master,1
2538,Business Analyst,Enterprise,Technology,UK,Remote,Senior,11,Bachelor,0
2539,Data Engineer,Medium,Education,UK,Onsite,Entry,14,Bachelor,0
2540,Data Analyst,Medium,Retail,UK,Onsite,Entry,1,Master,0
2541,Data Scientist,Enterprise,Technology,Canada,Remote,Entry,14,Master,0
2542,Data Analyst,Enterprise,Technology,Singapore,Remote,Mid,6,Bachelor,0
2543,Data Analyst,Startup,Education,Australia,Remote,Senior,0,PhD,0
2544,Business Analyst,Enterprise,E-commerce,India,Onsite,Senior,5,PhD,0
2545,Data Analyst,MNC,Healthcare,Canada,Remote,Senior,4,Bachelor,1
2546,AI Engineer,Startup,Education,Singapore,Hybrid,Senior,12,Master,1
2547,Machine Learning Engineer,Startup,Technology,UK,Hybrid,Mid,4,Master,1
2548,Business Analyst,MNC,Healthcare,Australia,Remote,Mid,3,Master,1
2549,Data Scientist,MNC,Education,Australia,Hybrid,Senior,12,Master,0
2550,Data Engineer,MNC,Finance,USA,Hybrid,Senior,11,Master,0
2551,Data Engineer,Medium,Healthcare,USA,Remote,Mid,0,Master,0
2552,Data Scientist,Enterprise,Finance,UK,Hybrid,Entry,2,PhD,0
2553,Data Scientist,Medium,Technology,India,Remote,Entry,12,Bachelor,0
2554,Business Analyst,Startup,Healthcare,Canada,Remote,Mid,9,PhD,1
2555,Machine Learning Engineer,Startup,Finance,Canada,Remote,Senior,8,PhD,0
2556,Machine Learning Engineer,Startup,Technology,Australia,Hybrid,Senior,10,PhD,1
2557,Machine Learning Engineer,Medium,E-commerce,India,Hybrid,Entry,11,Master,0
2558,Data Engineer,MNC,E-commerce,Singapore,Onsite,Senior,8,PhD,0
2559,Data Engineer,MNC,Technology,USA,Hybrid,Senior,9,Bachelor,1
2560,AI Engineer,Enterprise,Education,UK,Remote,Mid,10,Master,0
2561,Business Analyst,Medium,Education,UK,Onsite,Mid,6,Bachelor,1
2562,Data Scientist,Startup,Healthcare,Germany,Onsite,Mid,0,PhD,1
2563,Machine Learning Engineer,Medium,E-commerce,Germany,Onsite,Entry,1,Bachelor,1
2564,Data Analyst,Startup,Retail,Germany,Hybrid,Senior,4,Bachelor,0
2565,AI Engineer,Medium,Finance,USA,Hybrid,Entry,12,Master,1
2566,Business Analyst,MNC,Healthcare,UK,Remote,Entry,3,Bachelor,0
2567,AI Engineer,Startup,E-commerce,Australia,Remote,Senior,3,PhD,0
2568,AI Engineer,Medium,Education,Australia,Hybrid,Mid,6,Master,1
2569,Business Analyst,Medium,Technology,Australia,Onsite,Entry,14,PhD,0
2570,Data Engineer,Medium,Healthcare,UK,Remote,Entry,13,Master,0
2571,Data Engineer,Enterprise,Technology,USA,Remote,Mid,14,Master,0
2572,Business Analyst,Startup,Technology,Australia,Onsite,Mid,10,Master,1
2573,Data Scientist,Startup,Finance,India,Remote,Entry,12,Bachelor,1
2574,Data Engineer,Startup,Education,UK,Onsite,Entry,6,Master,1
2575,AI Engineer,Enterprise,Retail,Canada,Hybrid,Entry,14,PhD,0
2576,Data Scientist,MNC,E-commerce,Canada,Hybrid,Senior,2,Master,0
2577,Business Analyst,Medium,Retail,Germany,Remote,Entry,3,Bachelor,1
2578,Data Engineer,Startup,Education,Germany,Remote,Entry,4,Master,1
2579,Data Scientist,MNC,Education,Canada,Hybrid,Entry,5,Bachelor,1
2580,Data Engineer,Medium,Education,India,Onsite,Senior,0,Master,0
2581,Data Analyst,MNC,Education,Canada,Onsite,Entry,13,Bachelor,1
2582,Data Engineer,Startup,Education,Singapore,Hybrid,Senior,5,Master,1
2583,AI Engineer,Enterprise,Finance,Germany,Remote,Mid,6,Bachelor,1
2584,Business Analyst,Startup,Finance,Australia,Onsite,Senior,13,Master,0
2585,Machine Learning Engineer,MNC,Healthcare,India,Onsite,Entry,0,Bachelor,0
2586,AI Engineer,Enterprise,E-commerce,USA,Remote,Mid,1,Master,0
2587,Business Analyst,Startup,Healthcare,Australia,Hybrid,Mid,10,Master,0
2588,Data Scientist,Enterprise,Healthcare,Germany,Hybrid,Entry,5,PhD,1
2589,Data Scientist,Startup,E-commerce,UK,Remote,Entry,2,Master,0
2590,Data Analyst,Startup,Technology,UK,Onsite,Entry,10,Bachelor,0
2591,Data Analyst,MNC,Retail,Canada,Remote,Senior,3,Master,1
2592,Machine Learning Engineer,Enterprise,Retail,USA,Remote,Mid,7,PhD,0
2593,Business Analyst,Medium,Education,USA,Hybrid,Mid,4,PhD,0
2594,Machine Learning Engineer,MNC,Finance,UK,Onsite,Entry,12,Bachelor,1
2595,AI Engineer,MNC,E-commerce,Canada,Remote,Mid,13,PhD,0
2596,Data Scientist,Medium,E-commerce,Singapore,Remote,Mid,14,Master,0
2597,Data Analyst,Startup,Finance,UK,Onsite,Mid,7,PhD,1
2598,Data Analyst,Enterprise,Education,Australia,Hybrid,Entry,4,Bachelor,1
2599,Data Scientist,Medium,Education,UK,Onsite,Entry,13,Bachelor,0
2600,Machine Learning Engineer,Medium,Retail,Germany,Onsite,Entry,2,Bachelor,0
2601,Machine Learning Engineer,Startup,Retail,Canada,Onsite,Senior,8,Bachelor,1
2602,Business Analyst,MNC,Education,Germany,Remote,Mid,11,PhD,0
2603,Business Analyst,Enterprise,E-commerce,Australia,Remote,Entry,2,Bachelor,1
2604,Machine Learning Engineer,Medium,Retail,Singapore,Hybrid,Mid,9,Master,1
2605,Machine Learning Engineer,Enterprise,Retail,Germany,Hybrid,Entry,3,PhD,0
2606,AI Engineer,Startup,Education,USA,Hybrid,Mid,10,Master,0
2607,Data Engineer,MNC,Finance,Canada,Hybrid,Entry,6,Bachelor,1
2608,Machine Learning Engineer,Enterprise,Retail,UK,Onsite,Mid,7,PhD,0
2609,Data Scientist,MNC,Technology,USA,Hybrid,Senior,12,Bachelor,0
2610,Data Engineer,MNC,Healthcare,Canada,Remote,Mid,0,Master,0
2611,Business Analyst,Medium,Education,Germany,Hybrid,Mid,12,PhD,0
2612,Data Analyst,Startup,Finance,Australia,Onsite,Mid,8,Bachelor,0
2613,Data Engineer,Enterprise,Technology,UK,Onsite,Entry,5,Master,1
2614,Machine Learning Engineer,Enterprise,Finance,Canada,Remote,Entry,11,PhD,0
2615,Data Analyst,Medium,Finance,Germany,Onsite,Entry,12,Master,1
2616,Data Engineer,Medium,Retail,Australia,Onsite,Mid,12,PhD,1
2617,Data Analyst,Startup,Technology,Canada,Remote,Entry,9,Bachelor,0
2618,Data Engineer,Startup,Finance,Australia,Hybrid,Entry,11,Master,1
2619,Machine Learning Engineer,MNC,Education,Singapore,Remote,Entry,2,Bachelor,1
2620,Business Analyst,Enterprise,E-commerce,India,Hybrid,Entry,5,PhD,0
2621,Machine Learning Engineer,Startup,Technology,Canada,Onsite,Mid,4,Master,0
2622,Data Analyst,Medium,Finance,India,Remote,Senior,2,PhD,1
2623,Data Scientist,Startup,Healthcare,UK,Hybrid,Entry,3,Master,1
2624,Machine Learning Engineer,Startup,Finance,USA,Remote,Mid,13,Master,1
2625,Data Engineer,Enterprise,Retail,India,Onsite,Entry,10,Bachelor,0
2626,AI Engineer,MNC,E-commerce,India,Hybrid,Entry,0,Master,1
2627,Data Engineer,Medium,Technology,UK,Hybrid,Senior,12,PhD,1
2628,Data Scientist,Enterprise,Retail,Canada,Remote,Mid,5,PhD,1
2629,Data Scientist,Enterprise,E-commerce,Australia,Hybrid,Mid,3,Bachelor,1
2630,Machine Learning Engineer,Enterprise,Healthcare,UK,Onsite,Senior,10,PhD,0
2631,Data Engineer,Startup,Finance,UK,Remote,Entry,2,PhD,1
2632,Business Analyst,Startup,Healthcare,Australia,Hybrid,Mid,3,Master,0
2633,Data Scientist,Medium,E-commerce,Australia,Remote,Senior,0,Master,0
2634,Data Analyst,MNC,Finance,India,Remote,Senior,0,Bachelor,1
2635,AI Engineer,Startup,Finance,India,Hybrid,Mid,2,Master,1
2636,Machine Learning Engineer,Startup,Finance,UK,Remote,Senior,3,Master,0
2637,Data Scientist,MNC,Retail,India,Remote,Senior,5,Master,0
2638,Data Scientist,Medium,Healthcare,UK,Remote,Mid,1,Bachelor,0
2639,Data Scientist,MNC,Healthcare,USA,Hybrid,Mid,1,PhD,1
2640,Business Analyst,Startup,Technology,USA,Remote,Mid,5,Bachelor,0
2641,Data Engineer,MNC,Healthcare,India,Hybrid,Entry,2,PhD,0
2642,Data Scientist,Enterprise,Healthcare,Singapore,Remote,Senior,8,Master,0
2643,Data Engineer,MNC,Education,Canada,Remote,Senior,2,PhD,0
2644,AI Engineer,Medium,Technology,Germany,Remote,Senior,1,Master,0
2645,Business Analyst,Startup,Retail,USA,Remote,Mid,13,Bachelor,0
2646,Business Analyst,MNC,Finance,USA,Hybrid,Mid,10,Master,0
2647,Data Engineer,Startup,Healthcare,Germany,Hybrid,Mid,6,PhD,0
2648,AI Engineer,Enterprise,Education,Canada,Remote,Mid,12,Master,0
2649,Business Analyst,Medium,Technology,UK,Hybrid,Mid,5,Bachelor,0
2650,Machine Learning Engineer,Medium,Finance,India,Onsite,Mid,5,Master,0
2651,Machine Learning Engineer,Startup,Technology,India,Remote,Mid,10,Bachelor,1
2652,Business Analyst,MNC,Technology,USA,Remote,Entry,0,PhD,1
2653,Machine Learning Engineer,Startup,Technology,Canada,Onsite,Entry,5,Master,1
2654,Data Scientist,Medium,Technology,Singapore,Remote,Senior,13,PhD,1
2655,Machine Learning Engineer,Medium,Retail,Australia,Onsite,Mid,14,Master,1
2656,Business Analyst,Startup,Technology,UK,Remote,Senior,2,Master,0
2657,AI Engineer,Enterprise,Retail,Germany,Remote,Entry,2,Bachelor,1
2658,Data Engineer,MNC,Technology,Singapore,Hybrid,Senior,1,Master,1
2659,AI Engineer,Startup,Finance,Germany,Remote,Entry,2,Bachelor,1
2660,Data Scientist,Enterprise,Retail,Australia,Onsite,Entry,2,Master,1
2661,Data Analyst,Startup,Healthcare,Germany,Onsite,Senior,4,PhD,0
2662,Machine Learning Engineer,MNC,Finance,Australia,Hybrid,Mid,12,PhD,0
2663,Data Engineer,Medium,E-commerce,Canada,Remote,Mid,3,Bachelor,1
2664,Data Engineer,Enterprise,Finance,Australia,Remote,Mid,14,Bachelor,1
2665,Data Engineer,Enterprise,Retail,Singapore,Onsite,Mid,6,Master,1
2666,Data Engineer,MNC,Healthcare,UK,Remote,Senior,10,Master,1
2667,Data Analyst,Enterprise,Retail,UK,Hybrid,Entry,1,PhD,1
2668,Machine Learning Engineer,Startup,Healthcare,India,Remote,Mid,11,PhD,0
2669,Data Engineer,MNC,Retail,Singapore,Hybrid,Mid,14,PhD,1
2670,Data Engineer,Startup,Education,Canada,Onsite,Senior,10,Bachelor,1
2671,Data Engineer,Medium,Education,India,Remote,Mid,8,PhD,1
2672,Business Analyst,Medium,Retail,USA,Hybrid,Mid,14,PhD,0
2673,AI Engineer,Startup,Healthcare,India,Hybrid,Entry,3,Master,0
2674,Machine Learning Engineer,Medium,Retail,India,Onsite,Entry,10,Master,0
2675,Business Analyst,Medium,Healthcare,Singapore,Remote,Entry,8,PhD,0
2676,Data Engineer,MNC,Healthcare,Canada,Onsite,Entry,2,PhD,0
2677,Data Scientist,Enterprise,Education,Germany,Remote,Mid,2,Master,0
2678,Data Engineer,Enterprise,Healthcare,Canada,Onsite,Mid,3,Master,0
2679,Data Engineer,Medium,E-commerce,USA,Remote,Entry,12,Bachelor,0
2680,Business Analyst,MNC,Healthcare,Canada,Hybrid,Entry,8,Master,0
2681,Data Engineer,MNC,Technology,USA,Onsite,Senior,4,PhD,0
2682,AI Engineer,MNC,Retail,Canada,Remote,Senior,0,Master,0
2683,Machine Learning Engineer,Startup,Retail,UK,Remote,Senior,7,Master,1
2684,Data Engineer,Medium,Education,India,Onsite,Mid,12,Master,1
2685,Business Analyst,Startup,Healthcare,Australia,Hybrid,Mid,6,Bachelor,1
2686,Business Analyst,MNC,Retail,USA,Hybrid,Mid,6,Master,0
2687,AI Engineer,Medium,Retail,UK,Hybrid,Senior,3,Master,0
2688,Data Scientist,Startup,Finance,UK,Hybrid,Mid,5,Master,0
2689,Data Scientist,Enterprise,Healthcare,Canada,Hybrid,Mid,11,Master,0
2690,Machine Learning Engineer,MNC,Retail,Australia,Remote,Senior,13,Bachelor,0
2691,Data Engineer,MNC,Healthcare,Germany,Onsite,Senior,5,Master,0
2692,Machine Learning Engineer,Startup,Healthcare,Australia,Remote,Entry,6,PhD,1
2693,Business Analyst,Medium,E-commerce,UK,Onsite,Senior,3,PhD,0
2694,AI Engineer,Medium,E-commerce,UK,Onsite,Senior,9,Master,1
2695,AI Engineer,MNC,Technology,UK,Remote,Mid,2,Master,0
2696,Data Analyst,Medium,Healthcare,Singapore,Hybrid,Mid,5,Bachelor,0
2697,Machine Learning Engineer,Startup,Retail,India,Hybrid,Senior,14,Bachelor,1
2698,Business Analyst,MNC,Healthcare,Singapore,Hybrid,Senior,5,Bachelor,1
2699,Data Analyst,MNC,Education,Canada,Hybrid,Senior,2,Master,0
2700,Data Analyst,Medium,Education,Germany,Remote,Senior,5,Bachelor,1
2701,Data Analyst,Enterprise,Technology,Germany,Remote,Entry,5,PhD,0
2702,Data Engineer,Enterprise,Finance,UK,Remote,Senior,9,PhD,0
2703,Data Analyst,Enterprise,E-commerce,India,Onsite,Mid,10,Master,1
2704,Machine Learning Engineer,Medium,Finance,India,Hybrid,Mid,7,Master,1
2705,Business Analyst,Enterprise,E-commerce,Singapore,Onsite,Senior,3,Bachelor,0
2706,AI Engineer,Medium,Technology,USA,Onsite,Senior,13,Bachelor,1
2707,Data Analyst,Startup,E-commerce,Canada,Hybrid,Entry,0,Bachelor,0
2708,AI Engineer,MNC,Retail,USA,Hybrid,Senior,1,PhD,0
2709,Data Scientist,Startup,E-commerce,Canada,Onsite,Mid,7,Bachelor,1
2710,Data Scientist,MNC,Technology,Canada,Hybrid,Senior,4,Master,0
2711,Data Scientist,Enterprise,Education,UK,Hybrid,Entry,2,Bachelor,1
2712,Data Analyst,Startup,Technology,Germany,Remote,Mid,10,Bachelor,1
2713,Data Scientist,MNC,Finance,Canada,Hybrid,Mid,5,Master,1
2714,Data Analyst,MNC,Technology,USA,Hybrid,Entry,5,Master,1
2715,Data Engineer,Medium,Education,India,Remote,Senior,5,PhD,1
2716,Data Analyst,MNC,Retail,Germany,Hybrid,Entry,9,Master,1
2717,Data Scientist,MNC,Healthcare,Canada,Remote,Mid,13,PhD,1
2718,Machine Learning Engineer,Startup,Technology,India,Onsite,Entry,12,Bachelor,1
2719,AI Engineer,Medium,Technology,India,Remote,Mid,5,PhD,0
2720,Machine Learning Engineer,MNC,Healthcare,India,Hybrid,Entry,9,Master,1
2721,Data Engineer,MNC,Technology,Canada,Hybrid,Mid,12,Master,0
2722,Business Analyst,MNC,Education,India,Remote,Entry,3,PhD,0
2723,Machine Learning Engineer,Enterprise,E-commerce,India,Onsite,Mid,3,PhD,1
2724,Data Scientist,Startup,Education,Singapore,Hybrid,Senior,13,Bachelor,0
2725,Data Scientist,MNC,E-commerce,Australia,Hybrid,Entry,11,Master,0
2726,Data Scientist,Startup,Healthcare,Australia,Remote,Senior,3,PhD,1
2727,Business Analyst,Startup,Finance,Germany,Onsite,Mid,3,PhD,0
2728,AI Engineer,Enterprise,Technology,Germany,Hybrid,Entry,3,Master,1
2729,AI Engineer,Enterprise,Retail,USA,Onsite,Senior,8,Master,0
2730,Machine Learning Engineer,MNC,Education,Canada,Onsite,Senior,13,Bachelor,1
2731,Data Engineer,Medium,Education,Australia,Onsite,Entry,2,PhD,0
2732,Data Engineer,Enterprise,Technology,India,Hybrid,Entry,14,Bachelor,1
2733,Data Scientist,MNC,Technology,Canada,Hybrid,Entry,4,Bachelor,0
2734,Business Analyst,MNC,Finance,Canada,Hybrid,Senior,4,Bachelor,1
2735,Data Analyst,MNC,Education,Germany,Hybrid,Entry,0,PhD,0
2736,AI Engineer,MNC,Technology,USA,Hybrid,Mid,11,Bachelor,1
2737,Business Analyst,Enterprise,Education,USA,Remote,Mid,1,Master,1
2738,AI Engineer,MNC,Finance,USA,Remote,Mid,7,Bachelor,0
2739,AI Engineer,MNC,Finance,Singapore,Hybrid,Senior,10,Bachelor,1
2740,AI Engineer,Startup,Technology,Germany,Remote,Mid,4,Master,1
2741,Data Scientist,Enterprise,E-commerce,Germany,Onsite,Mid,12,Master,1
2742,Data Engineer,Enterprise,Technology,USA,Onsite,Mid,2,PhD,1
2743,Data Scientist,Enterprise,Education,USA,Remote,Senior,2,Master,1
2744,AI Engineer,Medium,Retail,Canada,Onsite,Mid,5,PhD,1
2745,Business Analyst,Medium,Finance,Canada,Hybrid,Entry,12,PhD,0
2746,AI Engineer,MNC,E-commerce,Australia,Remote,Mid,12,PhD,1
2747,Data Analyst,MNC,Education,Canada,Remote,Senior,4,Master,1
2748,Data Engineer,Enterprise,E-commerce,USA,Remote,Mid,3,PhD,1
2749,Business Analyst,Startup,E-commerce,Germany,Remote,Senior,7,PhD,0
2750,Data Scientist,Medium,Healthcare,Singapore,Remote,Entry,7,Bachelor,1
2751,Data Analyst,Medium,Technology,Australia,Hybrid,Senior,3,Master,1
2752,Data Analyst,MNC,Technology,Singapore,Hybrid,Mid,5,Bachelor,1
2753,Data Scientist,Startup,E-commerce,USA,Remote,Senior,8,Bachelor,1
2754,AI Engineer,Enterprise,Finance,Germany,Hybrid,Senior,7,Master,0
2755,AI Engineer,Medium,Education,Australia,Remote,Entry,10,PhD,1
2756,AI Engineer,MNC,Healthcare,USA,Hybrid,Entry,14,Bachelor,1
2757,AI Engineer,Medium,Technology,Australia,Hybrid,Mid,8,PhD,1
2758,AI Engineer,Enterprise,Education,Germany,Onsite,Senior,5,Master,1
2759,Machine Learning Engineer,Enterprise,Retail,India,Remote,Entry,13,PhD,1
2760,AI Engineer,Startup,Retail,Canada,Remote,Senior,11,PhD,0
2761,Machine Learning Engineer,MNC,Healthcare,India,Remote,Entry,13,Master,1
2762,AI Engineer,Enterprise,Retail,Australia,Onsite,Senior,10,Master,1
2763,Business Analyst,Startup,E-commerce,Singapore,Onsite,Mid,14,Master,1
2764,Business Analyst,Enterprise,Finance,Canada,Onsite,Senior,12,PhD,1
2765,Data Engineer,Startup,Healthcare,India,Onsite,Senior,13,PhD,1
2766,AI Engineer,Enterprise,Healthcare,USA,Remote,Senior,2,Bachelor,1
2767,AI Engineer,Startup,Healthcare,UK,Hybrid,Entry,3,Master,1
2768,Business Analyst,MNC,E-commerce,Germany,Hybrid,Entry,14,Bachelor,1
2769,Data Scientist,Enterprise,E-commerce,UK,Remote,Mid,6,Master,0
2770,Business Analyst,Enterprise,E-commerce,Germany,Remote,Mid,13,Master,0
2771,AI Engineer,Enterprise,Technology,Singapore,Onsite,Senior,10,Master,0
2772,Data Analyst,MNC,Education,Australia,Hybrid,Mid,8,Master,1
2773,AI Engineer,Enterprise,E-commerce,Canada,Onsite,Mid,12,Master,0
2774,Machine Learning Engineer,Startup,Healthcare,Singapore,Hybrid,Senior,13,Bachelor,0
2775,Machine Learning Engineer,Medium,Education,India,Remote,Senior,8,PhD,1
2776,AI Engineer,MNC,Technology,India,Remote,Entry,14,Bachelor,1
2777,Data Analyst,MNC,Technology,India,Onsite,Senior,10,Master,0
2778,Business Analyst,Enterprise,Education,Canada,Hybrid,Senior,14,Bachelor,0
2779,Data Analyst,Startup,Retail,UK,Onsite,Entry,12,PhD,1
2780,Data Scientist,Medium,Healthcare,Canada,Hybrid,Senior,11,Master,0
2781,Data Analyst,Medium,Education,Singapore,Remote,Senior,14,PhD,0
2782,AI Engineer,Medium,Education,USA,Hybrid,Senior,0,Master,0
2783,Data Scientist,Enterprise,Education,India,Hybrid,Senior,3,PhD,1
2784,AI Engineer,Enterprise,Finance,Canada,Hybrid,Senior,12,Master,0
2785,Business Analyst,Medium,Retail,Australia,Onsite,Senior,5,Master,0
2786,Business Analyst,Startup,E-commerce,India,Hybrid,Entry,10,Master,1
2787,Data Analyst,Startup,Retail,Australia,Hybrid,Entry,6,PhD,1
2788,AI Engineer,Enterprise,Finance,UK,Onsite,Mid,3,PhD,0
2789,Data Scientist,Enterprise,Healthcare,UK,Onsite,Senior,0,Bachelor,0
2790,AI Engineer,MNC,Retail,India,Hybrid,Entry,7,Master,1
2791,AI Engineer,Medium,Healthcare,Singapore,Remote,Senior,11,Bachelor,1
2792,Machine Learning Engineer,Startup,Healthcare,Germany,Onsite,Senior,0,Bachelor,0
2793,Machine Learning Engineer,MNC,Finance,Australia,Hybrid,Mid,2,PhD,0
2794,AI Engineer,MNC,Finance,Canada,Hybrid,Mid,0,PhD,1
2795,Machine Learning Engineer,Enterprise,Education,UK,Hybrid,Entry,5,PhD,0
2796,Machine Learning Engineer,Medium,Retail,Germany,Remote,Entry,4,PhD,0
2797,AI Engineer,Enterprise,Healthcare,USA,Hybrid,Senior,8,Bachelor,0
2798,Business Analyst,MNC,E-commerce,USA,Hybrid,Senior,6,Bachelor,1
2799,Data Analyst,Startup,Education,USA,Onsite,Entry,14,Master,1
2800,Business Analyst,Medium,Healthcare,Australia,Hybrid,Entry,13,PhD,0
2801,Data Analyst,Enterprise,Retail,Germany,Hybrid,Senior,5,Bachelor,0
2802,AI Engineer,Enterprise,Retail,UK,Remote,Entry,11,Master,1
2803,Data Engineer,Medium,Technology,Germany,Remote,Mid,8,Master,1
2804,AI Engineer,Medium,Healthcare,UK,Hybrid,Mid,10,Bachelor,1
2805,Data Scientist,Enterprise,E-commerce,Canada,Remote,Senior,13,PhD,1
2806,Machine Learning Engineer,Medium,E-commerce,UK,Hybrid,Mid,6,PhD,0
2807,AI Engineer,MNC,Retail,Canada,Remote,Entry,7,Bachelor,0
2808,AI Engineer,Medium,Education,Singapore,Onsite,Mid,2,PhD,1
2809,Machine Learning Engineer,Medium,Finance,Germany,Hybrid,Entry,3,Master,0
2810,Data Scientist,Enterprise,Retail,Germany,Onsite,Mid,9,Bachelor,0
2811,AI Engineer,Startup,Education,India,Remote,Mid,0,Bachelor,0
2812,AI Engineer,MNC,Education,Singapore,Onsite,Mid,1,Bachelor,1
2813,Machine Learning Engineer,Medium,Healthcare,Singapore,Onsite,Entry,2,PhD,0
2814,Data Scientist,Startup,Healthcare,USA,Hybrid,Mid,7,Bachelor,0
2815,Data Analyst,MNC,Technology,Canada,Onsite,Mid,3,PhD,1
2816,Data Scientist,Enterprise,Retail,Germany,Remote,Senior,13,Master,1
2817,AI Engineer,Enterprise,E-commerce,USA,Onsite,Senior,5,PhD,1
2818,AI Engineer,Medium,Education,Germany,Remote,Entry,1,PhD,0
2819,Data Scientist,Medium,Retail,Germany,Hybrid,Entry,11,Master,0
2820,Data Engineer,Startup,Healthcare,India,Onsite,Senior,10,Bachelor,1
2821,Business Analyst,MNC,Healthcare,Singapore,Onsite,Senior,5,Master,0
2822,Machine Learning Engineer,MNC,E-commerce,India,Remote,Entry,13,Master,0
2823,Business Analyst,MNC,Healthcare,USA,Hybrid,Mid,9,Bachelor,1
2824,Business Analyst,Startup,Finance,Germany,Onsite,Senior,2,Bachelor,0
2825,Data Analyst,Startup,Healthcare,Germany,Onsite,Mid,5,Bachelor,0
2826,Business Analyst,Startup,Finance,India,Onsite,Senior,14,Bachelor,1
2827,Business Analyst,Enterprise,Technology,Australia,Hybrid,Senior,1,Master,0
2828,Data Scientist,Medium,Education,India,Onsite,Entry,11,PhD,1
2829,AI Engineer,Enterprise,E-commerce,Canada,Hybrid,Entry,14,Master,0
2830,Business Analyst,Enterprise,Retail,UK,Onsite,Mid,6,Bachelor,1
2831,Data Engineer,Enterprise,Healthcare,Canada,Onsite,Senior,6,Master,0
2832,Business Analyst,Startup,E-commerce,Australia,Onsite,Senior,1,PhD,0
2833,AI Engineer,MNC,Healthcare,Germany,Onsite,Mid,5,Master,1
2834,Data Analyst,Startup,Retail,India,Hybrid,Senior,7,Master,1
2835,Data Scientist,Medium,E-commerce,Australia,Remote,Senior,2,Bachelor,1
2836,Data Engineer,MNC,Retail,Australia,Hybrid,Senior,6,Master,1
2837,Data Engineer,Startup,Retail,Germany,Remote,Entry,0,PhD,0
2838,Business Analyst,Startup,Retail,UK,Remote,Senior,12,Master,1
2839,Data Engineer,Medium,Retail,Canada,Remote,Mid,10,Bachelor,0
2840,Data Analyst,Enterprise,Healthcare,Germany,Hybrid,Senior,13,Bachelor,0
2841,Data Engineer,Enterprise,Retail,UK,Onsite,Senior,1,PhD,1
2842,Machine Learning Engineer,Startup,Finance,Canada,Remote,Senior,11,Master,1
2843,Data Analyst,Medium,Technology,Canada,Onsite,Senior,1,PhD,0
2844,AI Engineer,Enterprise,Education,Canada,Remote,Senior,5,PhD,1
2845,Data Scientist,MNC,Education,Germany,Remote,Senior,5,Master,1
2846,Data Scientist,Startup,Healthcare,India,Hybrid,Entry,2,Master,1
2847,Data Analyst,Startup,Education,UK,Hybrid,Mid,5,Master,1
2848,Data Analyst,Startup,Technology,Canada,Remote,Entry,4,PhD,0
2849,Data Engineer,MNC,Retail,India,Remote,Entry,14,PhD,0
2850,Machine Learning Engineer,MNC,Education,India,Hybrid,Senior,12,Bachelor,0
2851,AI Engineer,Enterprise,E-commerce,Singapore,Hybrid,Mid,0,PhD,1
2852,Data Engineer,Medium,Finance,Australia,Remote,Mid,7,Master,0
2853,Data Engineer,Medium,E-commerce,UK,Onsite,Entry,10,Master,0
2854,Data Analyst,Medium,Education,Australia,Onsite,Mid,5,Master,0
2855,Data Scientist,Enterprise,Retail,UK,Hybrid,Entry,13,Master,1
2856,Data Scientist,Startup,Healthcare,Singapore,Onsite,Mid,14,PhD,1
2857,Data Scientist,MNC,Finance,USA,Remote,Mid,4,Bachelor,1
2858,Data Scientist,Enterprise,Healthcare,Canada,Remote,Mid,9,Bachelor,1
2859,Data Analyst,MNC,Retail,USA,Hybrid,Mid,5,Master,1
2860,AI Engineer,MNC,Education,Australia,Onsite,Mid,0,Master,0
2861,Business Analyst,Enterprise,Technology,UK,Remote,Senior,8,Bachelor,1
2862,Machine Learning Engineer,Enterprise,Education,Canada,Onsite,Mid,6,Bachelor,1
2863,Business Analyst,Medium,Healthcare,UK,Hybrid,Mid,0,Bachelor,1
2864,Business Analyst,MNC,Healthcare,Canada,Remote,Mid,11,PhD,1
2865,Data Engineer,MNC,Retail,UK,Remote,Mid,9,Master,1
2866,Data Analyst,MNC,Healthcare,Germany,Remote,Senior,10,PhD,0
2867,Business Analyst,Enterprise,E-commerce,India,Hybrid,Senior,10,Master,0
2868,Data Scientist,Medium,Finance,India,Remote,Senior,0,Bachelor,0
2869,AI Engineer,MNC,Education,Australia,Onsite,Senior,4,Bachelor,0
2870,AI Engineer,Startup,Technology,Singapore,Onsite,Mid,0,Master,0
2871,Data Scientist,MNC,Retail,India,Onsite,Senior,1,PhD,0
2872,Data Engineer,Medium,E-commerce,Canada,Hybrid,Mid,10,Bachelor,1
2873,Business Analyst,Enterprise,E-commerce,USA,Onsite,Senior,10,Bachelor,1
2874,Machine Learning Engineer,Startup,Retail,Australia,Hybrid,Mid,0,Master,0
2875,Data Scientist,MNC,Technology,Canada,Hybrid,Entry,5,Master,0
2876,Machine Learning Engineer,Enterprise,Retail,India,Onsite,Senior,14,Bachelor,0
2877,Data Engineer,MNC,Finance,Singapore,Remote,Senior,4,PhD,0
2878,Data Analyst,Medium,Retail,India,Onsite,Mid,14,Bachelor,0
2879,Data Engineer,MNC,Education,Australia,Onsite,Senior,11,Bachelor,1
2880,Data Engineer,Startup,Technology,Australia,Remote,Senior,0,Master,1
2881,Data Engineer,Enterprise,Retail,Australia,Onsite,Mid,14,Master,0
2882,Business Analyst,MNC,Retail,Canada,Remote,Mid,13,Bachelor,0
2883,Business Analyst,Medium,Education,Singapore,Remote,Entry,8,PhD,1
2884,Data Analyst,Medium,Education,Singapore,Remote,Senior,5,Bachelor,1
2885,AI Engineer,MNC,Retail,Singapore,Remote,Entry,2,PhD,0
2886,Data Analyst,MNC,Healthcare,USA,Onsite,Senior,0,PhD,0
2887,Data Engineer,Enterprise,Education,India,Remote,Entry,8,PhD,0
2888,Data Scientist,Enterprise,Education,Australia,Onsite,Senior,12,Master,0
2889,Data Analyst,Medium,Healthcare,Germany,Remote,Mid,13,Bachelor,0
2890,Business Analyst,Startup,E-commerce,UK,Remote,Senior,10,Bachelor,1
2891,Data Analyst,Medium,Education,Singapore,Onsite,Senior,4,Master,1
2892,Machine Learning Engineer,Medium,Education,USA,Remote,Mid,1,Master,0
2893,AI Engineer,Medium,E-commerce,India,Remote,Mid,14,PhD,1
2894,AI Engineer,Medium,Healthcare,Germany,Hybrid,Entry,3,PhD,0
2895,AI Engineer,Enterprise,E-commerce,India,Remote,Senior,3,Bachelor,1
2896,Data Engineer,Medium,Education,UK,Hybrid,Entry,5,Bachelor,0
2897,AI Engineer,Startup,Finance,India,Hybrid,Entry,3,Bachelor,1
2898,Business Analyst,Startup,E-commerce,Germany,Remote,Mid,4,Bachelor,0
2899,Business Analyst,Medium,Finance,Singapore,Remote,Entry,8,Master,0
2900,AI Engineer,Medium,Technology,UK,Hybrid,Entry,5,Bachelor,1
2901,Data Analyst,Startup,Healthcare,Germany,Onsite,Mid,5,Master,0
2902,Business Analyst,Enterprise,E-commerce,Singapore,Hybrid,Senior,14,Master,0
2903,Data Analyst,MNC,E-commerce,Singapore,Onsite,Senior,8,Bachelor,0
2904,Data Analyst,Enterprise,Finance,Canada,Hybrid,Senior,4,Bachelor,1
2905,Business Analyst,Enterprise,Finance,Australia,Remote,Entry,2,PhD,1
2906,Data Scientist,Startup,Healthcare,Germany,Hybrid,Entry,9,PhD,0
2907,Business Analyst,Medium,Finance,India,Onsite,Senior,9,Bachelor,1
2908,AI Engineer,MNC,E-commerce,Australia,Hybrid,Senior,10,Master,1
2909,Data Scientist,Startup,Education,Australia,Hybrid,Senior,8,PhD,0
2910,AI Engineer,Medium,Finance,India,Hybrid,Mid,1,Master,0
2911,Machine Learning Engineer,MNC,E-commerce,Singapore,Onsite,Entry,8,PhD,1
2912,Machine Learning Engineer,Medium,Finance,Singapore,Onsite,Entry,4,Bachelor,1
2913,Data Scientist,MNC,Healthcare,UK,Remote,Senior,5,PhD,0
2914,Data Scientist,Startup,Technology,India,Remote,Senior,6,Master,0
2915,AI Engineer,Medium,Healthcare,UK,Remote,Entry,14,Master,1
2916,AI Engineer,Startup,Education,Singapore,Remote,Mid,7,Master,0
2917,Data Scientist,Startup,Education,Australia,Remote,Senior,14,Master,0
2918,AI Engineer,Startup,Technology,UK,Hybrid,Senior,5,Master,1
2919,Data Engineer,Enterprise,E-commerce,Singapore,Hybrid,Mid,11,Master,1
2920,Data Scientist,Enterprise,Healthcare,Germany,Hybrid,Entry,8,Bachelor,1
2921,Data Scientist,Medium,Finance,India,Remote,Entry,0,Master,1
2922,AI Engineer,Medium,Healthcare,Australia,Remote,Entry,1,Master,0
2923,Data Scientist,Enterprise,Healthcare,USA,Onsite,Mid,3,PhD,1
2924,Data Analyst,Enterprise,Retail,Canada,Remote,Mid,0,PhD,1
2925,AI Engineer,Enterprise,Technology,Germany,Remote,Senior,6,Bachelor,1
2926,Machine Learning Engineer,Startup,Healthcare,Canada,Hybrid,Entry,0,PhD,0
2927,Data Scientist,MNC,Retail,Germany,Onsite,Mid,8,Bachelor,0
2928,AI Engineer,Enterprise,Education,UK,Remote,Mid,8,PhD,0
2929,Data Scientist,Medium,Healthcare,Singapore,Onsite,Entry,1,Master,0
2930,AI Engineer,Startup,Finance,USA,Onsite,Senior,6,Master,0
2931,Data Engineer,MNC,Technology,USA,Onsite,Senior,5,Master,1
2932,Data Engineer,MNC,Education,India,Hybrid,Mid,12,Master,0
2933,Business Analyst,MNC,E-commerce,Canada,Hybrid,Entry,0,Master,0
2934,Data Analyst,Enterprise,Healthcare,Germany,Hybrid,Senior,3,PhD,1
2935,Business Analyst,Startup,E-commerce,Germany,Hybrid,Senior,11,Bachelor,1
2936,Machine Learning Engineer,Enterprise,E-commerce,UK,Remote,Senior,5,Bachelor,0
2937,Business Analyst,MNC,Healthcare,Singapore,Hybrid,Entry,11,Master,1
2938,Machine Learning Engineer,MNC,Technology,Australia,Remote,Entry,5,Master,1
2939,Machine Learning Engineer,MNC,Healthcare,Canada,Hybrid,Mid,1,Bachelor,1
2940,Data Analyst,Medium,Finance,India,Onsite,Mid,6,Master,0
2941,Data Scientist,Enterprise,Education,UK,Onsite,Entry,11,Bachelor,1
2942,Business Analyst,Medium,Technology,Germany,Remote,Senior,7,PhD,0
2943,Data Analyst,Enterprise,Education,Canada,Hybrid,Entry,2,Bachelor,1
2944,Machine Learning Engineer,Enterprise,Retail,UK,Onsite,Senior,14,Bachelor,0
2945,AI Engineer,Startup,Finance,Germany,Onsite,Entry,1,Master,1
2946,AI Engineer,Enterprise,Education,Canada,Onsite,Entry,9,PhD,1
2947,Data Engineer,MNC,Healthcare,Australia,Hybrid,Mid,7,Master,0
2948,Data Analyst,MNC,Healthcare,Singapore,Onsite,Mid,13,Bachelor,1
2949,Data Analyst,Startup,E-commerce,USA,Hybrid,Senior,8,Master,0
2950,Machine Learning Engineer,MNC,Retail,Singapore,Remote,Mid,11,PhD,1
2951,Business Analyst,Startup,Retail,India,Remote,Mid,1,Master,1
2952,Data Analyst,Enterprise,E-commerce,Germany,Remote,Mid,13,Master,0
2953,AI Engineer,Startup,Healthcare,USA,Hybrid,Mid,10,PhD,0
2954,Machine Learning Engineer,Medium,Retail,USA,Hybrid,Mid,10,PhD,0
2955,Business Analyst,Medium,Finance,India,Hybrid,Mid,14,Master,1
2956,Data Analyst,Enterprise,Retail,Canada,Hybrid,Mid,2,PhD,0
2957,Data Scientist,MNC,Finance,Australia,Hybrid,Entry,5,Bachelor,0
2958,Business Analyst,MNC,Retail,Germany,Onsite,Senior,10,Master,1
2959,Data Analyst,Startup,Retail,UK,Hybrid,Entry,2,PhD,1
2960,Data Engineer,Enterprise,E-commerce,USA,Onsite,Mid,14,Bachelor,0
2961,Business Analyst,Medium,Finance,India,Onsite,Entry,9,Bachelor,1
2962,Data Analyst,Medium,E-commerce,India,Onsite,Entry,0,Bachelor,0
2963,Data Analyst,Medium,E-commerce,USA,Onsite,Mid,4,Bachelor,0
2964,Data Analyst,Medium,E-commerce,Germany,Hybrid,Entry,7,Bachelor,0
2965,Data Engineer,Medium,Retail,Australia,Onsite,Entry,11,PhD,0
2966,Data Analyst,Enterprise,Technology,India,Remote,Mid,1,Master,1
2967,Data Analyst,MNC,Finance,Australia,Onsite,Senior,3,Master,0
2968,Business Analyst,Medium,Education,UK,Onsite,Entry,6,Master,1
2969,Business Analyst,Startup,E-commerce,Singapore,Hybrid,Entry,3,Master,0
2970,Data Scientist,Enterprise,Technology,UK,Onsite,Mid,14,Master,1
2971,Data Engineer,Startup,Retail,Canada,Onsite,Senior,12,Bachelor,1
2972,Data Scientist,MNC,Technology,UK,Onsite,Mid,13,Master,0
2973,AI Engineer,Medium,Technology,USA,Onsite,Mid,6,PhD,0
2974,Business Analyst,MNC,Technology,UK,Hybrid,Entry,14,Bachelor,1
2975,Business Analyst,Medium,Retail,USA,Onsite,Entry,5,Master,0
2976,Data Engineer,MNC,Retail,Australia,Hybrid,Mid,11,Bachelor,1
2977,AI Engineer,MNC,Technology,Germany,Remote,Entry,5,PhD,0
2978,Data Scientist,Startup,Healthcare,Singapore,Remote,Senior,9,Master,1
2979,Data Scientist,Enterprise,Healthcare,Singapore,Onsite,Entry,2,PhD,1
2980,Machine Learning Engineer,Medium,Healthcare,India,Remote,Mid,10,Master,0
2981,Data Engineer,MNC,Technology,Australia,Remote,Mid,10,Master,0
2982,AI Engineer,MNC,Healthcare,India,Onsite,Entry,9,PhD,0
2983,Business Analyst,Enterprise,Retail,UK,Hybrid,Senior,5,PhD,1
2984,Machine Learning Engineer,MNC,Retail,India,Hybrid,Entry,11,Master,1
2985,Data Analyst,Enterprise,E-commerce,USA,Remote,Mid,10,PhD,1
2986,Machine Learning Engineer,Enterprise,E-commerce,India,Hybrid,Senior,11,Bachelor,0
2987,Data Analyst,Startup,E-commerce,USA,Remote,Senior,0,PhD,0
2988,Data Engineer,Enterprise,Education,Canada,Remote,Mid,14,Master,1
2989,Data Scientist,Enterprise,E-commerce,USA,Onsite,Senior,8,PhD,1
2990,Data Scientist,Enterprise,Education,Singapore,Hybrid,Mid,11,Master,1
2991,Machine Learning Engineer,MNC,Retail,Singapore,Hybrid,Senior,12,Bachelor,1
2992,Data Engineer,Medium,E-commerce,Germany,Onsite,Entry,13,Bachelor,1
2993,AI Engineer,Enterprise,Retail,UK,Remote,Mid,9,Master,1
2994,AI Engineer,Enterprise,Healthcare,UK,Hybrid,Senior,0,PhD,1
2995,AI Engineer,Medium,Technology,UK,Onsite,Entry,10,PhD,1
2996,Data Engineer,Enterprise,Retail,Singapore,Hybrid,Entry,14,Master,1
2997,Machine Learning Engineer,MNC,Technology,Singapore,Hybrid,Senior,1,Master,1
2998,AI Engineer,Startup,Healthcare,Canada,Hybrid,Mid,8,Master,1
2999,Machine Learning Engineer,Startup,Technology,UK,Remote,Senior,12,PhD,0
3000,AI Engineer,Startup,Retail,USA,Hybrid,Senior,1,PhD,0
3001,Data Analyst,MNC,Finance,Germany,Hybrid,Entry,12,PhD,0
3002,Data Analyst,Startup,Finance,Germany,Remote,Entry,8,Master,0
3003,AI Engineer,Startup,Technology,Australia,Onsite,Entry,12,PhD,0
3004,Business Analyst,MNC,Healthcare,India,Onsite,Entry,9,Bachelor,0
3005,Data Scientist,Startup,Healthcare,Australia,Remote,Senior,12,PhD,1
3006,Machine Learning Engineer,Startup,Technology,India,Hybrid,Entry,1,PhD,1
3007,AI Engineer,Enterprise,Finance,Germany,Onsite,Senior,5,Bachelor,1
3008,Data Analyst,Enterprise,Education,Germany,Hybrid,Senior,6,Bachelor,0
3009,Machine Learning Engineer,Medium,Finance,Germany,Onsite,Mid,5,Master,0
3010,Data Analyst,Enterprise,E-commerce,India,Onsite,Entry,11,PhD,1
3011,Data Engineer,MNC,Retail,Germany,Remote,Entry,5,PhD,1
3012,Data Analyst,Medium,E-commerce,Singapore,Onsite,Mid,11,Master,1
3013,Data Engineer,Medium,Healthcare,India,Remote,Entry,0,Bachelor,0
3014,Data Engineer,Medium,Retail,Australia,Onsite,Senior,7,Master,1
3015,Data Scientist,Medium,Retail,Singapore,Remote,Mid,5,Bachelor,0
3016,Data Scientist,Medium,Technology,India,Remote,Mid,11,PhD,0
3017,Data Scientist,Enterprise,Technology,Australia,Onsite,Senior,13,Bachelor,0
3018,Machine Learning Engineer,Startup,Technology,India,Onsite,Mid,1,PhD,1
3019,Data Analyst,MNC,Finance,Australia,Hybrid,Senior,1,Master,1
3020,Data Scientist,Startup,Technology,Singapore,Onsite,Mid,2,PhD,0
3021,Data Scientist,MNC,Finance,India,Onsite,Entry,9,Bachelor,0
3022,AI Engineer,MNC,Education,UK,Hybrid,Entry,10,PhD,0
3023,Data Analyst,Enterprise,Technology,UK,Remote,Entry,0,Bachelor,0
3024,Data Scientist,Medium,E-commerce,Germany,Remote,Senior,4,Master,1
3025,Data Scientist,Startup,Healthcare,USA,Remote,Entry,14,Master,0
3026,Data Engineer,Enterprise,Technology,Germany,Remote,Mid,9,Bachelor,1
3027,Business Analyst,Medium,Healthcare,Canada,Onsite,Mid,3,Master,0
3028,AI Engineer,Medium,E-commerce,USA,Remote,Entry,9,PhD,1
3029,AI Engineer,Startup,Education,USA,Onsite,Entry,9,PhD,0
3030,Business Analyst,Startup,E-commerce,Australia,Hybrid,Senior,5,Bachelor,1
3031,Data Scientist,Enterprise,Technology,Canada,Hybrid,Entry,6,Bachelor,0
3032,Data Analyst,Enterprise,Retail,India,Remote,Senior,14,Master,0
3033,Machine Learning Engineer,Enterprise,Education,Germany,Remote,Entry,11,PhD,1
3034,Data Analyst,Medium,Technology,Canada,Onsite,Senior,8,PhD,1
3035,Machine Learning Engineer,Medium,Retail,Singapore,Hybrid,Mid,2,Bachelor,0
3036,Business Analyst,Startup,Healthcare,Australia,Hybrid,Senior,10,Bachelor,1
3037,Data Scientist,Startup,Retail,UK,Onsite,Mid,3,Bachelor,0
3038,Business Analyst,Medium,Retail,UK,Onsite,Senior,10,PhD,1
3039,Data Scientist,Startup,Education,Singapore,Remote,Senior,7,PhD,0
3040,AI Engineer,MNC,Technology,USA,Hybrid,Mid,2,Master,1
3041,Machine Learning Engineer,Medium,Retail,Australia,Hybrid,Entry,5,PhD,1
3042,AI Engineer,MNC,Technology,India,Hybrid,Entry,3,Master,0
3043,Machine Learning Engineer,Enterprise,Education,Australia,Hybrid,Mid,3,Bachelor,1
3044,Data Analyst,MNC,E-commerce,Germany,Onsite,Senior,9,PhD,1
3045,Machine Learning Engineer,Enterprise,Technology,Germany,Remote,Senior,7,Master,1
3046,Data Scientist,Startup,E-commerce,Australia,Hybrid,Entry,0,PhD,1
3047,Data Engineer,Startup,Healthcare,Singapore,Hybrid,Mid,4,Bachelor,1
3048,Data Engineer,MNC,Technology,Singapore,Hybrid,Mid,1,Bachelor,1
3049,Data Analyst,Enterprise,Education,Singapore,Remote,Senior,3,Bachelor,0
3050,Machine Learning Engineer,Startup,E-commerce,USA,Remote,Entry,13,Bachelor,1
3051,Data Analyst,MNC,E-commerce,Singapore,Hybrid,Mid,6,Master,0
3052,Data Analyst,Enterprise,Education,UK,Onsite,Senior,10,Master,1
3053,Data Engineer,Enterprise,Technology,Germany,Remote,Senior,3,PhD,1
3054,Data Engineer,MNC,Retail,Singapore,Hybrid,Senior,8,PhD,1
3055,Business Analyst,Startup,Technology,Germany,Remote,Mid,0,Bachelor,1
3056,Data Engineer,Enterprise,Retail,USA,Onsite,Senior,4,PhD,0
3057,Business Analyst,Startup,Finance,Canada,Remote,Senior,1,Master,1
3058,Data Engineer,Startup,Retail,UK,Remote,Mid,13,PhD,0
3059,Machine Learning Engineer,Medium,Finance,Canada,Hybrid,Entry,8,Master,1
3060,Data Scientist,MNC,E-commerce,India,Remote,Mid,12,Master,1
3061,Data Scientist,Medium,E-commerce,Germany,Hybrid,Entry,12,PhD,1
3062,Data Scientist,Startup,Technology,USA,Remote,Entry,3,Master,0
3063,Business Analyst,Medium,Finance,Germany,Hybrid,Mid,9,Master,1
3064,Machine Learning Engineer,Medium,Finance,USA,Remote,Entry,13,Master,1
3065,Business Analyst,Medium,Finance,UK,Hybrid,Entry,1,Bachelor,0
3066,AI Engineer,Enterprise,Technology,USA,Remote,Mid,2,Master,1
3067,Machine Learning Engineer,MNC,Finance,Germany,Hybrid,Senior,7,Master,0
3068,Data Analyst,Startup,Education,India,Onsite,Senior,5,PhD,0
3069,Data Scientist,Medium,Retail,USA,Remote,Senior,0,Master,1
3070,Data Engineer,Enterprise,Finance,India,Remote,Entry,14,Bachelor,0
3071,Data Scientist,Startup,Retail,UK,Onsite,Entry,12,PhD,0
3072,Data Scientist,Medium,Education,Germany,Onsite,Entry,10,PhD,0
3073,Data Scientist,Startup,Education,Germany,Hybrid,Mid,7,Bachelor,0
3074,Data Analyst,Medium,Education,Germany,Remote,Mid,13,Bachelor,0
3075,Machine Learning Engineer,Enterprise,E-commerce,UK,Onsite,Senior,6,PhD,1
3076,Data Scientist,MNC,Education,UK,Hybrid,Mid,9,PhD,0
3077,AI Engineer,MNC,Finance,Germany,Hybrid,Senior,2,PhD,0
3078,Business Analyst,MNC,Retail,Australia,Hybrid,Senior,10,PhD,0
3079,Data Analyst,Medium,Technology,Germany,Hybrid,Mid,14,Master,0
3080,Data Engineer,MNC,Finance,Australia,Onsite,Mid,12,Bachelor,0
3081,AI Engineer,Medium,Finance,India,Onsite,Mid,6,Master,0
3082,Data Analyst,Startup,E-commerce,Germany,Onsite,Mid,6,Master,0
3083,Data Scientist,MNC,Retail,Germany,Onsite,Mid,2,PhD,1
3084,Data Analyst,MNC,Technology,Canada,Onsite,Entry,8,PhD,1
3085,Machine Learning Engineer,Startup,Finance,UK,Remote,Entry,0,Master,1
3086,AI Engineer,Startup,Education,USA,Hybrid,Mid,3,PhD,0
3087,Data Scientist,MNC,Retail,USA,Onsite,Entry,1,PhD,0
3088,Data Analyst,Medium,Technology,Germany,Onsite,Entry,1,PhD,1
3089,Business Analyst,MNC,Education,Australia,Onsite,Senior,6,Bachelor,1
3090,Data Scientist,MNC,Healthcare,Singapore,Hybrid,Senior,11,Bachelor,0
3091,Data Scientist,Enterprise,Technology,Canada,Onsite,Entry,6,Bachelor,0
3092,AI Engineer,Medium,Education,Singapore,Remote,Senior,11,Bachelor,1
3093,Data Analyst,MNC,E-commerce,UK,Onsite,Mid,2,PhD,1
3094,Machine Learning Engineer,Enterprise,Technology,Singapore,Hybrid,Entry,12,Master,1
3095,Data Analyst,Medium,Healthcare,UK,Onsite,Entry,0,Bachelor,0
3096,Data Scientist,Medium,Education,Canada,Remote,Senior,12,Bachelor,0
3097,Data Analyst,Medium,Technology,Singapore,Hybrid,Senior,11,Master,1
3098,Data Scientist,MNC,Finance,USA,Hybrid,Mid,0,Master,1
3099,Data Analyst,Enterprise,Finance,Singapore,Onsite,Mid,4,Bachelor,0
3100,AI Engineer,Startup,Retail,Germany,Remote,Senior,7,PhD,0
3101,Business Analyst,MNC,Technology,India,Onsite,Senior,10,Bachelor,1
3102,Business Analyst,Startup,Education,Canada,Onsite,Entry,2,PhD,0
3103,Data Analyst,Medium,Healthcare,UK,Remote,Senior,5,PhD,0
3104,Data Engineer,Startup,Retail,USA,Remote,Senior,4,Master,1
3105,Machine Learning Engineer,Startup,Finance,Australia,Hybrid,Senior,4,Master,1
3106,Data Analyst,Startup,E-commerce,USA,Onsite,Senior,9,PhD,1
3107,Data Engineer,Startup,Technology,Australia,Hybrid,Senior,5,Bachelor,1
3108,AI Engineer,MNC,Education,Australia,Remote,Mid,0,PhD,0
3109,Machine Learning Engineer,Enterprise,Education,Australia,Remote,Mid,2,Bachelor,0
3110,AI Engineer,Enterprise,Technology,Singapore,Onsite,Mid,2,Master,0
3111,Data Engineer,Medium,Finance,UK,Remote,Senior,10,Bachelor,0
3112,AI Engineer,MNC,Healthcare,USA,Onsite,Entry,3,Master,1
3113,Data Scientist,MNC,Technology,Australia,Onsite,Senior,4,Bachelor,0
3114,Data Analyst,Medium,Finance,UK,Remote,Mid,6,Bachelor,1
3115,Data Engineer,MNC,E-commerce,Canada,Hybrid,Entry,9,Bachelor,1
3116,Data Engineer,Medium,Finance,India,Onsite,Senior,4,Bachelor,1
3117,Machine Learning Engineer,MNC,Education,Australia,Onsite,Mid,5,Bachelor,1
3118,AI Engineer,Startup,E-commerce,Singapore,Hybrid,Senior,11,PhD,1
3119,Data Engineer,Medium,Finance,India,Onsite,Mid,14,Bachelor,1
3120,Data Analyst,MNC,Retail,Germany,Hybrid,Senior,12,Master,1
3121,AI Engineer,Medium,E-commerce,India,Hybrid,Senior,7,Bachelor,1
3122,AI Engineer,Medium,Finance,India,Hybrid,Mid,14,PhD,0
3123,Data Engineer,Enterprise,Education,USA,Remote,Mid,0,Master,1
3124,Data Engineer,Startup,Technology,India,Remote,Senior,2,Master,0
3125,Machine Learning Engineer,Startup,Technology,India,Remote,Senior,13,Bachelor,1
3126,Data Engineer,Startup,Retail,Germany,Hybrid,Mid,2,PhD,0
3127,AI Engineer,MNC,Education,India,Remote,Mid,3,Master,1
3128,Data Scientist,MNC,Finance,Canada,Remote,Senior,13,Bachelor,1
3129,Business Analyst,Enterprise,Education,UK,Onsite,Mid,4,PhD,1
3130,Machine Learning Engineer,Startup,E-commerce,India,Hybrid,Senior,5,PhD,0
3131,AI Engineer,Enterprise,E-commerce,Singapore,Hybrid,Mid,12,Bachelor,1
3132,Machine Learning Engineer,Startup,Technology,India,Remote,Entry,11,Master,0
3133,AI Engineer,Startup,Healthcare,UK,Remote,Mid,12,Bachelor,1
3134,Business Analyst,Medium,E-commerce,Canada,Onsite,Mid,4,Master,0
3135,Data Engineer,Startup,Retail,Australia,Onsite,Senior,7,PhD,0
3136,AI Engineer,Enterprise,Technology,Germany,Onsite,Entry,2,Master,1
3137,Data Scientist,MNC,E-commerce,Canada,Hybrid,Entry,6,Master,0
3138,Machine Learning Engineer,Medium,Technology,Canada,Hybrid,Senior,2,Bachelor,0
3139,AI Engineer,Medium,Retail,Canada,Onsite,Entry,9,Master,1
3140,AI Engineer,Startup,Healthcare,UK,Hybrid,Entry,11,Master,1
3141,Business Analyst,Startup,E-commerce,Germany,Onsite,Entry,5,PhD,0
3142,AI Engineer,Startup,Healthcare,Singapore,Hybrid,Senior,5,PhD,1
3143,Machine Learning Engineer,Startup,Technology,India,Remote,Mid,3,Master,0
3144,AI Engineer,MNC,Healthcare,Canada,Remote,Senior,12,Master,0
3145,Data Scientist,Medium,E-commerce,Canada,Onsite,Entry,10,Bachelor,1
3146,Data Scientist,Enterprise,Technology,India,Hybrid,Senior,12,Bachelor,1
3147,Business Analyst,Medium,Healthcare,USA,Hybrid,Mid,5,PhD,0
3148,AI Engineer,Medium,Technology,India,Hybrid,Mid,14,Master,0
3149,Data Scientist,Enterprise,Retail,USA,Hybrid,Entry,11,Bachelor,0
3150,Data Scientist,Startup,Finance,Singapore,Onsite,Senior,0,PhD,0
3151,AI Engineer,Startup,Education,India,Hybrid,Mid,12,Bachelor,0
3152,Data Engineer,Medium,Education,Canada,Onsite,Entry,1,Master,1
3153,Business Analyst,Startup,Technology,Canada,Hybrid,Mid,10,PhD,0
3154,Machine Learning Engineer,MNC,Technology,Canada,Remote,Entry,3,Master,0
3155,Business Analyst,Medium,E-commerce,Canada,Hybrid,Senior,12,Master,1
3156,Data Analyst,Enterprise,Retail,Australia,Hybrid,Entry,11,Bachelor,1
3157,AI Engineer,MNC,Healthcare,USA,Remote,Entry,13,Master,1
3158,AI Engineer,Enterprise,Education,Australia,Remote,Entry,10,PhD,0
3159,Machine Learning Engineer,Startup,Education,Singapore,Onsite,Entry,4,PhD,0
3160,Machine Learning Engineer,MNC,Retail,India,Remote,Senior,5,Bachelor,0
3161,AI Engineer,Startup,Healthcare,UK,Remote,Mid,5,Bachelor,0
3162,Business Analyst,Enterprise,Healthcare,UK,Remote,Senior,13,PhD,1
3163,Data Scientist,Enterprise,Retail,Germany,Hybrid,Entry,13,Master,1
3164,AI Engineer,MNC,Finance,Australia,Onsite,Senior,12,PhD,1
3165,Data Engineer,Enterprise,Retail,India,Hybrid,Entry,7,PhD,0
3166,Data Engineer,MNC,Healthcare,India,Hybrid,Senior,10,PhD,0
3167,Data Scientist,MNC,Finance,Australia,Remote,Entry,9,PhD,1
3168,Data Engineer,Startup,E-commerce,USA,Hybrid,Entry,3,PhD,1
3169,Machine Learning Engineer,MNC,E-commerce,India,Remote,Entry,7,Bachelor,0
3170,AI Engineer,Enterprise,Retail,Canada,Remote,Senior,11,PhD,1
3171,Machine Learning Engineer,Startup,Retail,UK,Onsite,Senior,0,Bachelor,1
3172,Machine Learning Engineer,Medium,Technology,USA,Onsite,Entry,0,PhD,1
3173,Data Analyst,Startup,Education,Canada,Hybrid,Entry,11,Master,0
3174,Data Analyst,Startup,E-commerce,Germany,Hybrid,Senior,6,PhD,0
3175,AI Engineer,Medium,Healthcare,UK,Hybrid,Mid,11,Master,1
3176,AI Engineer,Enterprise,Technology,Germany,Remote,Entry,8,Master,1
3177,Data Scientist,Medium,Education,Singapore,Remote,Entry,13,PhD,1
3178,Data Scientist,Enterprise,Finance,USA,Onsite,Senior,14,Master,0
3179,Machine Learning Engineer,MNC,Technology,Singapore,Hybrid,Mid,6,PhD,0
3180,Data Analyst,Startup,Technology,Germany,Onsite,Mid,14,Bachelor,0
3181,Data Analyst,MNC,Finance,USA,Remote,Entry,8,Master,0
3182,Data Scientist,Startup,Retail,USA,Remote,Entry,3,Master,1
3183,Machine Learning Engineer,Medium,Healthcare,Canada,Hybrid,Entry,9,Master,0
3184,AI Engineer,Medium,Finance,India,Hybrid,Mid,0,PhD,0
3185,Data Scientist,Medium,Education,UK,Remote,Mid,12,PhD,1
3186,Business Analyst,MNC,E-commerce,India,Remote,Entry,6,Master,0
3187,Machine Learning Engineer,Medium,Retail,Germany,Onsite,Entry,13,PhD,1
3188,Data Engineer,MNC,E-commerce,USA,Hybrid,Entry,1,Master,0
3189,Data Scientist,Medium,Education,USA,Remote,Mid,7,Bachelor,1
3190,Data Scientist,Startup,Healthcare,India,Hybrid,Entry,4,Bachelor,1
3191,Machine Learning Engineer,Enterprise,Education,India,Onsite,Senior,9,Bachelor,0
3192,AI Engineer,Startup,Technology,UK,Hybrid,Mid,0,Master,0
3193,AI Engineer,Medium,Retail,India,Hybrid,Senior,14,Master,0
3194,Machine Learning Engineer,Startup,Finance,Singapore,Hybrid,Senior,4,Bachelor,1
3195,Business Analyst,MNC,Finance,Singapore,Onsite,Mid,7,Bachelor,1
3196,AI Engineer,Enterprise,Technology,Singapore,Hybrid,Entry,5,Master,1
3197,Data Analyst,MNC,Finance,Australia,Remote,Senior,1,PhD,0
3198,Data Scientist,Medium,E-commerce,USA,Hybrid,Mid,2,Master,1
3199,Business Analyst,MNC,Finance,Singapore,Onsite,Mid,12,Bachelor,0
3200,AI Engineer,Startup,Finance,USA,Onsite,Mid,0,Bachelor,1
3201,AI Engineer,MNC,Finance,Canada,Onsite,Senior,11,Master,1
3202,Data Engineer,Medium,Finance,India,Onsite,Mid,1,PhD,0
3203,Data Engineer,Medium,Technology,Germany,Remote,Senior,7,Master,0
3204,AI Engineer,MNC,Retail,Australia,Remote,Mid,13,Master,0
3205,Machine Learning Engineer,Startup,Retail,UK,Onsite,Senior,5,Bachelor,1
3206,Machine Learning Engineer,Enterprise,Retail,USA,Remote,Mid,5,PhD,0
3207,Data Scientist,Medium,E-commerce,Germany,Hybrid,Mid,14,PhD,1
3208,AI Engineer,Startup,E-commerce,UK,Hybrid,Senior,7,Master,0
3209,Business Analyst,Medium,Healthcare,India,Onsite,Senior,12,Master,1
3210,Machine Learning Engineer,MNC,Technology,USA,Hybrid,Entry,7,Master,1
3211,Data Analyst,Medium,Finance,Australia,Onsite,Mid,7,PhD,1
3212,Machine Learning Engineer,Enterprise,Healthcare,Germany,Remote,Mid,5,Bachelor,0
3213,Data Analyst,Medium,Education,USA,Hybrid,Senior,5,Bachelor,0
3214,AI Engineer,Medium,E-commerce,Canada,Remote,Mid,7,Bachelor,1
3215,Machine Learning Engineer,MNC,Education,UK,Hybrid,Mid,9,Master,0
3216,Machine Learning Engineer,MNC,Retail,USA,Onsite,Mid,13,PhD,1
3217,Data Analyst,Enterprise,Technology,India,Hybrid,Mid,14,Bachelor,1
3218,Data Scientist,Medium,Healthcare,UK,Remote,Mid,14,Bachelor,0
3219,Data Scientist,Startup,Retail,Singapore,Remote,Mid,12,PhD,0
3220,Data Engineer,Startup,Healthcare,Singapore,Onsite,Entry,10,Bachelor,0
3221,Data Analyst,MNC,E-commerce,Singapore,Hybrid,Entry,13,PhD,1
3222,Machine Learning Engineer,Enterprise,E-commerce,USA,Remote,Entry,12,Master,1
3223,Data Analyst,Medium,Healthcare,Singapore,Onsite,Entry,7,PhD,0
3224,Data Analyst,Medium,Retail,Singapore,Hybrid,Senior,11,PhD,0
3225,Data Scientist,Startup,Healthcare,UK,Remote,Entry,1,PhD,1
3226,Data Scientist,Enterprise,Healthcare,Australia,Onsite,Entry,9,Master,1
3227,Business Analyst,Enterprise,Healthcare,India,Onsite,Entry,13,PhD,0
3228,Business Analyst,Enterprise,Finance,UK,Remote,Mid,2,Bachelor,1
3229,Data Scientist,Startup,Finance,India,Remote,Entry,5,Master,0
3230,Data Engineer,Startup,Finance,Singapore,Onsite,Senior,4,Master,0
3231,Machine Learning Engineer,Enterprise,Finance,UK,Hybrid,Senior,10,Bachelor,0
3232,Business Analyst,Medium,Finance,UK,Onsite,Mid,5,PhD,0
3233,Data Scientist,Startup,Education,India,Hybrid,Entry,6,Bachelor,1
3234,Data Analyst,Startup,Education,India,Remote,Entry,3,PhD,1
3235,Machine Learning Engineer,Medium,Finance,UK,Onsite,Senior,0,PhD,1
3236,AI Engineer,Medium,Healthcare,India,Hybrid,Mid,6,Master,1
3237,Business Analyst,MNC,Technology,India,Hybrid,Senior,6,Master,1
3238,Data Scientist,MNC,E-commerce,Australia,Onsite,Senior,9,Master,1
3239,Data Scientist,Enterprise,Retail,Australia,Remote,Mid,4,Bachelor,0
3240,Data Analyst,Enterprise,Healthcare,India,Hybrid,Entry,11,Master,0
3241,AI Engineer,Enterprise,Technology,Singapore,Onsite,Senior,13,Master,1
3242,Machine Learning Engineer,MNC,Finance,Singapore,Remote,Mid,8,PhD,0
3243,AI Engineer,Enterprise,Retail,UK,Onsite,Mid,4,Master,1
3244,Machine Learning Engineer,MNC,Technology,Singapore,Hybrid,Senior,11,Bachelor,0
3245,AI Engineer,Medium,Healthcare,Canada,Remote,Entry,1,PhD,1
3246,Data Analyst,MNC,Technology,Singapore,Onsite,Mid,0,Bachelor,1
3247,Business Analyst,Enterprise,Finance,USA,Hybrid,Entry,13,Master,0
3248,Machine Learning Engineer,Startup,Finance,Canada,Hybrid,Senior,10,Master,0
3249,Data Analyst,Enterprise,Finance,India,Remote,Mid,4,Bachelor,0
3250,Business Analyst,Enterprise,E-commerce,Singapore,Hybrid,Mid,6,Bachelor,1
3251,Data Scientist,Enterprise,Healthcare,Germany,Onsite,Senior,8,PhD,1
3252,Machine Learning Engineer,Enterprise,Finance,Australia,Hybrid,Senior,10,PhD,0
3253,Data Scientist,Enterprise,Retail,Germany,Hybrid,Senior,12,PhD,1
3254,Machine Learning Engineer,Enterprise,Healthcare,Australia,Hybrid,Senior,7,Master,0
3255,Data Scientist,Enterprise,E-commerce,Singapore,Hybrid,Senior,10,Master,1
3256,Data Analyst,Startup,E-commerce,Germany,Onsite,Mid,12,PhD,0
3257,Data Engineer,Medium,Technology,UK,Onsite,Mid,13,Master,1
3258,Data Analyst,MNC,Technology,Germany,Hybrid,Entry,12,Master,1
3259,Data Scientist,Enterprise,Retail,India,Onsite,Entry,6,Master,1
3260,Data Analyst,Medium,Healthcare,Australia,Hybrid,Entry,9,PhD,0
3261,Data Analyst,MNC,Retail,Germany,Hybrid,Entry,12,PhD,0
3262,Data Scientist,Medium,Technology,Singapore,Remote,Entry,9,Bachelor,0
3263,Data Analyst,Enterprise,Healthcare,Australia,Remote,Mid,9,Master,0
3264,Business Analyst,Enterprise,E-commerce,USA,Onsite,Entry,5,Master,0
3265,AI Engineer,Enterprise,Education,Australia,Onsite,Senior,11,Bachelor,1
3266,Data Scientist,Medium,Technology,Singapore,Remote,Senior,13,PhD,0
3267,Data Engineer,Medium,Retail,Canada,Onsite,Mid,5,Bachelor,1
3268,Data Engineer,Medium,Healthcare,Germany,Remote,Senior,10,Master,0
3269,Business Analyst,Startup,Finance,USA,Remote,Mid,3,Master,1
3270,Data Engineer,Enterprise,Healthcare,Germany,Hybrid,Entry,9,Master,1
3271,Data Analyst,Startup,Education,Singapore,Hybrid,Entry,8,Bachelor,1
3272,Data Engineer,MNC,Retail,Germany,Onsite,Mid,5,Master,1
3273,Business Analyst,Medium,E-commerce,UK,Onsite,Senior,8,Bachelor,1
3274,Data Analyst,Medium,Education,UK,Hybrid,Senior,2,Bachelor,1
3275,AI Engineer,Enterprise,Technology,India,Hybrid,Mid,6,Bachelor,0
3276,Data Analyst,MNC,E-commerce,Canada,Remote,Mid,11,PhD,1
3277,Data Engineer,MNC,E-commerce,UK,Onsite,Mid,1,Bachelor,0
3278,Machine Learning Engineer,Startup,Technology,India,Hybrid,Senior,8,PhD,1
3279,Data Analyst,Enterprise,Technology,Singapore,Hybrid,Mid,6,PhD,1
3280,Machine Learning Engineer,Medium,Retail,UK,Remote,Mid,0,Master,0
3281,AI Engineer,Startup,Technology,India,Hybrid,Senior,12,PhD,0
3282,Machine Learning Engineer,MNC,Technology,Australia,Remote,Senior,0,Bachelor,0
3283,AI Engineer,Medium,Retail,Canada,Hybrid,Mid,8,PhD,1
3284,Data Scientist,Medium,Healthcare,Germany,Remote,Entry,1,PhD,0
3285,Machine Learning Engineer,MNC,Technology,Germany,Onsite,Senior,1,Bachelor,1
3286,Machine Learning Engineer,Startup,Education,India,Onsite,Entry,14,Master,0
3287,Machine Learning Engineer,Startup,Technology,USA,Remote,Senior,14,PhD,0
3288,Data Scientist,Enterprise,E-commerce,India,Onsite,Entry,4,PhD,0
3289,Data Analyst,Medium,Education,Germany,Onsite,Entry,14,PhD,1
3290,Data Scientist,Medium,Retail,Canada,Remote,Senior,13,Master,0
3291,Data Engineer,MNC,Technology,USA,Hybrid,Entry,3,PhD,0
3292,Data Engineer,Medium,Technology,Singapore,Hybrid,Mid,0,Master,0
3293,Data Analyst,Enterprise,Technology,India,Onsite,Mid,0,PhD,1
3294,Machine Learning Engineer,Enterprise,E-commerce,Australia,Remote,Senior,8,PhD,0
3295,Data Engineer,Startup,Finance,Germany,Hybrid,Senior,5,Bachelor,1
3296,Machine Learning Engineer,Startup,Retail,Germany,Remote,Mid,8,Bachelor,1
3297,Data Engineer,Startup,Retail,Australia,Hybrid,Senior,0,Master,1
3298,AI Engineer,Medium,E-commerce,UK,Onsite,Senior,8,Bachelor,0
3299,AI Engineer,MNC,Education,UK,Remote,Senior,5,PhD,1
3300,Business Analyst,Medium,Finance,Germany,Hybrid,Senior,9,Bachelor,0
3301,Data Scientist,Enterprise,Technology,USA,Hybrid,Senior,11,Bachelor,1
3302,Data Engineer,Medium,Retail,India,Hybrid,Entry,6,Bachelor,1
3303,Business Analyst,Medium,Finance,USA,Onsite,Mid,2,Master,1
3304,AI Engineer,Medium,Retail,Canada,Hybrid,Mid,13,PhD,1
3305,Data Engineer,Startup,Finance,Singapore,Hybrid,Mid,12,Master,1
3306,Data Engineer,Startup,Retail,Singapore,Hybrid,Mid,2,Bachelor,1
3307,Data Engineer,Startup,Finance,Canada,Remote,Mid,4,Master,1
3308,Business Analyst,MNC,Finance,Germany,Onsite,Mid,14,Master,0
3309,Data Engineer,Medium,Retail,India,Hybrid,Mid,6,PhD,1
3310,AI Engineer,MNC,Healthcare,Singapore,Onsite,Mid,1,Bachelor,1
3311,Machine Learning Engineer,Medium,Education,UK,Remote,Entry,8,Bachelor,1
3312,Data Scientist,MNC,Healthcare,Australia,Hybrid,Senior,5,Bachelor,1
3313,AI Engineer,Enterprise,Technology,India,Onsite,Entry,1,Bachelor,1
3314,Business Analyst,Enterprise,Healthcare,USA,Hybrid,Senior,4,Master,1
3315,Business Analyst,Enterprise,Technology,Germany,Hybrid,Senior,9,Bachelor,0
3316,AI Engineer,Medium,Retail,Canada,Hybrid,Mid,5,Master,1
3317,Machine Learning Engineer,MNC,Healthcare,India,Onsite,Entry,12,Bachelor,1
3318,Data Engineer,Enterprise,E-commerce,India,Hybrid,Entry,6,Master,0
3319,Machine Learning Engineer,MNC,Technology,India,Hybrid,Mid,5,PhD,1
3320,Data Scientist,Medium,Finance,UK,Remote,Senior,6,Bachelor,0
3321,AI Engineer,MNC,Finance,Canada,Hybrid,Entry,8,PhD,1
3322,AI Engineer,Enterprise,Technology,USA,Onsite,Mid,4,Bachelor,1
3323,Data Engineer,Startup,Retail,UK,Hybrid,Entry,0,Bachelor,0
3324,Data Engineer,Medium,Finance,UK,Hybrid,Senior,5,PhD,0
3325,Data Scientist,MNC,Retail,Australia,Onsite,Mid,14,PhD,1
3326,Machine Learning Engineer,Enterprise,E-commerce,UK,Remote,Mid,14,Master,1
3327,Machine Learning Engineer,MNC,Education,India,Onsite,Mid,12,Master,1
3328,AI Engineer,Startup,Healthcare,UK,Onsite,Entry,1,PhD,1
3329,AI Engineer,Startup,Technology,UK,Hybrid,Entry,10,PhD,0
3330,Business Analyst,Startup,Healthcare,Canada,Onsite,Senior,9,Master,0
3331,Data Engineer,Medium,Technology,Australia,Remote,Entry,0,Bachelor,0
3332,Data Engineer,Medium,Finance,Germany,Onsite,Entry,5,PhD,1
3333,Data Engineer,Startup,Technology,Australia,Onsite,Senior,4,Master,0
3334,AI Engineer,Medium,E-commerce,Germany,Onsite,Senior,10,Bachelor,0
3335,Machine Learning Engineer,MNC,E-commerce,India,Remote,Mid,9,Bachelor,1
3336,Data Scientist,Startup,Technology,Canada,Remote,Senior,7,PhD,1
3337,Business Analyst,Medium,Education,Germany,Onsite,Entry,9,Bachelor,0
3338,Data Analyst,Startup,Finance,UK,Onsite,Entry,14,PhD,0
3339,Data Analyst,Enterprise,E-commerce,Singapore,Remote,Entry,7,PhD,0
3340,Machine Learning Engineer,Startup,E-commerce,Australia,Onsite,Senior,13,Master,0
3341,Data Scientist,Enterprise,Technology,India,Hybrid,Mid,9,Master,0
3342,Machine Learning Engineer,MNC,Healthcare,India,Hybrid,Mid,9,PhD,1
3343,Machine Learning Engineer,Enterprise,Education,Singapore,Onsite,Entry,12,PhD,0
3344,Machine Learning Engineer,Medium,Technology,Australia,Onsite,Senior,2,Bachelor,1
3345,Business Analyst,Enterprise,Retail,Germany,Hybrid,Senior,2,Bachelor,0
3346,AI Engineer,Enterprise,Education,UK,Onsite,Senior,4,Master,0
3347,Machine Learning Engineer,Enterprise,Technology,India,Remote,Mid,4,PhD,0
3348,Data Engineer,Enterprise,Technology,Germany,Remote,Entry,0,Master,1
3349,Business Analyst,MNC,Retail,UK,Hybrid,Mid,2,Bachelor,1
3350,Data Engineer,Enterprise,Retail,USA,Remote,Mid,8,Bachelor,0
3351,Data Scientist,Enterprise,Finance,India,Hybrid,Mid,6,PhD,0
3352,Machine Learning Engineer,MNC,Technology,USA,Onsite,Entry,5,Master,0
3353,Machine Learning Engineer,Enterprise,Finance,Germany,Remote,Senior,10,Master,0
3354,Data Scientist,Enterprise,Technology,UK,Hybrid,Entry,2,PhD,1
3355,AI Engineer,Medium,Healthcare,UK,Hybrid,Mid,2,Bachelor,1
3356,AI Engineer,Enterprise,Retail,Singapore,Remote,Entry,5,Master,1
3357,Data Scientist,MNC,Technology,India,Onsite,Senior,9,Bachelor,0
3358,Data Engineer,Enterprise,Finance,India,Remote,Senior,2,Bachelor,0
3359,Data Engineer,MNC,Education,Singapore,Onsite,Mid,5,Master,1
3360,AI Engineer,Enterprise,Technology,Germany,Onsite,Mid,6,PhD,1
3361,Data Analyst,Medium,Finance,Singapore,Remote,Senior,12,Master,1
3362,Data Analyst,Enterprise,Healthcare,Canada,Hybrid,Mid,12,Bachelor,0
3363,Machine Learning Engineer,Enterprise,Technology,UK,Hybrid,Mid,0,PhD,0
3364,Data Engineer,MNC,Retail,UK,Remote,Senior,5,Master,1
3365,Data Analyst,Enterprise,Retail,USA,Hybrid,Entry,13,PhD,1
3366,AI Engineer,Medium,Retail,Canada,Remote,Senior,11,PhD,1
3367,Data Engineer,Enterprise,Education,Australia,Onsite,Mid,3,Bachelor,1
3368,AI Engineer,Startup,Education,India,Onsite,Mid,2,Bachelor,1
3369,AI Engineer,MNC,E-commerce,Singapore,Onsite,Senior,12,PhD,1
3370,Data Engineer,Enterprise,Retail,India,Onsite,Senior,13,Bachelor,0
3371,Business Analyst,Medium,Retail,Germany,Remote,Mid,4,Bachelor,1
3372,Data Engineer,Medium,Retail,UK,Hybrid,Entry,0,Master,0
3373,Data Scientist,Startup,Finance,Australia,Onsite,Mid,9,Bachelor,0
3374,Data Analyst,Enterprise,Healthcare,Singapore,Remote,Mid,1,Bachelor,0
3375,Data Engineer,Medium,E-commerce,UK,Onsite,Entry,6,Master,1
3376,Business Analyst,Enterprise,Healthcare,Singapore,Remote,Senior,8,Bachelor,1
3377,Machine Learning Engineer,Medium,E-commerce,Singapore,Hybrid,Mid,3,Master,1
3378,Data Engineer,Enterprise,Healthcare,India,Hybrid,Mid,6,Master,0
3379,Data Scientist,Medium,E-commerce,USA,Remote,Mid,14,Bachelor,0
3380,Data Engineer,MNC,Finance,Germany,Onsite,Entry,6,PhD,1
3381,Data Engineer,Enterprise,Technology,Singapore,Hybrid,Mid,2,Master,0
3382,Data Scientist,Medium,Technology,India,Onsite,Entry,2,PhD,0
3383,Data Engineer,Medium,Finance,UK,Remote,Entry,2,Master,1
3384,Data Engineer,Startup,Technology,Australia,Remote,Senior,4,PhD,0
3385,Data Analyst,Startup,Healthcare,Canada,Remote,Senior,4,Master,0
3386,Machine Learning Engineer,Startup,Retail,Singapore,Onsite,Mid,1,Master,0
3387,Data Scientist,MNC,Education,Australia,Remote,Entry,14,Bachelor,0
3388,AI Engineer,Medium,Healthcare,USA,Onsite,Senior,4,PhD,1
3389,Data Analyst,MNC,Finance,USA,Hybrid,Mid,13,PhD,0
3390,Business Analyst,Startup,Retail,Australia,Onsite,Senior,12,Master,1
3391,AI Engineer,MNC,Healthcare,USA,Remote,Entry,12,Master,1
3392,Data Analyst,Medium,Technology,USA,Hybrid,Senior,0,PhD,1
3393,Business Analyst,MNC,Finance,Australia,Remote,Senior,9,Master,1
3394,Data Analyst,MNC,E-commerce,India,Remote,Entry,7,Bachelor,1
3395,Machine Learning Engineer,MNC,Retail,Canada,Hybrid,Mid,12,Master,1
3396,Data Scientist,Medium,Technology,Germany,Remote,Senior,7,PhD,0
3397,Data Engineer,Medium,Retail,USA,Hybrid,Mid,2,PhD,0
3398,Data Analyst,MNC,Healthcare,Australia,Remote,Senior,2,PhD,1
3399,Data Engineer,MNC,Technology,UK,Hybrid,Mid,5,Master,1
3400,Data Analyst,Enterprise,Finance,Germany,Hybrid,Mid,14,Master,1
3401,Business Analyst,Startup,Technology,Singapore,Remote,Senior,5,Bachelor,1
3402,Data Engineer,Startup,Healthcare,USA,Hybrid,Entry,1,PhD,0
3403,Business Analyst,Enterprise,Education,Canada,Hybrid,Senior,9,PhD,0
3404,Data Scientist,MNC,Technology,Germany,Remote,Mid,12,Bachelor,0
3405,Data Analyst,Startup,Healthcare,Canada,Onsite,Mid,6,Bachelor,0
3406,Data Engineer,MNC,Finance,India,Hybrid,Entry,5,PhD,0
3407,Machine Learning Engineer,Enterprise,Technology,Canada,Onsite,Mid,13,Bachelor,0
3408,Data Scientist,Startup,Healthcare,Australia,Onsite,Mid,4,Bachelor,0
3409,Data Analyst,Enterprise,Education,Australia,Hybrid,Senior,13,PhD,1
3410,Data Analyst,Enterprise,Technology,Singapore,Onsite,Senior,5,Bachelor,1
3411,Machine Learning Engineer,Enterprise,Retail,India,Hybrid,Senior,5,PhD,1
3412,Machine Learning Engineer,Startup,E-commerce,Germany,Hybrid,Senior,4,PhD,1
3413,Data Engineer,Enterprise,E-commerce,Australia,Hybrid,Entry,1,PhD,0
3414,Data Analyst,Startup,Healthcare,UK,Remote,Entry,14,Bachelor,1
3415,Data Scientist,MNC,Finance,UK,Onsite,Senior,6,Bachelor,1
3416,Data Engineer,Enterprise,Technology,USA,Onsite,Senior,4,PhD,0
3417,Data Analyst,Medium,E-commerce,USA,Hybrid,Mid,9,Master,1
3418,Data Analyst,Medium,Healthcare,Australia,Remote,Senior,12,PhD,1
3419,Business Analyst,Medium,E-commerce,Canada,Remote,Entry,6,PhD,0
3420,Data Engineer,Enterprise,E-commerce,Singapore,Remote,Senior,8,PhD,1
3421,Data Analyst,Medium,Healthcare,Singapore,Remote,Senior,3,Master,0
3422,Business Analyst,Startup,E-commerce,Australia,Onsite,Senior,4,Master,0
3423,Machine Learning Engineer,Medium,Technology,USA,Onsite,Entry,0,Bachelor,1
3424,Machine Learning Engineer,Medium,Education,Germany,Onsite,Mid,12,Master,0
3425,Data Engineer,MNC,E-commerce,Australia,Hybrid,Entry,7,Bachelor,1
3426,Data Engineer,Enterprise,Education,Singapore,Onsite,Entry,14,Master,1
3427,Machine Learning Engineer,Enterprise,Education,Germany,Onsite,Senior,9,PhD,0
3428,Business Analyst,Startup,Technology,India,Onsite,Mid,0,Master,0
3429,Business Analyst,Medium,Healthcare,Germany,Remote,Senior,0,Master,0
3430,Data Scientist,Medium,Technology,USA,Hybrid,Entry,9,Master,1
3431,Data Analyst,Medium,Finance,India,Onsite,Senior,13,Bachelor,0
3432,AI Engineer,MNC,Education,Australia,Remote,Senior,2,Bachelor,1
3433,Machine Learning Engineer,MNC,E-commerce,UK,Remote,Mid,10,Master,0
3434,Data Engineer,Enterprise,Technology,Singapore,Onsite,Mid,7,Bachelor,0
3435,AI Engineer,Startup,Technology,Canada,Remote,Senior,1,PhD,1
3436,Data Scientist,Medium,Healthcare,India,Onsite,Mid,2,Master,0
3437,Data Scientist,Medium,E-commerce,India,Onsite,Entry,5,Master,0
3438,Data Analyst,MNC,Retail,UK,Hybrid,Senior,0,Bachelor,1
3439,Data Analyst,MNC,Finance,Australia,Hybrid,Senior,5,Master,1
3440,AI Engineer,Enterprise,Finance,Germany,Remote,Senior,5,Master,0
3441,Data Scientist,Startup,Retail,UK,Remote,Entry,10,Bachelor,0
3442,Data Analyst,Medium,Retail,Singapore,Hybrid,Entry,6,PhD,0
3443,Business Analyst,MNC,Finance,UK,Onsite,Entry,4,PhD,1
3444,AI Engineer,Enterprise,Education,USA,Remote,Mid,6,Bachelor,0
3445,AI Engineer,Medium,Finance,Germany,Hybrid,Entry,10,PhD,1
3446,AI Engineer,Enterprise,Finance,India,Hybrid,Entry,12,Bachelor,0
3447,Machine Learning Engineer,Startup,Healthcare,Germany,Onsite,Senior,13,Master,0
3448,Business Analyst,Enterprise,Healthcare,India,Remote,Mid,6,PhD,0
3449,Data Scientist,Medium,Finance,India,Remote,Entry,5,Bachelor,1
3450,Business Analyst,MNC,Technology,Australia,Remote,Entry,10,Bachelor,1
3451,AI Engineer,MNC,Finance,Singapore,Onsite,Senior,3,Master,0
3452,Data Analyst,Startup,Retail,India,Remote,Entry,6,Bachelor,0
3453,AI Engineer,MNC,Technology,UK,Hybrid,Mid,8,PhD,0
3454,Data Analyst,Enterprise,Healthcare,India,Onsite,Entry,14,PhD,0
3455,Machine Learning Engineer,Startup,Healthcare,USA,Remote,Mid,9,Master,1
3456,Data Analyst,MNC,Retail,Canada,Onsite,Mid,7,Master,0
3457,Business Analyst,Startup,Finance,Singapore,Onsite,Senior,9,PhD,0
3458,AI Engineer,Startup,Retail,India,Remote,Senior,8,Bachelor,1
3459,Business Analyst,MNC,Finance,Australia,Remote,Entry,8,Bachelor,1
3460,AI Engineer,Startup,Retail,Singapore,Hybrid,Entry,9,PhD,0
3461,AI Engineer,MNC,E-commerce,Australia,Hybrid,Mid,7,Bachelor,1
3462,Data Engineer,MNC,Technology,Canada,Hybrid,Entry,9,PhD,1
3463,Data Analyst,MNC,Education,USA,Remote,Mid,3,Bachelor,1
3464,AI Engineer,Medium,Education,Germany,Onsite,Entry,1,Master,0
3465,Business Analyst,Startup,Education,UK,Remote,Senior,14,Master,0
3466,Data Analyst,Medium,Healthcare,Australia,Onsite,Mid,5,Master,0
3467,AI Engineer,Startup,E-commerce,Canada,Hybrid,Senior,11,Master,0
3468,Data Analyst,Enterprise,Healthcare,Germany,Onsite,Mid,7,PhD,0
3469,Business Analyst,Medium,Education,India,Remote,Senior,8,Bachelor,1
3470,Data Engineer,MNC,E-commerce,India,Remote,Mid,2,PhD,0
3471,Data Analyst,MNC,Healthcare,Germany,Hybrid,Mid,10,PhD,1
3472,Data Scientist,Enterprise,Education,Singapore,Onsite,Senior,1,Master,1
3473,Data Scientist,MNC,E-commerce,Australia,Onsite,Mid,9,Bachelor,1
3474,Data Analyst,MNC,E-commerce,Canada,Hybrid,Senior,1,Bachelor,1
3475,Data Engineer,MNC,Technology,India,Hybrid,Mid,13,PhD,1
3476,AI Engineer,Enterprise,Healthcare,USA,Onsite,Entry,10,PhD,1
3477,Data Engineer,MNC,Retail,Australia,Onsite,Senior,2,PhD,1
3478,Data Scientist,Startup,Retail,Australia,Remote,Mid,14,Bachelor,1
3479,Data Analyst,Enterprise,E-commerce,Australia,Hybrid,Senior,4,Master,1
3480,AI Engineer,Medium,Education,Australia,Hybrid,Senior,3,Bachelor,1
3481,Business Analyst,Startup,Finance,Singapore,Onsite,Entry,12,PhD,0
3482,Data Scientist,MNC,Retail,India,Onsite,Entry,6,Bachelor,0
3483,Data Analyst,MNC,E-commerce,India,Onsite,Mid,8,PhD,0
3484,Business Analyst,Enterprise,E-commerce,Australia,Remote,Entry,14,Bachelor,1
3485,AI Engineer,MNC,Finance,Germany,Remote,Mid,12,Bachelor,1
3486,Business Analyst,MNC,Technology,Australia,Onsite,Senior,5,Master,0
3487,Data Engineer,MNC,E-commerce,Canada,Hybrid,Mid,1,Bachelor,1
3488,Data Scientist,Enterprise,Retail,Germany,Remote,Entry,0,Bachelor,1
3489,Data Engineer,MNC,E-commerce,Germany,Remote,Entry,13,Bachelor,0
3490,Data Scientist,Startup,Healthcare,India,Hybrid,Entry,0,Bachelor,0
3491,AI Engineer,MNC,Finance,Canada,Hybrid,Senior,4,Bachelor,0
3492,Data Scientist,MNC,E-commerce,Australia,Hybrid,Senior,12,Master,1
3493,Business Analyst,MNC,Retail,Singapore,Remote,Senior,6,Bachelor,0
3494,AI Engineer,Enterprise,Technology,Canada,Hybrid,Senior,5,Master,0
3495,AI Engineer,Medium,Finance,USA,Remote,Mid,3,PhD,0
3496,AI Engineer,MNC,Technology,Canada,Remote,Senior,3,Master,1
3497,Business Analyst,Enterprise,Education,UK,Onsite,Senior,2,Bachelor,0
3498,Data Analyst,Enterprise,Retail,Singapore,Remote,Mid,12,Master,1
3499,Machine Learning Engineer,Startup,E-commerce,Singapore,Hybrid,Entry,7,Master,0
3500,Machine Learning Engineer,Startup,Education,Singapore,Remote,Entry,7,Bachelor,1
3501,Business Analyst,Enterprise,E-commerce,USA,Hybrid,Senior,5,Master,0
3502,Data Engineer,Medium,Healthcare,India,Hybrid,Mid,10,PhD,1
3503,Data Scientist,Enterprise,Technology,USA,Remote,Senior,13,Master,1
3504,Data Engineer,MNC,Healthcare,UK,Onsite,Senior,14,Bachelor,0
3505,AI Engineer,Medium,Education,Canada,Hybrid,Senior,11,Bachelor,1
3506,Data Analyst,Startup,Healthcare,UK,Remote,Senior,9,Master,1
3507,AI Engineer,Medium,Healthcare,Canada,Remote,Senior,6,Master,0
3508,Machine Learning Engineer,Medium,E-commerce,USA,Remote,Entry,8,PhD,1
3509,AI Engineer,MNC,Technology,UK,Onsite,Senior,5,Master,0
3510,Data Engineer,Medium,E-commerce,Germany,Remote,Entry,4,PhD,0
3511,AI Engineer,Medium,Education,Germany,Onsite,Senior,13,Master,1
3512,Data Scientist,MNC,Education,Singapore,Remote,Entry,0,PhD,1
3513,Business Analyst,Startup,Technology,Singapore,Remote,Senior,2,Master,0
3514,Data Scientist,Medium,Retail,Germany,Remote,Senior,4,PhD,0
3515,Data Analyst,Enterprise,Healthcare,Australia,Hybrid,Mid,2,Master,1
3516,Business Analyst,MNC,E-commerce,Canada,Remote,Mid,0,PhD,1
3517,AI Engineer,Startup,Retail,UK,Hybrid,Entry,5,Bachelor,1
3518,Data Engineer,Medium,Finance,Germany,Hybrid,Entry,2,Bachelor,1
3519,Business Analyst,Enterprise,Finance,Germany,Onsite,Entry,8,PhD,0
3520,AI Engineer,MNC,E-commerce,Singapore,Remote,Entry,11,Bachelor,1
3521,Business Analyst,MNC,Technology,UK,Hybrid,Senior,7,PhD,0
3522,Data Engineer,Medium,Technology,Canada,Hybrid,Senior,8,PhD,0
3523,Data Analyst,Startup,Finance,Australia,Onsite,Senior,13,Bachelor,1
3524,AI Engineer,Medium,Finance,Canada,Onsite,Mid,4,Master,1
3525,Data Engineer,Medium,Technology,Australia,Onsite,Senior,7,PhD,1
3526,Machine Learning Engineer,Startup,Technology,Australia,Onsite,Entry,11,Master,1
3527,Business Analyst,MNC,Education,UK,Onsite,Entry,3,Bachelor,1
3528,Data Engineer,Startup,Retail,Germany,Onsite,Entry,10,Master,0
3529,Data Analyst,MNC,Education,India,Remote,Mid,3,Bachelor,0
3530,Business Analyst,Medium,Technology,Germany,Hybrid,Entry,5,PhD,1
3531,Data Scientist,MNC,Finance,Australia,Hybrid,Mid,0,Master,1
3532,Data Analyst,Medium,Education,USA,Remote,Entry,7,Bachelor,1
3533,Machine Learning Engineer,Startup,Finance,India,Hybrid,Entry,14,PhD,1
3534,Data Engineer,MNC,Healthcare,Australia,Hybrid,Entry,1,Master,1
3535,AI Engineer,Medium,Education,Australia,Onsite,Senior,4,Master,0
3536,Business Analyst,Enterprise,Technology,Australia,Onsite,Senior,11,Bachelor,0
3537,Business Analyst,Medium,Technology,India,Onsite,Mid,2,Bachelor,1
3538,Business Analyst,MNC,Finance,USA,Hybrid,Senior,5,Bachelor,0
3539,Business Analyst,Medium,Education,Canada,Onsite,Senior,7,PhD,1
3540,AI Engineer,Medium,E-commerce,Canada,Remote,Mid,13,PhD,1
3541,Data Scientist,Startup,Education,India,Onsite,Entry,5,Master,0
3542,Data Engineer,Medium,Education,India,Remote,Entry,4,Master,0
3543,Data Analyst,Medium,Retail,Germany,Onsite,Entry,13,Master,0
3544,Data Analyst,Startup,Technology,Singapore,Hybrid,Senior,7,Master,1
3545,Data Scientist,Enterprise,Technology,Germany,Hybrid,Entry,5,PhD,0
3546,Machine Learning Engineer,Medium,Healthcare,India,Remote,Entry,1,Bachelor,1
3547,Business Analyst,MNC,Healthcare,India,Remote,Senior,0,Bachelor,0
3548,AI Engineer,MNC,Healthcare,UK,Onsite,Entry,11,Master,1
3549,AI Engineer,MNC,E-commerce,Germany,Remote,Entry,10,Bachelor,0
3550,Business Analyst,Enterprise,Technology,Germany,Remote,Entry,9,PhD,1
3551,Data Engineer,Medium,Education,USA,Onsite,Mid,5,Bachelor,0
3552,Data Analyst,Startup,Finance,Germany,Onsite,Entry,2,Master,0
3553,Business Analyst,Medium,Healthcare,Canada,Onsite,Entry,8,Bachelor,1
3554,Data Scientist,Startup,Education,India,Onsite,Entry,1,PhD,0
3555,Machine Learning Engineer,MNC,Technology,UK,Remote,Entry,4,Bachelor,1
3556,Business Analyst,Startup,Finance,India,Onsite,Entry,3,PhD,1
3557,Machine Learning Engineer,Startup,Education,USA,Onsite,Mid,5,Master,0
3558,Data Engineer,Medium,Healthcare,Singapore,Onsite,Entry,2,Master,1
3559,Machine Learning Engineer,Enterprise,Finance,USA,Remote,Mid,1,Bachelor,1
3560,Data Analyst,MNC,E-commerce,Canada,Hybrid,Entry,9,Bachelor,0
3561,Machine Learning Engineer,Medium,Healthcare,Canada,Remote,Entry,2,PhD,0
3562,Machine Learning Engineer,Startup,E-commerce,Germany,Remote,Mid,10,PhD,1
3563,Data Analyst,Medium,E-commerce,Germany,Onsite,Entry,0,Bachelor,1
3564,Business Analyst,Startup,E-commerce,UK,Remote,Mid,14,PhD,1
3565,AI Engineer,Startup,Healthcare,Singapore,Hybrid,Mid,7,Master,1
3566,Machine Learning Engineer,MNC,Education,Germany,Remote,Senior,11,Master,0
3567,Business Analyst,Enterprise,Healthcare,India,Remote,Entry,2,Bachelor,1
3568,Data Engineer,MNC,Retail,Canada,Hybrid,Senior,10,Master,0
3569,AI Engineer,MNC,Technology,Canada,Onsite,Entry,11,Bachelor,1
3570,Data Analyst,MNC,Technology,Singapore,Hybrid,Mid,3,Bachelor,0
3571,Machine Learning Engineer,Enterprise,Technology,USA,Remote,Entry,3,PhD,1
3572,Machine Learning Engineer,Medium,Retail,India,Hybrid,Mid,5,Bachelor,0
3573,Machine Learning Engineer,Startup,Retail,USA,Hybrid,Entry,7,PhD,1
3574,Data Analyst,Startup,Finance,India,Remote,Mid,3,PhD,0
3575,Data Engineer,Startup,E-commerce,UK,Hybrid,Mid,4,PhD,1
3576,Data Analyst,Enterprise,Finance,India,Onsite,Mid,5,Bachelor,0
3577,Machine Learning Engineer,Enterprise,E-commerce,Canada,Hybrid,Entry,13,PhD,1
3578,Machine Learning Engineer,Medium,Retail,Canada,Hybrid,Entry,7,Bachelor,1
3579,Data Analyst,Medium,Retail,Germany,Hybrid,Senior,10,Bachelor,0
3580,Data Engineer,Startup,Healthcare,UK,Onsite,Mid,14,Master,0
3581,Data Analyst,Startup,Healthcare,Singapore,Remote,Entry,2,Bachelor,0
3582,AI Engineer,MNC,Finance,UK,Onsite,Entry,5,Bachelor,0
3583,Machine Learning Engineer,Startup,Education,Australia,Remote,Mid,6,Bachelor,0
3584,Machine Learning Engineer,Enterprise,Finance,USA,Onsite,Mid,11,PhD,0
3585,Business Analyst,MNC,Finance,Canada,Remote,Entry,14,Master,1
3586,AI Engineer,Medium,Retail,UK,Hybrid,Mid,0,Bachelor,0
3587,Data Engineer,MNC,Healthcare,India,Onsite,Entry,1,Master,1
3588,Data Scientist,Enterprise,Education,USA,Remote,Mid,5,Master,1
3589,AI Engineer,Enterprise,Education,Singapore,Onsite,Senior,5,Master,1
3590,Data Engineer,Medium,Retail,USA,Hybrid,Mid,7,PhD,0
3591,Data Engineer,MNC,Retail,Singapore,Onsite,Mid,1,Master,1
3592,Machine Learning Engineer,Medium,Education,UK,Remote,Entry,4,Bachelor,0
3593,Data Scientist,MNC,Healthcare,Australia,Onsite,Entry,10,Bachelor,1
3594,Data Engineer,MNC,Finance,India,Remote,Mid,4,Bachelor,1
3595,Data Analyst,MNC,Healthcare,USA,Remote,Entry,8,PhD,0
3596,Data Analyst,Enterprise,Healthcare,USA,Hybrid,Senior,6,Master,1
3597,AI Engineer,Enterprise,E-commerce,Singapore,Hybrid,Senior,9,PhD,0
3598,Data Scientist,Startup,E-commerce,India,Onsite,Entry,6,PhD,1
3599,Business Analyst,MNC,Technology,India,Hybrid,Entry,13,Bachelor,1
3600,AI Engineer,Medium,Technology,Germany,Onsite,Mid,7,Bachelor,1
3601,Data Engineer,Medium,Retail,Canada,Hybrid,Entry,8,Bachelor,0
3602,Data Analyst,Startup,Finance,India,Hybrid,Senior,5,PhD,0
3603,Data Analyst,Medium,Retail,UK,Onsite,Entry,6,Bachelor,1
3604,Data Scientist,Medium,Retail,UK,Hybrid,Entry,9,Bachelor,1
3605,Business Analyst,Medium,Retail,Canada,Hybrid,Senior,4,PhD,0
3606,Data Scientist,Startup,Healthcare,Singapore,Hybrid,Entry,13,Master,0
3607,Data Engineer,Medium,Technology,India,Remote,Mid,12,Master,0
3608,Machine Learning Engineer,Enterprise,Education,Australia,Remote,Senior,4,Master,0
3609,Data Analyst,Enterprise,E-commerce,Germany,Remote,Mid,5,Master,1
3610,Data Engineer,Startup,Healthcare,Singapore,Onsite,Mid,14,PhD,1
3611,Machine Learning Engineer,Enterprise,Finance,Germany,Remote,Mid,4,Bachelor,1
3612,Data Analyst,Enterprise,Education,Australia,Hybrid,Senior,12,Master,1
3613,AI Engineer,Medium,Healthcare,UK,Onsite,Entry,4,Master,0
3614,Machine Learning Engineer,Medium,E-commerce,Germany,Onsite,Mid,0,Master,1
3615,Data Analyst,MNC,Finance,India,Onsite,Entry,3,Master,0
3616,AI Engineer,MNC,Healthcare,India,Onsite,Senior,6,PhD,1
3617,Data Analyst,Startup,Finance,Australia,Onsite,Senior,9,Master,1
3618,Data Engineer,Enterprise,Technology,Singapore,Remote,Senior,3,PhD,1
3619,Data Scientist,Startup,Retail,Singapore,Onsite,Senior,9,Bachelor,1
3620,AI Engineer,MNC,Finance,UK,Onsite,Mid,12,PhD,1
3621,Data Analyst,Medium,Healthcare,Singapore,Hybrid,Entry,3,Master,1
3622,Machine Learning Engineer,MNC,Finance,UK,Onsite,Mid,7,PhD,1
3623,Business Analyst,Enterprise,Healthcare,Canada,Remote,Mid,2,Master,0
3624,Business Analyst,MNC,Healthcare,India,Hybrid,Senior,13,Master,0
3625,Data Scientist,Enterprise,E-commerce,Germany,Remote,Senior,6,Master,1
3626,Machine Learning Engineer,Startup,Healthcare,Canada,Onsite,Entry,8,Master,0
3627,AI Engineer,MNC,Technology,Canada,Onsite,Mid,0,Master,0
3628,AI Engineer,Startup,Finance,UK,Onsite,Mid,0,PhD,0
3629,AI Engineer,Medium,E-commerce,USA,Remote,Senior,6,PhD,0
3630,Business Analyst,Enterprise,Education,Germany,Remote,Senior,0,Master,1
3631,Data Analyst,MNC,Technology,Australia,Hybrid,Mid,6,PhD,0
3632,Data Scientist,MNC,Education,Germany,Onsite,Senior,10,Bachelor,1
3633,Data Analyst,Medium,E-commerce,USA,Hybrid,Senior,4,Master,1
3634,AI Engineer,Startup,E-commerce,Germany,Onsite,Senior,4,PhD,0
3635,Machine Learning Engineer,Medium,E-commerce,India,Hybrid,Entry,8,PhD,0
3636,Business Analyst,Medium,E-commerce,USA,Hybrid,Senior,3,PhD,0
3637,Data Scientist,Enterprise,E-commerce,Australia,Onsite,Senior,6,Bachelor,0
3638,Data Scientist,Enterprise,Finance,Australia,Onsite,Mid,5,PhD,1
3639,Machine Learning Engineer,Enterprise,E-commerce,Canada,Remote,Entry,4,Master,0
3640,AI Engineer,Enterprise,Education,Australia,Onsite,Entry,2,Master,0
3641,Data Scientist,Startup,Technology,Australia,Remote,Mid,6,Master,1
3642,AI Engineer,MNC,Technology,Australia,Onsite,Senior,8,Master,0
3643,Data Scientist,MNC,Education,Australia,Hybrid,Senior,14,Master,1
3644,Business Analyst,Medium,Healthcare,Canada,Onsite,Senior,6,Master,0
3645,Data Engineer,Enterprise,Technology,India,Remote,Senior,6,Master,0
3646,Data Scientist,MNC,Retail,Australia,Remote,Entry,7,Bachelor,1
3647,Business Analyst,Enterprise,Education,Canada,Onsite,Entry,12,PhD,0
3648,Business Analyst,Startup,Technology,Germany,Hybrid,Entry,0,Bachelor,1
3649,Data Scientist,MNC,Healthcare,Australia,Onsite,Senior,12,PhD,0
3650,Data Scientist,Enterprise,Education,Singapore,Hybrid,Mid,4,PhD,0
3651,Data Scientist,Startup,E-commerce,UK,Remote,Mid,5,Master,1
3652,Machine Learning Engineer,Medium,Education,Australia,Onsite,Senior,3,Bachelor,0
3653,Business Analyst,Enterprise,Finance,Germany,Hybrid,Senior,7,PhD,1
3654,Machine Learning Engineer,Startup,Finance,Canada,Onsite,Senior,11,Bachelor,0
3655,AI Engineer,Enterprise,Technology,Canada,Remote,Mid,11,Bachelor,1
3656,Data Analyst,Enterprise,Technology,Canada,Hybrid,Mid,7,PhD,1
3657,Machine Learning Engineer,Enterprise,E-commerce,Australia,Onsite,Mid,4,Master,1
3658,Data Analyst,MNC,Education,USA,Onsite,Mid,2,Bachelor,0
3659,Data Engineer,Medium,Retail,Singapore,Remote,Entry,11,Bachelor,0
3660,Data Analyst,Medium,Education,UK,Onsite,Senior,3,PhD,0
3661,AI Engineer,Enterprise,E-commerce,Singapore,Onsite,Senior,10,PhD,0
3662,AI Engineer,Enterprise,Technology,Canada,Onsite,Senior,11,Master,0
3663,Business Analyst,Startup,Retail,USA,Remote,Entry,3,Master,0
3664,Data Scientist,Enterprise,Healthcare,Australia,Remote,Mid,3,PhD,1
3665,Data Analyst,Medium,Healthcare,UK,Onsite,Mid,6,PhD,1
3666,Data Engineer,Startup,Finance,UK,Hybrid,Mid,1,Master,0
3667,AI Engineer,MNC,Finance,UK,Hybrid,Senior,14,PhD,0
3668,AI Engineer,Medium,E-commerce,USA,Onsite,Senior,10,PhD,1
3669,Data Scientist,Startup,E-commerce,Canada,Onsite,Senior,2,PhD,1
3670,Business Analyst,Startup,Retail,Canada,Remote,Entry,7,Master,0
3671,Machine Learning Engineer,Startup,Retail,Canada,Onsite,Entry,1,Master,1
3672,Machine Learning Engineer,Enterprise,Technology,Singapore,Onsite,Entry,11,Bachelor,1
3673,Data Scientist,Enterprise,Healthcare,Germany,Onsite,Entry,4,Bachelor,1
3674,Data Analyst,MNC,Finance,Germany,Remote,Entry,13,Bachelor,0
3675,Machine Learning Engineer,Medium,Healthcare,USA,Onsite,Entry,4,Master,0
3676,Business Analyst,Startup,E-commerce,Australia,Remote,Senior,2,Bachelor,1
3677,Data Engineer,Medium,Finance,India,Hybrid,Mid,12,Master,0
3678,Machine Learning Engineer,Startup,Technology,Singapore,Remote,Mid,13,Master,0
3679,Business Analyst,Medium,Education,Germany,Onsite,Senior,7,PhD,1
3680,AI Engineer,MNC,Finance,Singapore,Remote,Mid,11,Master,1
3681,Data Scientist,Startup,E-commerce,Australia,Remote,Senior,12,Master,0
3682,AI Engineer,Startup,Education,Australia,Onsite,Senior,9,PhD,0
3683,Business Analyst,Enterprise,Finance,India,Hybrid,Entry,7,Bachelor,1
3684,Business Analyst,Enterprise,Education,Singapore,Hybrid,Entry,14,PhD,0
3685,Data Analyst,Startup,E-commerce,India,Onsite,Entry,9,PhD,0
3686,Data Engineer,Startup,E-commerce,UK,Hybrid,Mid,4,Master,0
3687,AI Engineer,MNC,Technology,India,Hybrid,Senior,12,Master,1
3688,Business Analyst,MNC,Education,USA,Hybrid,Senior,4,Bachelor,1
3689,Data Scientist,MNC,Retail,India,Hybrid,Senior,11,PhD,1
3690,Machine Learning Engineer,MNC,Education,Australia,Onsite,Mid,8,Bachelor,0
3691,AI Engineer,Enterprise,E-commerce,India,Hybrid,Senior,10,Master,1
3692,Data Scientist,Medium,E-commerce,Australia,Onsite,Entry,6,PhD,1
3693,Data Scientist,Startup,E-commerce,Australia,Hybrid,Entry,13,PhD,0
3694,Data Analyst,Startup,Technology,Australia,Remote,Entry,12,Master,0
3695,Machine Learning Engineer,MNC,Technology,UK,Onsite,Mid,3,Master,0
3696,Business Analyst,Startup,Finance,USA,Remote,Senior,13,Master,1
3697,Data Engineer,Startup,Healthcare,Germany,Remote,Entry,7,PhD,1
3698,AI Engineer,Enterprise,Healthcare,USA,Remote,Entry,2,Bachelor,0
3699,Data Analyst,Medium,Healthcare,Canada,Onsite,Mid,0,PhD,1
3700,Data Analyst,Medium,Healthcare,Australia,Remote,Mid,11,PhD,0
3701,Data Scientist,Startup,Technology,Australia,Onsite,Senior,2,PhD,1
3702,Machine Learning Engineer,Enterprise,Healthcare,Canada,Remote,Entry,0,Bachelor,1
3703,AI Engineer,MNC,Technology,Germany,Remote,Entry,5,Bachelor,1
3704,Data Scientist,Medium,Technology,India,Hybrid,Mid,10,PhD,0
3705,Business Analyst,Medium,Finance,Canada,Hybrid,Mid,9,Master,1
3706,AI Engineer,Startup,E-commerce,Singapore,Onsite,Entry,1,PhD,1
3707,AI Engineer,Startup,E-commerce,Canada,Remote,Entry,4,Bachelor,0
3708,Data Analyst,Enterprise,Healthcare,UK,Remote,Senior,9,Master,1
3709,AI Engineer,Startup,Healthcare,Singapore,Onsite,Senior,10,PhD,0
3710,Data Scientist,Startup,Technology,India,Remote,Entry,14,Bachelor,1
3711,Data Analyst,Medium,Finance,UK,Hybrid,Senior,14,PhD,0
3712,Data Scientist,MNC,Education,Singapore,Hybrid,Mid,12,Master,0
3713,Business Analyst,Startup,Technology,Canada,Hybrid,Senior,8,PhD,1
3714,Data Engineer,Medium,Healthcare,USA,Remote,Entry,3,Master,0
3715,AI Engineer,Startup,E-commerce,USA,Hybrid,Senior,14,Master,0
3716,Business Analyst,Medium,Finance,USA,Onsite,Entry,0,Bachelor,1
3717,Data Engineer,Enterprise,Healthcare,Singapore,Hybrid,Entry,6,Bachelor,0
3718,Data Scientist,Enterprise,Technology,Singapore,Onsite,Entry,11,Bachelor,1
3719,Data Analyst,MNC,E-commerce,Canada,Onsite,Senior,13,Master,0
3720,Data Scientist,Medium,Retail,India,Onsite,Senior,7,Bachelor,0
3721,Data Scientist,MNC,Technology,Germany,Hybrid,Mid,8,Bachelor,1
3722,Business Analyst,Startup,Healthcare,India,Hybrid,Entry,1,Bachelor,1
3723,Machine Learning Engineer,Startup,Finance,Germany,Remote,Entry,4,PhD,0
3724,Data Scientist,Medium,Education,UK,Remote,Mid,2,Master,1
3725,AI Engineer,Medium,Technology,Germany,Remote,Senior,4,Bachelor,1
3726,AI Engineer,Medium,E-commerce,Germany,Hybrid,Entry,8,PhD,1
3727,AI Engineer,Medium,Technology,USA,Onsite,Entry,4,PhD,0
3728,Data Analyst,Medium,Technology,UK,Hybrid,Entry,13,Bachelor,1
3729,Business Analyst,Startup,Education,Australia,Remote,Entry,2,PhD,0
3730,AI Engineer,MNC,Healthcare,Canada,Onsite,Mid,0,PhD,0
3731,Data Engineer,MNC,Finance,India,Onsite,Mid,5,PhD,1
3732,Data Engineer,Startup,Technology,Germany,Remote,Senior,11,Master,0
3733,Business Analyst,Startup,Technology,USA,Hybrid,Entry,3,Bachelor,0
3734,Business Analyst,Startup,Retail,Australia,Onsite,Senior,9,Master,0
3735,Data Engineer,Enterprise,Finance,Germany,Hybrid,Entry,1,Bachelor,1
3736,Machine Learning Engineer,Startup,Education,Singapore,Hybrid,Mid,9,Bachelor,0
3737,Data Engineer,Medium,Finance,India,Remote,Mid,13,PhD,0
3738,Data Scientist,Startup,Education,UK,Remote,Entry,12,Master,1
3739,AI Engineer,Medium,Technology,India,Hybrid,Mid,10,Master,0
3740,Machine Learning Engineer,Medium,Healthcare,Singapore,Hybrid,Entry,0,PhD,0
3741,AI Engineer,MNC,Healthcare,Canada,Hybrid,Senior,3,PhD,0
3742,Data Engineer,MNC,Retail,UK,Onsite,Mid,4,PhD,1
3743,Data Engineer,MNC,E-commerce,Germany,Remote,Entry,0,Bachelor,1
3744,Data Analyst,Enterprise,Healthcare,UK,Remote,Entry,14,Bachelor,1
3745,Business Analyst,Medium,Finance,USA,Remote,Entry,11,Bachelor,0
3746,Machine Learning Engineer,MNC,Finance,Singapore,Remote,Mid,7,PhD,0
3747,Data Engineer,Enterprise,Education,India,Onsite,Mid,13,Master,1
3748,Data Analyst,Startup,Education,Canada,Remote,Entry,7,PhD,1
3749,Data Engineer,Startup,Technology,UK,Onsite,Senior,2,PhD,0
3750,AI Engineer,Enterprise,Retail,India,Hybrid,Senior,11,PhD,1
3751,Business Analyst,Startup,Technology,Singapore,Hybrid,Entry,6,Master,1
3752,Data Engineer,Enterprise,E-commerce,Canada,Remote,Mid,4,Master,1
3753,Business Analyst,Startup,E-commerce,Germany,Onsite,Mid,14,PhD,0
3754,Data Engineer,Enterprise,Finance,Singapore,Onsite,Mid,4,PhD,1
3755,Data Analyst,Startup,Education,Singapore,Onsite,Mid,9,PhD,0
3756,Data Analyst,Startup,Finance,Singapore,Hybrid,Entry,0,PhD,1
3757,AI Engineer,MNC,Technology,India,Remote,Senior,7,PhD,1
3758,Data Analyst,Medium,Education,Canada,Onsite,Mid,12,PhD,1
3759,Data Analyst,Startup,Finance,Australia,Onsite,Mid,0,Master,1
3760,Machine Learning Engineer,MNC,Education,Australia,Remote,Mid,9,Bachelor,0
3761,Business Analyst,Medium,Retail,Germany,Remote,Senior,0,PhD,0
3762,Data Scientist,Medium,E-commerce,UK,Hybrid,Entry,14,PhD,1
3763,AI Engineer,Medium,Retail,Singapore,Onsite,Mid,11,Master,0
3764,Data Scientist,Startup,Finance,USA,Hybrid,Entry,5,Master,0
3765,AI Engineer,Enterprise,Education,Singapore,Hybrid,Mid,6,Bachelor,1
3766,Data Analyst,Medium,E-commerce,Australia,Remote,Entry,13,PhD,0
3767,Data Engineer,Startup,Education,Australia,Hybrid,Senior,9,Bachelor,0
3768,AI Engineer,Startup,Finance,Canada,Onsite,Senior,11,Master,1
3769,Data Engineer,Enterprise,Healthcare,UK,Remote,Entry,12,Bachelor,0
3770,Data Engineer,Medium,Education,India,Remote,Entry,14,Master,0
3771,AI Engineer,Medium,Healthcare,Singapore,Hybrid,Mid,4,Bachelor,1
3772,Data Scientist,Enterprise,E-commerce,USA,Hybrid,Entry,12,Bachelor,1
3773,Business Analyst,Medium,Technology,Singapore,Remote,Entry,11,PhD,0
3774,Data Engineer,MNC,E-commerce,USA,Onsite,Senior,10,Bachelor,1
3775,Business Analyst,Startup,Education,Australia,Hybrid,Senior,2,Bachelor,1
3776,Data Engineer,Startup,E-commerce,Singapore,Onsite,Entry,13,PhD,0
3777,Machine Learning Engineer,Enterprise,Healthcare,Canada,Remote,Entry,6,Master,1
3778,Business Analyst,Medium,Retail,India,Remote,Mid,0,PhD,0
3779,Data Engineer,Medium,Education,UK,Hybrid,Entry,2,Master,0
3780,Data Analyst,Enterprise,Technology,Singapore,Hybrid,Senior,9,Bachelor,0
3781,Business Analyst,MNC,E-commerce,Canada,Remote,Senior,5,Master,0
3782,Data Scientist,Enterprise,E-commerce,USA,Remote,Entry,6,Bachelor,0
3783,Data Engineer,Enterprise,E-commerce,Canada,Hybrid,Mid,0,PhD,1
3784,Data Engineer,Startup,Retail,USA,Onsite,Senior,2,Master,1
3785,AI Engineer,MNC,Finance,Canada,Onsite,Mid,8,Master,1
3786,Data Analyst,Enterprise,Finance,Singapore,Onsite,Entry,6,Master,0
3787,Data Engineer,MNC,Finance,Canada,Hybrid,Senior,5,Bachelor,0
3788,Business Analyst,Medium,Finance,UK,Hybrid,Senior,7,PhD,0
3789,Data Scientist,Medium,Technology,India,Onsite,Senior,4,PhD,0
3790,Machine Learning Engineer,Enterprise,Technology,Singapore,Hybrid,Entry,4,Master,0
3791,Data Engineer,Enterprise,Retail,UK,Onsite,Mid,8,PhD,0
3792,Machine Learning Engineer,Startup,Finance,Australia,Hybrid,Senior,1,PhD,1
3793,Machine Learning Engineer,Enterprise,Healthcare,Germany,Onsite,Senior,3,PhD,0
3794,Data Analyst,Medium,Finance,India,Hybrid,Mid,10,Bachelor,1
3795,AI Engineer,Enterprise,Education,Canada,Onsite,Mid,10,Bachelor,1
3796,Data Engineer,MNC,E-commerce,Canada,Onsite,Entry,0,Master,0
3797,Data Engineer,MNC,Finance,UK,Onsite,Mid,2,Master,1
3798,Machine Learning Engineer,MNC,Retail,USA,Hybrid,Senior,4,Bachelor,1
3799,AI Engineer,Enterprise,Technology,UK,Onsite,Senior,11,PhD,1
3800,AI Engineer,MNC,Retail,Canada,Remote,Senior,14,Master,1
3801,Data Analyst,Medium,Retail,Canada,Remote,Mid,5,Master,0
3802,Business Analyst,MNC,Education,USA,Hybrid,Senior,1,PhD,0
3803,Data Analyst,MNC,Education,Canada,Remote,Mid,4,Bachelor,1
3804,Data Engineer,Startup,Education,Singapore,Hybrid,Mid,1,Bachelor,0
3805,Data Analyst,Enterprise,E-commerce,Canada,Hybrid,Mid,14,Bachelor,0
3806,Machine Learning Engineer,Startup,Education,Singapore,Remote,Mid,13,Bachelor,0
3807,Business Analyst,Startup,Retail,India,Onsite,Entry,2,Master,1
3808,Machine Learning Engineer,Startup,Healthcare,Singapore,Remote,Mid,8,PhD,0
3809,Machine Learning Engineer,Medium,Healthcare,Australia,Remote,Entry,3,Bachelor,0
3810,Data Analyst,Startup,Retail,UK,Hybrid,Senior,11,Bachelor,1
3811,Data Analyst,Startup,Finance,India,Remote,Entry,2,Master,1
3812,Machine Learning Engineer,MNC,Education,Germany,Onsite,Mid,1,PhD,1
3813,AI Engineer,Startup,Healthcare,Australia,Hybrid,Entry,14,Bachelor,1
3814,AI Engineer,MNC,Finance,USA,Hybrid,Mid,0,Master,0
3815,Business Analyst,Medium,Finance,Canada,Hybrid,Entry,9,Master,0
3816,Data Scientist,Startup,Retail,Canada,Onsite,Senior,8,PhD,1
3817,Machine Learning Engineer,Enterprise,E-commerce,USA,Remote,Senior,8,Master,1
3818,Machine Learning Engineer,Enterprise,Retail,Singapore,Onsite,Mid,7,PhD,0
3819,Data Analyst,Enterprise,Technology,India,Remote,Entry,3,Bachelor,0
3820,Machine Learning Engineer,Enterprise,Retail,Germany,Onsite,Mid,7,PhD,1
3821,AI Engineer,Startup,Finance,Singapore,Onsite,Entry,6,Master,0
3822,AI Engineer,Startup,Technology,Singapore,Remote,Mid,5,PhD,0
3823,AI Engineer,Medium,Education,Australia,Hybrid,Mid,7,Master,1
3824,Machine Learning Engineer,Medium,Finance,Australia,Remote,Mid,14,Master,1
3825,Data Scientist,Startup,Finance,USA,Hybrid,Senior,10,Bachelor,0
3826,Machine Learning Engineer,Medium,Technology,Canada,Onsite,Mid,6,Master,1
3827,Data Engineer,Enterprise,E-commerce,Singapore,Onsite,Senior,2,Bachelor,1
3828,Data Engineer,MNC,Finance,UK,Hybrid,Senior,2,Master,0
3829,Data Analyst,Enterprise,Education,UK,Onsite,Mid,12,PhD,1
3830,Data Analyst,MNC,Finance,Canada,Hybrid,Senior,9,Master,1
3831,Data Engineer,Enterprise,Finance,Germany,Remote,Senior,0,Master,1
3832,Data Analyst,Enterprise,Education,Germany,Remote,Senior,6,PhD,0
3833,Data Scientist,Startup,E-commerce,Germany,Onsite,Mid,8,PhD,1
3834,AI Engineer,MNC,E-commerce,Australia,Onsite,Entry,5,Bachelor,0
3835,Machine Learning Engineer,MNC,Education,USA,Hybrid,Senior,8,Master,0
3836,Data Scientist,Startup,Finance,Singapore,Onsite,Mid,5,Bachelor,0
3837,AI Engineer,MNC,Finance,UK,Onsite,Entry,12,Bachelor,1
3838,Machine Learning Engineer,Startup,Retail,UK,Hybrid,Entry,8,PhD,1
3839,Data Analyst,Startup,Finance,Canada,Hybrid,Mid,1,Bachelor,1
3840,Data Scientist,Startup,Education,UK,Onsite,Senior,1,PhD,0
3841,Data Scientist,Enterprise,E-commerce,Australia,Remote,Entry,2,PhD,1
3842,Machine Learning Engineer,Startup,Retail,USA,Onsite,Mid,8,Master,1
3843,Machine Learning Engineer,Startup,Retail,Germany,Onsite,Entry,12,Bachelor,1
3844,Machine Learning Engineer,Enterprise,Retail,Canada,Onsite,Mid,11,PhD,1
3845,Data Engineer,Medium,E-commerce,Australia,Hybrid,Mid,1,PhD,0
3846,AI Engineer,Enterprise,Education,Australia,Remote,Entry,10,PhD,1
3847,Data Engineer,MNC,E-commerce,USA,Onsite,Mid,5,PhD,1
3848,Data Engineer,Startup,Technology,Germany,Remote,Mid,13,Master,0
3849,Data Analyst,Enterprise,Retail,Germany,Hybrid,Entry,1,Bachelor,0
3850,Machine Learning Engineer,Enterprise,Finance,UK,Hybrid,Senior,5,Bachelor,1
3851,Data Engineer,Medium,Healthcare,USA,Onsite,Senior,11,PhD,0
3852,Business Analyst,Enterprise,Healthcare,Germany,Onsite,Entry,8,PhD,0
3853,Data Analyst,Medium,Technology,Germany,Onsite,Senior,6,Bachelor,0
3854,Business Analyst,Startup,E-commerce,UK,Remote,Senior,2,PhD,1
3855,Business Analyst,Enterprise,Healthcare,Australia,Hybrid,Senior,12,Bachelor,0
3856,AI Engineer,MNC,Technology,USA,Remote,Mid,9,Master,1
3857,Data Analyst,Medium,Retail,Singapore,Hybrid,Entry,8,Master,0
3858,Data Analyst,Medium,Retail,Singapore,Remote,Mid,12,Master,0
3859,Machine Learning Engineer,MNC,Education,Germany,Remote,Senior,8,Bachelor,0
3860,Data Scientist,Startup,Healthcare,Australia,Remote,Mid,2,Master,0
3861,Data Engineer,Medium,Healthcare,UK,Remote,Senior,3,PhD,1
3862,Business Analyst,MNC,E-commerce,India,Remote,Senior,2,Master,1
3863,Business Analyst,Medium,Healthcare,Australia,Onsite,Entry,8,Master,1
3864,Data Engineer,Enterprise,E-commerce,Australia,Onsite,Entry,13,Master,1
3865,Data Engineer,Enterprise,Technology,UK,Hybrid,Entry,5,Bachelor,0
3866,Data Analyst,Enterprise,Healthcare,UK,Onsite,Entry,6,Master,0
3867,Data Scientist,Startup,Finance,Singapore,Onsite,Entry,14,PhD,0
3868,Data Engineer,MNC,Healthcare,Australia,Remote,Senior,6,PhD,1
3869,Business Analyst,Enterprise,Retail,UK,Remote,Entry,7,Master,1
3870,Data Engineer,MNC,Finance,Singapore,Onsite,Mid,4,Master,0
3871,Data Scientist,Enterprise,E-commerce,Germany,Onsite,Entry,9,Master,1
3872,Data Scientist,Startup,Healthcare,Singapore,Hybrid,Senior,9,Master,1
3873,Machine Learning Engineer,Medium,Education,Singapore,Hybrid,Entry,5,Bachelor,1
3874,Data Scientist,MNC,Finance,Canada,Onsite,Entry,2,Bachelor,0
3875,Data Engineer,MNC,Finance,Australia,Hybrid,Mid,12,Master,0
3876,Data Engineer,MNC,Retail,Germany,Remote,Mid,0,Master,1
3877,Data Scientist,Enterprise,Healthcare,Germany,Hybrid,Mid,5,PhD,0
3878,Business Analyst,Medium,Retail,Germany,Remote,Senior,8,Bachelor,0
3879,Data Engineer,Startup,E-commerce,Singapore,Onsite,Mid,7,Master,1
3880,Data Scientist,MNC,Education,Singapore,Hybrid,Mid,6,PhD,1
3881,Machine Learning Engineer,Enterprise,E-commerce,Canada,Hybrid,Entry,12,PhD,0
3882,Data Analyst,Startup,Healthcare,India,Remote,Entry,0,Master,1
3883,Machine Learning Engineer,MNC,Healthcare,Australia,Hybrid,Senior,6,PhD,0
3884,Machine Learning Engineer,MNC,Retail,UK,Onsite,Senior,9,Master,0
3885,Data Scientist,Medium,Healthcare,UK,Onsite,Senior,10,Master,0
3886,Data Engineer,Enterprise,Education,UK,Onsite,Mid,10,Bachelor,0
3887,AI Engineer,Medium,Education,UK,Hybrid,Entry,12,PhD,1
3888,Data Scientist,Enterprise,Finance,UK,Onsite,Entry,6,PhD,0
3889,Business Analyst,Medium,Education,UK,Remote,Entry,2,Master,1
3890,Data Scientist,MNC,Healthcare,Canada,Onsite,Mid,2,Master,1
3891,Data Analyst,Enterprise,E-commerce,Australia,Remote,Senior,5,Master,0
3892,Business Analyst,Medium,Healthcare,USA,Hybrid,Senior,0,Bachelor,1
3893,Business Analyst,MNC,Education,India,Hybrid,Entry,8,PhD,0
3894,Machine Learning Engineer,Enterprise,Finance,USA,Remote,Mid,13,Bachelor,1
3895,Data Analyst,Startup,Technology,UK,Onsite,Senior,14,Bachelor,0
3896,Data Scientist,MNC,Technology,Australia,Hybrid,Mid,11,Bachelor,1
3897,Data Analyst,Enterprise,Education,Singapore,Remote,Senior,10,Bachelor,0
3898,AI Engineer,Startup,Education,Singapore,Onsite,Entry,7,PhD,1
3899,AI Engineer,Startup,Retail,Australia,Onsite,Entry,5,Bachelor,1
3900,Business Analyst,Enterprise,Healthcare,Canada,Onsite,Senior,3,PhD,0
3901,Data Analyst,Enterprise,Education,UK,Hybrid,Entry,3,PhD,0
3902,Data Scientist,MNC,Retail,Canada,Remote,Senior,5,PhD,0
3903,Data Scientist,Enterprise,Healthcare,UK,Onsite,Entry,6,PhD,0
3904,Machine Learning Engineer,Enterprise,Technology,Germany,Onsite,Mid,13,PhD,1
3905,Business Analyst,MNC,Finance,Germany,Remote,Mid,12,PhD,0
3906,AI Engineer,MNC,Education,Singapore,Remote,Mid,8,Master,1
3907,Data Analyst,Startup,E-commerce,India,Hybrid,Senior,12,PhD,0
3908,Machine Learning Engineer,MNC,Education,USA,Hybrid,Senior,6,PhD,0
3909,Business Analyst,MNC,E-commerce,USA,Remote,Senior,2,Master,0
3910,AI Engineer,Startup,Healthcare,India,Onsite,Mid,9,Master,0
3911,AI Engineer,Startup,Retail,Singapore,Onsite,Mid,1,PhD,0
3912,Machine Learning Engineer,Enterprise,E-commerce,India,Onsite,Mid,3,PhD,1
3913,Data Engineer,Medium,E-commerce,Australia,Hybrid,Senior,7,Bachelor,0
3914,Business Analyst,Enterprise,Retail,Singapore,Onsite,Entry,2,Bachelor,0
3915,Data Analyst,Startup,Healthcare,Germany,Remote,Mid,2,Bachelor,1
3916,Machine Learning Engineer,Enterprise,Healthcare,Canada,Remote,Senior,13,Master,0
3917,Data Analyst,MNC,E-commerce,UK,Onsite,Mid,2,PhD,1
3918,Business Analyst,Startup,Technology,Germany,Onsite,Senior,0,PhD,0
3919,Machine Learning Engineer,Medium,E-commerce,Australia,Remote,Senior,14,PhD,0
3920,Machine Learning Engineer,MNC,Retail,Australia,Remote,Entry,8,Master,1
3921,Data Engineer,MNC,Technology,UK,Hybrid,Entry,11,Bachelor,0
3922,AI Engineer,Medium,Retail,Singapore,Remote,Mid,14,Master,0
3923,Business Analyst,Startup,Finance,Australia,Hybrid,Mid,5,Bachelor,0
3924,Data Engineer,Enterprise,Finance,Australia,Onsite,Senior,1,PhD,0
3925,Business Analyst,Enterprise,Education,Germany,Hybrid,Senior,3,Bachelor,0
3926,Machine Learning Engineer,Enterprise,Technology,Singapore,Hybrid,Entry,9,Master,1
3927,Business Analyst,MNC,Healthcare,Australia,Onsite,Mid,10,Master,0
3928,Data Analyst,Startup,Finance,Canada,Onsite,Entry,14,Bachelor,1
3929,Machine Learning Engineer,MNC,Education,UK,Remote,Entry,5,Master,0
3930,Data Scientist,Startup,E-commerce,Canada,Onsite,Senior,1,Bachelor,1
3931,Data Engineer,Enterprise,Retail,Singapore,Onsite,Entry,2,PhD,1
3932,Data Engineer,Startup,Education,Singapore,Hybrid,Senior,10,PhD,0
3933,Machine Learning Engineer,Startup,E-commerce,India,Onsite,Senior,0,Master,0
3934,Machine Learning Engineer,Startup,Technology,UK,Remote,Mid,3,PhD,0
3935,Data Analyst,Startup,Education,Singapore,Hybrid,Mid,8,Master,1
3936,Data Engineer,MNC,Healthcare,India,Remote,Entry,4,Bachelor,0
3937,AI Engineer,MNC,Retail,Australia,Remote,Entry,8,PhD,1
3938,Data Engineer,Medium,Technology,Singapore,Remote,Entry,5,Bachelor,1
3939,Data Analyst,MNC,Healthcare,UK,Hybrid,Entry,11,Master,1
3940,Data Engineer,Enterprise,Healthcare,UK,Remote,Mid,0,Bachelor,1
3941,Business Analyst,Enterprise,E-commerce,Canada,Hybrid,Mid,10,Bachelor,0
3942,AI Engineer,Enterprise,Technology,UK,Remote,Senior,9,Bachelor,0
3943,Business Analyst,Startup,Education,Australia,Remote,Mid,0,PhD,1
3944,Business Analyst,MNC,Finance,Canada,Remote,Mid,4,PhD,1
3945,Data Scientist,MNC,E-commerce,Canada,Onsite,Senior,13,PhD,1
3946,Machine Learning Engineer,MNC,Finance,UK,Hybrid,Mid,1,PhD,0
3947,AI Engineer,Medium,Finance,Australia,Remote,Entry,10,Bachelor,1
3948,AI Engineer,Medium,E-commerce,India,Hybrid,Senior,10,PhD,0
3949,Machine Learning Engineer,Medium,Finance,Canada,Onsite,Entry,10,Bachelor,0
3950,Data Analyst,Medium,Technology,Canada,Hybrid,Mid,1,Master,1
3951,Business Analyst,MNC,Technology,Australia,Remote,Senior,0,PhD,0
3952,Machine Learning Engineer,Medium,Finance,USA,Onsite,Mid,14,PhD,0
3953,AI Engineer,Enterprise,Finance,Australia,Hybrid,Mid,2,Master,0
3954,Data Analyst,Startup,Finance,USA,Onsite,Senior,11,Master,1
3955,AI Engineer,Startup,Finance,India,Remote,Entry,0,Master,0
3956,AI Engineer,MNC,E-commerce,UK,Remote,Entry,6,PhD,0
3957,Machine Learning Engineer,MNC,Technology,Canada,Remote,Mid,2,Master,0
3958,Data Analyst,MNC,Technology,Australia,Remote,Senior,4,Master,0
3959,Business Analyst,MNC,Education,Germany,Remote,Mid,9,Bachelor,1
3960,Data Scientist,Medium,Technology,Australia,Hybrid,Mid,4,Master,0
3961,Data Engineer,MNC,E-commerce,Germany,Hybrid,Entry,10,PhD,0
3962,Data Analyst,Medium,Finance,Canada,Onsite,Senior,3,Bachelor,0
3963,Data Analyst,MNC,Retail,Australia,Onsite,Mid,12,Master,1
3964,Machine Learning Engineer,Enterprise,Technology,UK,Onsite,Senior,8,Master,1
3965,Data Scientist,Startup,Retail,Germany,Remote,Senior,3,Master,0
3966,Data Scientist,Startup,Technology,Australia,Onsite,Entry,10,Bachelor,1
3967,Business Analyst,Medium,Education,Singapore,Hybrid,Mid,9,Bachelor,0
3968,AI Engineer,Medium,Technology,Canada,Remote,Entry,1,PhD,1
3969,Data Engineer,Startup,Finance,Canada,Onsite,Senior,14,PhD,0
3970,AI Engineer,MNC,Retail,Germany,Hybrid,Entry,12,Master,1
3971,Machine Learning Engineer,MNC,E-commerce,USA,Onsite,Entry,12,Master,0
3972,Machine Learning Engineer,Startup,Healthcare,Singapore,Remote,Mid,11,Bachelor,1
3973,Data Engineer,MNC,E-commerce,Canada,Remote,Mid,6,PhD,0
3974,Business Analyst,Enterprise,Finance,India,Remote,Entry,6,Master,0
3975,Machine Learning Engineer,Medium,Healthcare,India,Hybrid,Mid,0,Bachelor,0
3976,Data Scientist,Startup,Technology,India,Hybrid,Entry,1,Master,1
3977,Business Analyst,Startup,Healthcare,Singapore,Hybrid,Senior,4,Bachelor,1
3978,Data Scientist,Startup,Retail,UK,Remote,Mid,12,PhD,0
3979,Data Scientist,Enterprise,Education,Canada,Onsite,Senior,12,Bachelor,0
3980,Data Scientist,Medium,Technology,Australia,Hybrid,Mid,6,Master,0
3981,Machine Learning Engineer,Medium,Finance,Australia,Onsite,Entry,4,PhD,1
3982,Data Scientist,Medium,Healthcare,UK,Hybrid,Mid,10,Bachelor,0
3983,Data Analyst,MNC,Retail,Germany,Remote,Senior,7,Bachelor,0
3984,Business Analyst,Enterprise,Retail,Canada,Onsite,Entry,7,Bachelor,1
3985,Data Engineer,MNC,Education,Singapore,Remote,Entry,5,Bachelor,1
3986,Data Scientist,Startup,E-commerce,UK,Onsite,Entry,10,PhD,1
3987,Data Engineer,Medium,E-commerce,UK,Onsite,Entry,2,Master,0
3988,Data Scientist,MNC,Retail,India,Remote,Entry,14,Master,1
3989,Data Analyst,Medium,Retail,Australia,Hybrid,Mid,1,Bachelor,1
3990,Business Analyst,Enterprise,Technology,Canada,Remote,Senior,10,Master,1
3991,Data Engineer,MNC,Retail,USA,Remote,Entry,14,PhD,1
3992,Data Scientist,Medium,Healthcare,UK,Hybrid,Entry,7,PhD,1
3993,Data Analyst,Medium,Healthcare,Canada,Remote,Entry,14,Master,1
3994,Machine Learning Engineer,Enterprise,Healthcare,USA,Remote,Mid,1,Master,0
3995,Business Analyst,Enterprise,Technology,USA,Remote,Entry,4,Bachelor,1
3996,Machine Learning Engineer,MNC,Retail,Australia,Onsite,Entry,5,Bachelor,1
3997,Business Analyst,Startup,Finance,India,Remote,Mid,8,PhD,0
3998,Data Engineer,Startup,Retail,Australia,Onsite,Senior,10,Master,1
3999,Data Scientist,Enterprise,Finance,Germany,Remote,Mid,3,PhD,0
4000,Data Scientist,Startup,Education,Canada,Remote,Entry,5,Master,1
4001,Data Analyst,Medium,Education,Germany,Hybrid,Mid,0,Bachelor,0
4002,Data Analyst,Startup,Finance,Australia,Onsite,Entry,7,PhD,0
4003,Machine Learning Engineer,MNC,Healthcare,USA,Remote,Mid,11,PhD,0
4004,Business Analyst,MNC,E-commerce,Australia,Hybrid,Senior,5,Bachelor,0
4005,Data Engineer,Enterprise,Education,USA,Hybrid,Senior,12,Bachelor,0
4006,AI Engineer,MNC,E-commerce,Germany,Onsite,Senior,6,PhD,1
4007,Data Engineer,Enterprise,Finance,Canada,Onsite,Mid,10,Bachelor,1
4008,Business Analyst,Medium,Finance,Australia,Hybrid,Mid,6,Bachelor,1
4009,AI Engineer,MNC,Healthcare,India,Onsite,Entry,8,PhD,1
4010,Data Engineer,Startup,Finance,Germany,Remote,Entry,4,Master,0
4011,Data Scientist,Startup,Education,UK,Remote,Entry,7,Master,1
4012,Data Scientist,Enterprise,Retail,Canada,Onsite,Mid,6,Master,1
4013,Data Engineer,Startup,Healthcare,Germany,Remote,Senior,9,Master,1
4014,AI Engineer,Medium,Technology,USA,Onsite,Senior,10,Master,1
4015,Machine Learning Engineer,Enterprise,Retail,USA,Hybrid,Senior,9,PhD,0
4016,Machine Learning Engineer,MNC,Retail,UK,Remote,Entry,5,Master,0
4017,Business Analyst,Startup,Healthcare,UK,Hybrid,Mid,6,PhD,0
4018,Business Analyst,MNC,Healthcare,Germany,Hybrid,Senior,0,Bachelor,1
4019,Data Analyst,MNC,Technology,India,Onsite,Mid,9,PhD,1
4020,Data Analyst,MNC,Education,Australia,Remote,Senior,11,PhD,1
4021,Data Scientist,Enterprise,E-commerce,Germany,Hybrid,Senior,4,PhD,1
4022,Data Analyst,Enterprise,Finance,Germany,Hybrid,Senior,14,PhD,1
4023,Business Analyst,Enterprise,Education,Germany,Hybrid,Mid,10,PhD,0
4024,Data Scientist,MNC,Finance,UK,Onsite,Mid,10,Bachelor,0
4025,Business Analyst,Startup,Healthcare,Germany,Onsite,Senior,11,Master,1
4026,Data Analyst,Enterprise,Retail,Australia,Hybrid,Senior,4,Master,1
4027,Data Analyst,MNC,Retail,USA,Onsite,Senior,6,Bachelor,0
4028,AI Engineer,Medium,Finance,Germany,Hybrid,Mid,12,Master,0
4029,Data Engineer,MNC,Healthcare,USA,Onsite,Mid,13,Bachelor,0
4030,Business Analyst,Medium,Technology,UK,Hybrid,Entry,13,PhD,1
4031,Business Analyst,Medium,Healthcare,Singapore,Hybrid,Entry,11,Bachelor,0
4032,Business Analyst,Startup,Retail,Singapore,Remote,Entry,1,Master,1
4033,Data Analyst,Enterprise,Retail,Germany,Remote,Entry,7,PhD,0
4034,Data Engineer,Enterprise,Finance,Australia,Hybrid,Mid,14,Master,0
4035,Data Scientist,Enterprise,Education,Canada,Remote,Mid,8,Master,1
4036,Data Analyst,Enterprise,Technology,UK,Remote,Entry,7,Bachelor,0
4037,Data Analyst,MNC,E-commerce,Canada,Hybrid,Senior,7,PhD,1
4038,Business Analyst,Enterprise,Technology,UK,Onsite,Mid,3,PhD,0
4039,Data Analyst,MNC,Technology,UK,Onsite,Mid,6,Master,1
4040,AI Engineer,Enterprise,Education,Germany,Onsite,Entry,13,PhD,0
4041,Data Analyst,Medium,Education,Singapore,Onsite,Senior,6,PhD,0
4042,Machine Learning Engineer,MNC,Technology,Australia,Hybrid,Entry,8,PhD,0
4043,Data Scientist,Medium,E-commerce,India,Remote,Mid,10,PhD,1
4044,Business Analyst,Enterprise,Finance,Singapore,Onsite,Entry,2,PhD,0
4045,AI Engineer,Startup,Retail,India,Onsite,Senior,5,PhD,1
4046,Data Analyst,Enterprise,Technology,USA,Onsite,Mid,10,Master,0
4047,Data Engineer,Enterprise,E-commerce,Australia,Onsite,Mid,2,Master,1
4048,Business Analyst,MNC,Retail,USA,Hybrid,Mid,7,Master,0
4049,Machine Learning Engineer,Startup,Technology,Germany,Hybrid,Mid,0,Master,1
4050,Data Engineer,Enterprise,E-commerce,Australia,Hybrid,Senior,13,PhD,0
4051,Data Scientist,Enterprise,E-commerce,Australia,Onsite,Mid,10,PhD,1
4052,Business Analyst,Medium,Finance,India,Hybrid,Senior,1,Master,0
4053,AI Engineer,Enterprise,Finance,Singapore,Hybrid,Entry,4,Bachelor,1
4054,Data Scientist,Medium,Technology,Canada,Hybrid,Senior,0,PhD,0
4055,Data Analyst,MNC,E-commerce,Australia,Remote,Senior,12,PhD,1
4056,AI Engineer,Startup,Retail,India,Hybrid,Senior,5,Bachelor,1
4057,Machine Learning Engineer,MNC,Healthcare,Canada,Remote,Entry,10,PhD,0
4058,AI Engineer,MNC,Education,Canada,Hybrid,Entry,0,PhD,0
4059,AI Engineer,MNC,Healthcare,Canada,Remote,Mid,1,Master,1
4060,Machine Learning Engineer,MNC,Retail,USA,Hybrid,Senior,3,PhD,1
4061,AI Engineer,Startup,Finance,Germany,Hybrid,Mid,14,PhD,0
4062,AI Engineer,Medium,Retail,India,Remote,Entry,9,Master,1
4063,Business Analyst,Startup,Healthcare,Canada,Remote,Senior,13,PhD,0
4064,Data Analyst,Medium,Education,Australia,Onsite,Mid,5,Bachelor,1
4065,Data Engineer,Medium,Retail,USA,Remote,Mid,12,Bachelor,1
4066,Data Analyst,Startup,Retail,USA,Onsite,Senior,9,Master,1
4067,Data Scientist,Medium,E-commerce,USA,Hybrid,Mid,3,Bachelor,0
4068,Data Engineer,Startup,Education,Canada,Remote,Entry,8,Bachelor,0
4069,Data Scientist,Medium,Education,Singapore,Remote,Senior,2,Bachelor,1
4070,Business Analyst,Medium,Finance,Australia,Hybrid,Entry,7,Bachelor,1
4071,Data Scientist,Enterprise,Technology,India,Remote,Entry,6,Bachelor,0
4072,Data Analyst,MNC,Finance,USA,Remote,Entry,13,Master,0
4073,Data Analyst,Enterprise,Technology,Germany,Hybrid,Mid,3,Master,0
4074,Business Analyst,Medium,Healthcare,Germany,Onsite,Senior,13,Master,0
4075,Business Analyst,Startup,E-commerce,Canada,Remote,Senior,3,PhD,1
4076,Machine Learning Engineer,Medium,E-commerce,Singapore,Onsite,Mid,7,PhD,0
4077,Business Analyst,MNC,Retail,Singapore,Onsite,Senior,4,Bachelor,0
4078,Machine Learning Engineer,MNC,Healthcare,UK,Hybrid,Entry,14,PhD,0
4079,Data Engineer,MNC,Technology,Australia,Remote,Entry,5,PhD,0
4080,Data Analyst,Startup,Finance,India,Hybrid,Mid,1,PhD,0
4081,AI Engineer,Enterprise,Healthcare,Canada,Hybrid,Entry,8,Master,0
4082,Machine Learning Engineer,Startup,Finance,USA,Onsite,Entry,9,Bachelor,0
4083,Data Analyst,Startup,E-commerce,Germany,Hybrid,Senior,12,Master,1
4084,Business Analyst,Medium,Technology,Singapore,Hybrid,Mid,13,Master,0
4085,Data Scientist,MNC,Finance,India,Onsite,Mid,5,Bachelor,0
4086,Data Engineer,Startup,Finance,Canada,Remote,Mid,10,PhD,0
4087,Machine Learning Engineer,Medium,Finance,Singapore,Hybrid,Entry,5,Bachelor,0
4088,Data Engineer,Startup,Retail,Australia,Remote,Mid,8,PhD,0
4089,Machine Learning Engineer,Medium,Retail,Singapore,Hybrid,Mid,4,Bachelor,0
4090,Machine Learning Engineer,Startup,Retail,UK,Onsite,Mid,1,Bachelor,1
4091,Data Scientist,Medium,Retail,USA,Onsite,Mid,7,PhD,1
4092,Data Engineer,Startup,Healthcare,India,Remote,Entry,11,PhD,1
4093,Machine Learning Engineer,Startup,E-commerce,Australia,Onsite,Entry,10,Bachelor,1
4094,AI Engineer,Startup,E-commerce,Germany,Onsite,Entry,7,Bachelor,1
4095,Machine Learning Engineer,Startup,Technology,India,Onsite,Senior,12,Master,0
4096,AI Engineer,Medium,Finance,India,Remote,Senior,13,Master,1
4097,Data Scientist,Medium,Finance,UK,Hybrid,Mid,7,Master,0
4098,Data Scientist,MNC,Education,Singapore,Hybrid,Senior,0,Bachelor,1
4099,Data Scientist,Startup,Education,Germany,Remote,Senior,4,PhD,0
4100,Data Scientist,Enterprise,Retail,Singapore,Remote,Entry,13,Bachelor,1
4101,Business Analyst,Enterprise,Healthcare,USA,Hybrid,Senior,5,Master,0
4102,AI Engineer,Medium,Retail,Australia,Onsite,Entry,5,Master,1
4103,AI Engineer,MNC,Finance,UK,Hybrid,Mid,8,Bachelor,0
4104,Data Scientist,Startup,E-commerce,Singapore,Onsite,Mid,1,Master,1
4105,Machine Learning Engineer,Medium,Retail,India,Remote,Entry,4,PhD,0
4106,Data Engineer,Startup,Healthcare,UK,Remote,Entry,10,Master,0
4107,AI Engineer,Startup,E-commerce,Singapore,Hybrid,Senior,3,PhD,0
4108,AI Engineer,MNC,Finance,Australia,Remote,Entry,7,PhD,1
4109,Data Scientist,Startup,Healthcare,USA,Onsite,Mid,12,PhD,1
4110,Data Engineer,Medium,E-commerce,Canada,Hybrid,Senior,9,PhD,1
4111,Data Analyst,Medium,Retail,Canada,Hybrid,Senior,7,Master,1
4112,Data Analyst,Medium,E-commerce,USA,Remote,Entry,14,Master,0
4113,Data Analyst,Startup,Retail,UK,Onsite,Entry,7,Master,1
4114,AI Engineer,MNC,Education,Australia,Remote,Senior,11,PhD,1
4115,Data Analyst,Startup,Technology,Germany,Remote,Senior,11,Master,1
4116,Data Scientist,MNC,E-commerce,UK,Hybrid,Mid,5,PhD,1
4117,Data Scientist,MNC,Education,UK,Onsite,Senior,12,Bachelor,1
4118,Machine Learning Engineer,Startup,Education,Canada,Onsite,Senior,8,Master,0
4119,Machine Learning Engineer,Medium,Healthcare,Singapore,Onsite,Senior,12,Bachelor,0
4120,Data Scientist,Startup,Retail,Canada,Remote,Entry,6,Master,0
4121,Machine Learning Engineer,Medium,E-commerce,Germany,Remote,Senior,9,PhD,1
4122,Data Analyst,Enterprise,Education,Singapore,Onsite,Mid,13,PhD,1
4123,Machine Learning Engineer,Enterprise,Healthcare,Singapore,Hybrid,Mid,12,Bachelor,1
4124,Data Engineer,Startup,Finance,India,Onsite,Entry,10,PhD,0
4125,AI Engineer,Medium,Technology,Australia,Onsite,Mid,5,Bachelor,1
4126,Data Engineer,MNC,E-commerce,Germany,Remote,Senior,6,Master,1
4127,Machine Learning Engineer,Startup,E-commerce,Canada,Hybrid,Mid,3,PhD,1
4128,Data Analyst,MNC,Healthcare,Canada,Hybrid,Entry,11,Master,1
4129,Data Engineer,MNC,Technology,Canada,Onsite,Mid,3,Bachelor,1
4130,Business Analyst,Enterprise,E-commerce,Singapore,Remote,Entry,7,Bachelor,0
4131,Machine Learning Engineer,Enterprise,Healthcare,Canada,Onsite,Mid,5,PhD,1
4132,AI Engineer,MNC,Technology,Australia,Hybrid,Entry,8,PhD,1
4133,Business Analyst,MNC,E-commerce,Singapore,Remote,Mid,13,Master,0
4134,Machine Learning Engineer,Startup,Finance,Germany,Hybrid,Senior,8,Master,0
4135,Business Analyst,Enterprise,Technology,Singapore,Remote,Mid,1,Master,0
4136,Data Scientist,MNC,Education,Australia,Hybrid,Senior,8,Bachelor,0
4137,Business Analyst,MNC,Healthcare,Singapore,Remote,Mid,3,Bachelor,0
4138,Data Analyst,MNC,Technology,USA,Onsite,Entry,13,Master,1
4139,Data Scientist,MNC,Education,India,Onsite,Senior,14,PhD,1
4140,AI Engineer,Medium,Finance,Singapore,Onsite,Senior,10,PhD,1
4141,Data Engineer,Enterprise,Finance,Singapore,Hybrid,Mid,3,Master,0
4142,Data Analyst,Enterprise,Healthcare,Canada,Remote,Entry,6,Master,0
4143,Data Scientist,Medium,Technology,India,Hybrid,Senior,8,PhD,0
4144,Data Scientist,MNC,Technology,Singapore,Hybrid,Senior,4,PhD,1
4145,AI Engineer,MNC,Education,Canada,Onsite,Mid,0,Bachelor,0
4146,Machine Learning Engineer,Startup,Education,USA,Remote,Senior,3,Bachelor,0
4147,Data Scientist,Medium,Healthcare,UK,Hybrid,Mid,11,Bachelor,1
4148,Data Engineer,Startup,Finance,USA,Remote,Senior,6,PhD,0
4149,Business Analyst,MNC,E-commerce,India,Remote,Entry,4,Master,0
4150,Business Analyst,Startup,Finance,Canada,Onsite,Entry,4,Bachelor,0
4151,Data Scientist,Medium,Retail,Germany,Hybrid,Senior,3,PhD,0
4152,Data Engineer,MNC,Retail,Singapore,Onsite,Senior,0,PhD,1
4153,Data Analyst,Medium,Finance,Canada,Hybrid,Mid,5,Bachelor,0
4154,Data Analyst,MNC,Healthcare,USA,Onsite,Senior,4,PhD,1
4155,Machine Learning Engineer,Medium,Finance,USA,Hybrid,Mid,6,Master,1
4156,Business Analyst,Enterprise,Technology,Canada,Remote,Entry,9,Bachelor,1
4157,Data Scientist,Startup,Healthcare,India,Onsite,Entry,4,Bachelor,1
4158,Machine Learning Engineer,MNC,Education,Canada,Hybrid,Entry,6,Master,0
4159,Data Scientist,Enterprise,Technology,Singapore,Hybrid,Entry,12,Master,0
4160,AI Engineer,Startup,Technology,Australia,Hybrid,Mid,5,Master,1
4161,Data Engineer,Startup,Retail,Singapore,Remote,Senior,2,Bachelor,0
4162,Business Analyst,Enterprise,E-commerce,USA,Remote,Senior,12,Master,0
4163,Data Analyst,Enterprise,Finance,Singapore,Remote,Entry,12,Master,1
4164,AI Engineer,Medium,Retail,Singapore,Remote,Mid,12,Bachelor,1
4165,Machine Learning Engineer,Startup,E-commerce,UK,Remote,Entry,13,PhD,0
4166,Machine Learning Engineer,Startup,Education,Australia,Onsite,Senior,4,Bachelor,0
4167,AI Engineer,Startup,Technology,India,Hybrid,Entry,11,Bachelor,1
4168,Business Analyst,MNC,Retail,Singapore,Hybrid,Mid,7,Master,0
4169,Data Engineer,Medium,Technology,Australia,Hybrid,Mid,1,Bachelor,0
4170,Data Engineer,Startup,Finance,Germany,Hybrid,Senior,4,PhD,1
4171,Data Scientist,Medium,Finance,Germany,Remote,Entry,12,PhD,1
4172,Data Engineer,Startup,Finance,Australia,Hybrid,Senior,6,PhD,1
4173,Machine Learning Engineer,Medium,Finance,Germany,Hybrid,Senior,13,PhD,1
4174,AI Engineer,Medium,E-commerce,Singapore,Remote,Senior,7,Bachelor,0
4175,Machine Learning Engineer,MNC,Retail,Australia,Onsite,Senior,1,Master,0
4176,Data Analyst,Medium,Retail,Singapore,Onsite,Entry,11,PhD,1
4177,Machine Learning Engineer,Enterprise,Education,Australia,Hybrid,Senior,4,Bachelor,0
4178,Data Scientist,MNC,Education,UK,Onsite,Entry,7,Master,1
4179,AI Engineer,Startup,Technology,UK,Hybrid,Senior,9,PhD,0
4180,Data Scientist,Startup,Finance,UK,Hybrid,Senior,2,PhD,1
4181,Data Analyst,Medium,Education,USA,Remote,Mid,5,Bachelor,1
4182,Business Analyst,Startup,Finance,USA,Hybrid,Senior,6,Bachelor,1
4183,AI Engineer,MNC,Education,Singapore,Onsite,Mid,8,Bachelor,0
4184,Business Analyst,Enterprise,Finance,Canada,Onsite,Entry,11,Bachelor,0
4185,AI Engineer,Startup,E-commerce,UK,Onsite,Mid,6,PhD,1
4186,Data Engineer,MNC,Education,UK,Hybrid,Senior,4,Master,0
4187,Machine Learning Engineer,Medium,Finance,Germany,Hybrid,Senior,7,Bachelor,1
4188,Machine Learning Engineer,Startup,Healthcare,Canada,Onsite,Senior,2,Master,0
4189,Data Analyst,Medium,Retail,UK,Hybrid,Entry,4,Bachelor,1
4190,Data Analyst,Medium,E-commerce,Singapore,Remote,Mid,13,Master,1
4191,Machine Learning Engineer,Enterprise,Healthcare,USA,Onsite,Senior,10,PhD,1
4192,Business Analyst,Medium,Technology,Singapore,Remote,Entry,4,PhD,0
4193,Data Analyst,Startup,Retail,Canada,Onsite,Senior,1,Master,0
4194,Machine Learning Engineer,Startup,Retail,USA,Hybrid,Entry,13,PhD,0
4195,AI Engineer,Startup,Technology,India,Remote,Entry,6,Master,1
4196,Data Scientist,Medium,Education,USA,Remote,Mid,8,PhD,0
4197,Data Analyst,Startup,Healthcare,Australia,Remote,Mid,0,Master,0
4198,AI Engineer,Startup,Retail,Australia,Onsite,Senior,5,Bachelor,1
4199,Machine Learning Engineer,MNC,Retail,Australia,Hybrid,Senior,0,PhD,0
4200,Data Engineer,Startup,Finance,Singapore,Onsite,Mid,14,Bachelor,0
4201,Data Scientist,Startup,Technology,India,Remote,Entry,7,PhD,0
4202,Machine Learning Engineer,Enterprise,E-commerce,USA,Hybrid,Entry,12,PhD,1
4203,AI Engineer,MNC,Education,Canada,Remote,Mid,0,PhD,1
4204,AI Engineer,Medium,Technology,Germany,Remote,Senior,10,Master,0
4205,AI Engineer,Enterprise,Healthcare,Singapore,Hybrid,Mid,4,Bachelor,1
4206,Business Analyst,Medium,Technology,Canada,Onsite,Entry,10,PhD,0
4207,AI Engineer,Startup,E-commerce,Canada,Onsite,Entry,1,Bachelor,0
4208,Data Analyst,MNC,E-commerce,India,Remote,Senior,7,PhD,0
4209,Data Analyst,MNC,Finance,UK,Remote,Entry,8,Master,1
4210,Business Analyst,Enterprise,Technology,Singapore,Onsite,Senior,11,Master,0
4211,AI Engineer,Startup,Education,Germany,Hybrid,Senior,5,Bachelor,1
4212,Machine Learning Engineer,MNC,Retail,India,Hybrid,Entry,9,PhD,1
4213,Data Scientist,Enterprise,Education,Australia,Hybrid,Mid,14,Bachelor,0
4214,Data Scientist,MNC,Technology,USA,Remote,Entry,13,Master,1
4215,Machine Learning Engineer,MNC,Healthcare,Canada,Hybrid,Senior,2,Bachelor,1
4216,Business Analyst,Enterprise,Education,India,Remote,Entry,13,Master,1
4217,Machine Learning Engineer,Medium,Healthcare,Germany,Onsite,Entry,3,Master,1
4218,Data Engineer,Startup,Finance,India,Remote,Mid,6,Master,1
4219,AI Engineer,MNC,Education,USA,Hybrid,Mid,3,PhD,1
4220,Business Analyst,MNC,Finance,Germany,Onsite,Senior,10,Master,0
4221,Data Engineer,MNC,Healthcare,Singapore,Remote,Senior,1,Bachelor,0
4222,Data Engineer,Enterprise,Finance,USA,Onsite,Entry,6,Master,1
4223,Machine Learning Engineer,Medium,Finance,Singapore,Hybrid,Entry,12,Master,1
4224,Data Scientist,Medium,Healthcare,Singapore,Hybrid,Senior,12,PhD,1
4225,Data Analyst,MNC,Education,UK,Hybrid,Entry,6,Master,1
4226,Data Engineer,Enterprise,Retail,Australia,Hybrid,Senior,11,Bachelor,1
4227,Business Analyst,Startup,Education,Singapore,Remote,Entry,5,PhD,0
4228,Data Engineer,Medium,Education,Germany,Hybrid,Entry,11,Bachelor,0
4229,Data Engineer,Enterprise,Education,Singapore,Onsite,Mid,2,Bachelor,0
4230,Data Engineer,MNC,Healthcare,Canada,Onsite,Entry,1,Master,0
4231,Data Scientist,Enterprise,Retail,UK,Remote,Senior,11,Bachelor,1
4232,Data Scientist,Startup,E-commerce,UK,Onsite,Senior,2,Bachelor,0
4233,AI Engineer,MNC,Technology,UK,Hybrid,Mid,2,Bachelor,1
4234,Machine Learning Engineer,MNC,Retail,Singapore,Remote,Entry,2,Bachelor,0
4235,Machine Learning Engineer,Startup,Retail,Singapore,Hybrid,Entry,7,Bachelor,1
4236,Business Analyst,MNC,Finance,UK,Remote,Senior,2,PhD,1
4237,AI Engineer,MNC,Healthcare,UK,Remote,Mid,7,Master,1
4238,Machine Learning Engineer,Enterprise,E-commerce,USA,Hybrid,Mid,3,PhD,1
4239,Business Analyst,Medium,Education,Australia,Remote,Mid,5,Bachelor,0
4240,AI Engineer,Startup,Healthcare,UK,Remote,Mid,2,Bachelor,1
4241,Data Engineer,Startup,E-commerce,Singapore,Onsite,Entry,14,Bachelor,0
4242,Data Scientist,MNC,Education,UK,Hybrid,Mid,4,Bachelor,0
4243,Data Analyst,Enterprise,Technology,USA,Remote,Mid,11,Bachelor,1
4244,AI Engineer,MNC,Finance,UK,Remote,Mid,9,PhD,0
4245,Business Analyst,Enterprise,Finance,UK,Remote,Entry,14,Master,1
4246,Business Analyst,Medium,Education,India,Remote,Mid,13,PhD,1
4247,Data Engineer,Enterprise,Finance,Canada,Remote,Mid,1,Master,0
4248,Machine Learning Engineer,Enterprise,Technology,USA,Remote,Mid,9,Bachelor,1
4249,Data Scientist,MNC,Education,Canada,Hybrid,Entry,9,Master,0
4250,AI Engineer,MNC,Finance,India,Hybrid,Entry,12,PhD,0
4251,Data Analyst,Medium,Technology,Germany,Remote,Senior,14,PhD,1
4252,AI Engineer,Startup,Retail,Australia,Onsite,Entry,1,Bachelor,0
4253,AI Engineer,MNC,Technology,Canada,Remote,Senior,5,Bachelor,1
4254,Data Scientist,Startup,E-commerce,India,Onsite,Mid,7,Bachelor,1
4255,Data Scientist,Medium,Education,Singapore,Hybrid,Mid,5,Bachelor,1
4256,Data Scientist,Enterprise,Technology,UK,Onsite,Mid,6,Master,0
4257,Business Analyst,MNC,E-commerce,USA,Hybrid,Senior,8,Master,0
4258,Data Analyst,Startup,Technology,India,Hybrid,Mid,12,Master,0
4259,Machine Learning Engineer,Medium,Technology,Singapore,Remote,Mid,1,Master,1
4260,Machine Learning Engineer,Medium,Healthcare,Singapore,Remote,Senior,11,Master,0
4261,Data Analyst,Startup,Technology,USA,Remote,Mid,2,Master,1
4262,Data Engineer,MNC,Healthcare,Singapore,Onsite,Mid,8,Bachelor,0
4263,Data Engineer,Medium,Retail,Singapore,Hybrid,Entry,5,Bachelor,1
4264,AI Engineer,Medium,Healthcare,Australia,Onsite,Mid,10,Bachelor,1
4265,Data Engineer,Enterprise,Healthcare,Singapore,Remote,Mid,1,Bachelor,0
4266,Data Scientist,Medium,Finance,Germany,Remote,Senior,7,Master,1
4267,Data Analyst,Enterprise,Healthcare,USA,Hybrid,Mid,10,Bachelor,0
4268,Machine Learning Engineer,Medium,Retail,USA,Onsite,Senior,1,Master,1
4269,Data Scientist,Medium,Retail,India,Onsite,Senior,12,Master,0
4270,Data Scientist,Startup,Finance,USA,Hybrid,Senior,9,Bachelor,1
4271,Machine Learning Engineer,Startup,Retail,India,Onsite,Entry,10,Master,0
4272,Data Engineer,Medium,Education,UK,Onsite,Entry,12,PhD,0
4273,AI Engineer,Startup,Education,Singapore,Remote,Entry,6,Bachelor,0
4274,Machine Learning Engineer,Medium,Retail,USA,Hybrid,Senior,0,Master,0
4275,Data Scientist,Enterprise,Finance,UK,Onsite,Mid,5,Master,1
4276,Data Scientist,Medium,Education,Singapore,Remote,Senior,8,PhD,0
4277,Machine Learning Engineer,Startup,Technology,Canada,Remote,Entry,6,Bachelor,0
4278,Data Scientist,Enterprise,Education,USA,Remote,Mid,5,Master,0
4279,Data Analyst,Startup,Retail,Canada,Remote,Mid,0,Bachelor,0
4280,Data Scientist,Enterprise,Healthcare,UK,Onsite,Entry,7,Bachelor,1
4281,Data Analyst,Startup,Technology,India,Remote,Entry,9,PhD,0
4282,Machine Learning Engineer,Enterprise,Retail,Germany,Onsite,Entry,0,Master,1
4283,Data Scientist,Startup,Healthcare,Canada,Hybrid,Entry,1,Bachelor,1
4284,Data Analyst,MNC,Technology,USA,Remote,Mid,13,Master,1
4285,Business Analyst,Enterprise,Technology,UK,Onsite,Senior,14,Master,1
4286,Data Scientist,MNC,Healthcare,Canada,Hybrid,Mid,5,Master,1
4287,AI Engineer,Enterprise,E-commerce,USA,Hybrid,Entry,14,Master,1
4288,AI Engineer,MNC,Technology,Australia,Onsite,Entry,13,Master,0
4289,Business Analyst,Enterprise,Healthcare,India,Hybrid,Mid,2,PhD,1
4290,Data Scientist,MNC,Education,USA,Remote,Mid,8,PhD,0
4291,Data Analyst,MNC,Retail,India,Hybrid,Mid,6,Bachelor,1
4292,Data Analyst,Enterprise,Healthcare,Singapore,Onsite,Entry,5,Bachelor,1
4293,Data Analyst,Startup,Healthcare,Canada,Hybrid,Entry,7,Master,0
4294,AI Engineer,Enterprise,Education,UK,Hybrid,Mid,12,Bachelor,1
4295,Data Scientist,MNC,Finance,UK,Hybrid,Mid,12,PhD,0
4296,Data Engineer,Startup,Technology,USA,Hybrid,Senior,1,PhD,0
4297,Data Scientist,MNC,Finance,Canada,Onsite,Entry,9,PhD,1
4298,Data Engineer,Medium,Education,Australia,Onsite,Senior,7,Bachelor,0
4299,Data Analyst,Medium,Finance,Australia,Remote,Senior,11,Master,0
4300,Business Analyst,Enterprise,Finance,Australia,Hybrid,Senior,13,PhD,1
4301,Machine Learning Engineer,Enterprise,Retail,Australia,Onsite,Entry,3,PhD,1
4302,Data Scientist,Startup,Finance,UK,Remote,Senior,6,PhD,1
4303,AI Engineer,Startup,E-commerce,USA,Onsite,Entry,1,Bachelor,1
4304,AI Engineer,Medium,Education,Singapore,Remote,Senior,1,Bachelor,0
4305,Business Analyst,MNC,Education,Singapore,Onsite,Entry,1,Master,0
4306,Data Engineer,Enterprise,Retail,Germany,Onsite,Entry,5,PhD,1
4307,Data Analyst,Enterprise,Finance,India,Remote,Senior,4,Master,0
4308,AI Engineer,Medium,Education,Germany,Onsite,Mid,2,PhD,1
4309,Data Engineer,Startup,Technology,India,Hybrid,Mid,13,Master,1
4310,Data Engineer,Startup,Healthcare,Canada,Hybrid,Mid,5,Bachelor,0
4311,Data Scientist,Enterprise,Finance,Germany,Onsite,Senior,1,Master,0
4312,AI Engineer,Startup,Finance,Singapore,Hybrid,Entry,11,PhD,0
4313,Data Analyst,Medium,Finance,Singapore,Hybrid,Entry,2,Master,0
4314,Business Analyst,Enterprise,E-commerce,Germany,Remote,Entry,10,Master,1
4315,AI Engineer,Startup,E-commerce,Germany,Remote,Mid,5,PhD,1
4316,Data Engineer,Medium,Education,India,Onsite,Senior,2,Master,1
4317,Data Scientist,Startup,Education,India,Remote,Mid,11,PhD,1
4318,Machine Learning Engineer,Startup,Education,Australia,Remote,Mid,9,Master,0
4319,Data Scientist,Medium,Technology,Canada,Hybrid,Entry,11,Bachelor,0
4320,AI Engineer,Startup,Retail,USA,Remote,Entry,6,Master,1
4321,Machine Learning Engineer,Medium,Technology,Singapore,Hybrid,Mid,10,Bachelor,0
4322,Data Analyst,Startup,Finance,India,Onsite,Senior,1,Bachelor,1
4323,Data Engineer,Startup,Healthcare,USA,Onsite,Mid,13,Bachelor,1
4324,Machine Learning Engineer,Startup,Technology,Australia,Remote,Senior,4,PhD,0
4325,Data Engineer,Enterprise,E-commerce,Australia,Hybrid,Mid,5,Master,1
4326,Machine Learning Engineer,Medium,Education,Australia,Remote,Mid,12,Bachelor,0
4327,Business Analyst,Enterprise,Technology,Singapore,Hybrid,Senior,8,PhD,0
4328,Business Analyst,MNC,Technology,Singapore,Hybrid,Mid,7,PhD,1
4329,Data Engineer,Enterprise,Finance,Canada,Onsite,Senior,7,Master,0
4330,Machine Learning Engineer,MNC,Finance,Singapore,Hybrid,Mid,4,PhD,1
4331,Data Analyst,Enterprise,Finance,Canada,Hybrid,Mid,1,Bachelor,1
4332,Data Analyst,Medium,Healthcare,Canada,Onsite,Senior,5,PhD,0
4333,Data Scientist,Medium,Healthcare,USA,Remote,Entry,7,Bachelor,1
4334,AI Engineer,Enterprise,Education,India,Remote,Mid,6,PhD,0
4335,AI Engineer,Medium,E-commerce,Canada,Remote,Mid,1,Master,1
4336,Machine Learning Engineer,MNC,Finance,Singapore,Hybrid,Entry,8,Master,0
4337,Data Analyst,Startup,Retail,Canada,Remote,Entry,8,PhD,1
4338,AI Engineer,Medium,Retail,USA,Onsite,Mid,6,Master,0
4339,Machine Learning Engineer,MNC,Technology,USA,Remote,Entry,14,Master,1
4340,Data Scientist,Medium,Technology,India,Hybrid,Senior,0,Master,0
4341,Machine Learning Engineer,Startup,Healthcare,Canada,Remote,Senior,0,Master,1
4342,Data Scientist,Enterprise,Finance,USA,Remote,Senior,1,Bachelor,1
4343,Data Scientist,MNC,Retail,UK,Remote,Senior,9,Bachelor,1
4344,Machine Learning Engineer,MNC,Healthcare,Australia,Remote,Entry,13,Master,0
4345,AI Engineer,Startup,Healthcare,Germany,Remote,Entry,5,Master,0
4346,Business Analyst,MNC,E-commerce,India,Onsite,Entry,7,Bachelor,1
4347,Business Analyst,MNC,Retail,UK,Hybrid,Entry,9,PhD,0
4348,Machine Learning Engineer,Medium,E-commerce,Singapore,Remote,Entry,8,Master,0
4349,Business Analyst,Enterprise,Technology,Australia,Hybrid,Mid,5,Bachelor,0
4350,Data Analyst,Startup,Education,Australia,Hybrid,Entry,3,Master,0
4351,Data Engineer,MNC,Education,UK,Remote,Mid,5,Bachelor,0
4352,Data Scientist,Enterprise,Healthcare,Canada,Hybrid,Senior,8,Bachelor,0
4353,Data Scientist,Medium,Technology,India,Onsite,Senior,14,Bachelor,0
4354,Data Analyst,Medium,Education,Singapore,Onsite,Mid,5,Bachelor,1
4355,Data Analyst,Startup,Technology,UK,Onsite,Entry,10,PhD,1
4356,Data Analyst,Enterprise,Technology,UK,Onsite,Senior,8,PhD,0
4357,AI Engineer,Startup,Education,Australia,Remote,Senior,11,Master,1
4358,Data Engineer,MNC,Technology,Singapore,Onsite,Mid,7,Master,0
4359,Data Engineer,MNC,E-commerce,Singapore,Remote,Entry,7,Master,1
4360,Data Scientist,Startup,Retail,Singapore,Hybrid,Senior,6,PhD,1
4361,Machine Learning Engineer,Medium,Finance,USA,Onsite,Senior,6,Master,1
4362,Data Analyst,MNC,Education,UK,Onsite,Mid,9,Bachelor,0
4363,Data Analyst,MNC,Retail,Canada,Remote,Senior,3,Bachelor,0
4364,Data Analyst,MNC,Technology,UK,Remote,Entry,12,PhD,1
4365,Machine Learning Engineer,Medium,E-commerce,Singapore,Remote,Mid,6,Bachelor,0
4366,Business Analyst,Enterprise,Technology,USA,Hybrid,Entry,7,Bachelor,0
4367,Machine Learning Engineer,MNC,E-commerce,USA,Hybrid,Mid,11,Master,1
4368,Data Scientist,Medium,Technology,Australia,Remote,Senior,7,PhD,0
4369,Business Analyst,Startup,Finance,Australia,Remote,Mid,14,Bachelor,1
4370,AI Engineer,Enterprise,Education,USA,Hybrid,Senior,13,Bachelor,0
4371,Machine Learning Engineer,Startup,Education,UK,Remote,Mid,0,PhD,1
4372,Data Engineer,Medium,Education,UK,Hybrid,Entry,14,Master,0
4373,AI Engineer,Enterprise,E-commerce,Canada,Remote,Entry,13,PhD,0
4374,Business Analyst,MNC,Finance,Germany,Onsite,Entry,12,Master,0
4375,Business Analyst,Medium,Finance,Germany,Hybrid,Mid,1,Master,1
4376,Data Analyst,Enterprise,Retail,Canada,Onsite,Mid,7,PhD,0
4377,AI Engineer,MNC,Technology,Singapore,Remote,Mid,4,Bachelor,0
4378,Data Scientist,MNC,E-commerce,Canada,Remote,Entry,4,Master,0
4379,Data Scientist,Medium,Education,Canada,Hybrid,Entry,6,Master,0
4380,Business Analyst,Enterprise,Education,Singapore,Remote,Entry,12,PhD,1
4381,Data Scientist,Enterprise,Education,Canada,Hybrid,Mid,9,PhD,1
4382,Machine Learning Engineer,Startup,Technology,UK,Onsite,Mid,6,PhD,1
4383,Business Analyst,Medium,Retail,India,Hybrid,Mid,0,Master,0
4384,Data Engineer,MNC,Finance,USA,Hybrid,Entry,10,Bachelor,0
4385,Data Analyst,Startup,Technology,Australia,Remote,Mid,4,Master,0
4386,Data Engineer,Medium,Healthcare,Canada,Onsite,Mid,5,PhD,1
4387,AI Engineer,Startup,Finance,Australia,Onsite,Mid,0,PhD,1
4388,Data Analyst,Enterprise,Education,USA,Remote,Mid,6,PhD,1
4389,Machine Learning Engineer,Startup,E-commerce,Singapore,Remote,Mid,10,Bachelor,1
4390,Business Analyst,MNC,Healthcare,USA,Hybrid,Mid,12,PhD,0
4391,AI Engineer,MNC,Healthcare,Singapore,Remote,Entry,6,Master,1
4392,Business Analyst,Startup,Healthcare,Canada,Hybrid,Mid,6,Bachelor,1
4393,Data Scientist,MNC,E-commerce,Singapore,Remote,Mid,14,Master,1
4394,Machine Learning Engineer,Enterprise,Finance,Singapore,Remote,Entry,8,PhD,0
4395,Machine Learning Engineer,Startup,Finance,Canada,Hybrid,Mid,2,Bachelor,1
4396,Business Analyst,Startup,E-commerce,UK,Remote,Senior,3,Bachelor,0
4397,Business Analyst,Startup,Retail,Germany,Onsite,Entry,8,Master,1
4398,Machine Learning Engineer,Startup,Retail,Australia,Onsite,Senior,11,Bachelor,1
4399,AI Engineer,Medium,Technology,USA,Remote,Mid,12,Master,1
4400,Data Engineer,Startup,Education,India,Remote,Entry,1,Master,1
4401,Machine Learning Engineer,Medium,Education,Australia,Hybrid,Entry,8,PhD,1
4402,AI Engineer,MNC,E-commerce,Germany,Hybrid,Entry,5,Bachelor,1
4403,Data Scientist,MNC,Retail,Canada,Remote,Entry,8,Master,0
4404,Data Engineer,Enterprise,Healthcare,UK,Remote,Entry,2,Bachelor,1
4405,Data Engineer,Enterprise,Healthcare,Singapore,Onsite,Senior,1,Master,1
4406,AI Engineer,Medium,E-commerce,Germany,Remote,Entry,6,Bachelor,1
4407,Data Analyst,Medium,Education,USA,Onsite,Mid,10,Bachelor,0
4408,Data Engineer,Startup,Technology,India,Remote,Mid,1,PhD,0
4409,Data Scientist,Enterprise,Technology,Canada,Hybrid,Entry,14,PhD,0
4410,Machine Learning Engineer,Enterprise,E-commerce,Germany,Hybrid,Entry,9,PhD,0
4411,AI Engineer,Startup,E-commerce,Germany,Hybrid,Entry,13,Bachelor,1
4412,AI Engineer,Startup,E-commerce,India,Hybrid,Entry,1,Bachelor,0
4413,Machine Learning Engineer,Medium,Education,India,Hybrid,Senior,4,Master,1
4414,Business Analyst,Startup,Retail,Canada,Remote,Senior,4,Master,1
4415,Data Analyst,MNC,E-commerce,Canada,Hybrid,Entry,2,Master,0
4416,Data Scientist,MNC,Education,Germany,Hybrid,Senior,1,Master,0
4417,AI Engineer,Enterprise,Retail,Canada,Onsite,Mid,13,Master,1
4418,Business Analyst,MNC,Technology,Germany,Onsite,Entry,3,PhD,0
4419,Data Analyst,Enterprise,Healthcare,India,Hybrid,Mid,10,Master,1
4420,Business Analyst,MNC,Finance,Australia,Remote,Senior,3,PhD,0
4421,Data Scientist,Medium,Finance,UK,Onsite,Mid,8,Bachelor,0
4422,Business Analyst,Enterprise,Healthcare,Germany,Hybrid,Mid,5,Master,0
4423,Business Analyst,Enterprise,Education,India,Hybrid,Entry,11,Master,1
4424,Machine Learning Engineer,Enterprise,Education,UK,Onsite,Senior,3,Bachelor,1
4425,Data Analyst,Enterprise,Education,Canada,Remote,Mid,8,Bachelor,0
4426,Data Scientist,Startup,Education,USA,Onsite,Mid,11,Master,0
4427,AI Engineer,Startup,Healthcare,India,Remote,Entry,6,Bachelor,0
4428,Data Analyst,Enterprise,Retail,Australia,Hybrid,Entry,10,PhD,1
4429,Machine Learning Engineer,MNC,Retail,Singapore,Hybrid,Senior,14,Bachelor,1
4430,Business Analyst,Medium,Retail,Germany,Hybrid,Mid,3,PhD,1
4431,Data Analyst,Enterprise,Education,India,Remote,Entry,13,Master,1
4432,Data Scientist,Startup,Finance,USA,Hybrid,Mid,6,Bachelor,1
4433,AI Engineer,Medium,Healthcare,USA,Onsite,Mid,14,Bachelor,1
4434,Data Engineer,Startup,E-commerce,India,Remote,Entry,11,Master,0
4435,Business Analyst,Enterprise,Education,UK,Hybrid,Entry,6,PhD,1
4436,Data Scientist,Medium,Education,Australia,Hybrid,Entry,9,Bachelor,0
4437,Data Engineer,MNC,Technology,Australia,Hybrid,Mid,9,Bachelor,1
4438,Business Analyst,MNC,Retail,USA,Onsite,Mid,3,PhD,1
4439,Business Analyst,Startup,Technology,Australia,Remote,Senior,5,Master,1
4440,Business Analyst,MNC,Technology,USA,Hybrid,Entry,1,PhD,0
4441,Data Scientist,Medium,Healthcare,UK,Hybrid,Mid,6,Bachelor,0
4442,Data Engineer,MNC,Technology,Germany,Remote,Mid,2,Bachelor,0
4443,Data Engineer,Medium,Technology,Singapore,Remote,Mid,0,Bachelor,1
4444,Data Scientist,Startup,Technology,Singapore,Onsite,Entry,13,PhD,0
4445,Machine Learning Engineer,Enterprise,Education,UK,Remote,Entry,8,PhD,1
4446,Data Engineer,MNC,Finance,Canada,Remote,Senior,8,Bachelor,0
4447,AI Engineer,Medium,Technology,UK,Onsite,Entry,10,PhD,0
4448,Machine Learning Engineer,MNC,Education,UK,Onsite,Mid,5,Master,1
4449,Business Analyst,Medium,Healthcare,Australia,Remote,Mid,0,Bachelor,0
4450,Data Analyst,Medium,E-commerce,Singapore,Onsite,Mid,10,PhD,1
4451,Machine Learning Engineer,Startup,Retail,Singapore,Onsite,Mid,9,Bachelor,1
4452,Business Analyst,Enterprise,Retail,Australia,Hybrid,Mid,5,Master,1
4453,Data Analyst,Enterprise,Finance,USA,Hybrid,Mid,2,Master,1
4454,Data Engineer,Startup,Retail,UK,Onsite,Mid,13,PhD,1
4455,Data Engineer,Enterprise,Retail,USA,Onsite,Mid,11,PhD,0
4456,Business Analyst,Enterprise,Education,UK,Hybrid,Mid,11,PhD,1
4457,Business Analyst,Startup,E-commerce,Australia,Onsite,Senior,11,Bachelor,0
4458,Machine Learning Engineer,Enterprise,E-commerce,USA,Onsite,Entry,11,Bachelor,1
4459,Data Analyst,MNC,Healthcare,Australia,Remote,Entry,13,Master,0
4460,Machine Learning Engineer,MNC,Finance,UK,Hybrid,Mid,8,Bachelor,0
4461,Machine Learning Engineer,Medium,Finance,Germany,Remote,Entry,11,Master,1
4462,Machine Learning Engineer,Enterprise,Education,UK,Remote,Entry,7,Bachelor,0
4463,Machine Learning Engineer,Startup,Healthcare,Canada,Onsite,Senior,7,PhD,1
4464,Business Analyst,Medium,Retail,India,Remote,Entry,2,PhD,0
4465,Data Analyst,MNC,Technology,USA,Hybrid,Mid,0,Master,0
4466,AI Engineer,Enterprise,Education,Germany,Hybrid,Mid,5,Bachelor,0
4467,Data Scientist,Medium,Healthcare,UK,Remote,Mid,13,Master,0
4468,Data Analyst,Startup,Technology,UK,Onsite,Senior,1,Bachelor,0
4469,AI Engineer,MNC,Finance,Australia,Hybrid,Senior,0,Master,1
4470,Data Analyst,MNC,E-commerce,UK,Hybrid,Mid,3,Bachelor,1
4471,Machine Learning Engineer,Medium,Finance,UK,Hybrid,Mid,6,PhD,1
4472,Machine Learning Engineer,Medium,Retail,Canada,Hybrid,Mid,2,Bachelor,0
4473,Data Analyst,Startup,Education,UK,Hybrid,Entry,4,Bachelor,0
4474,Machine Learning Engineer,Enterprise,Finance,Australia,Onsite,Senior,2,Master,1
4475,Data Engineer,Enterprise,Retail,USA,Remote,Senior,0,Bachelor,1
4476,Machine Learning Engineer,MNC,Finance,India,Onsite,Mid,2,Master,0
4477,Business Analyst,Medium,Retail,India,Remote,Entry,12,Master,0
4478,Data Analyst,Enterprise,Healthcare,UK,Onsite,Entry,4,Bachelor,0
4479,Data Analyst,Startup,Education,India,Hybrid,Senior,2,Master,1
4480,Data Engineer,Enterprise,Retail,Canada,Hybrid,Senior,10,PhD,0
4481,Machine Learning Engineer,Enterprise,Healthcare,UK,Remote,Entry,14,Bachelor,1
4482,Data Analyst,Startup,Retail,UK,Hybrid,Senior,10,Bachelor,0
4483,Business Analyst,Medium,Retail,Germany,Hybrid,Entry,6,Master,0
4484,Data Scientist,Startup,Retail,USA,Remote,Mid,10,Master,0
4485,AI Engineer,Medium,Technology,India,Onsite,Mid,11,Master,1
4486,Machine Learning Engineer,Enterprise,Education,Australia,Onsite,Entry,9,Bachelor,0
4487,Machine Learning Engineer,Enterprise,Technology,India,Hybrid,Entry,9,Bachelor,1
4488,Data Engineer,MNC,Technology,Canada,Remote,Mid,0,Master,1
4489,Data Analyst,Enterprise,Finance,Singapore,Hybrid,Mid,2,PhD,1
4490,Data Engineer,MNC,Retail,UK,Remote,Entry,11,PhD,0
4491,AI Engineer,MNC,E-commerce,UK,Remote,Entry,9,Master,1
4492,Business Analyst,Medium,Finance,USA,Hybrid,Entry,9,Master,0
4493,Business Analyst,MNC,E-commerce,Germany,Onsite,Mid,12,Bachelor,0
4494,Machine Learning Engineer,Enterprise,E-commerce,Germany,Onsite,Mid,4,PhD,0
4495,Machine Learning Engineer,Enterprise,Retail,Australia,Remote,Entry,12,PhD,1
4496,Machine Learning Engineer,Enterprise,Retail,USA,Onsite,Mid,5,PhD,0
4497,Machine Learning Engineer,MNC,Education,Singapore,Remote,Entry,8,PhD,0
4498,AI Engineer,MNC,Education,USA,Remote,Senior,2,PhD,1
4499,Data Engineer,Enterprise,Retail,USA,Onsite,Entry,6,PhD,0
4500,Data Analyst,MNC,Education,Singapore,Onsite,Entry,0,Bachelor,1
4501,Data Engineer,Medium,E-commerce,Canada,Remote,Senior,9,Bachelor,1
4502,Data Scientist,Medium,Education,Canada,Onsite,Mid,2,PhD,0
4503,Machine Learning Engineer,Startup,Education,USA,Onsite,Mid,2,Bachelor,0
4504,Business Analyst,MNC,E-commerce,Germany,Hybrid,Mid,12,Bachelor,0
4505,Machine Learning Engineer,Medium,E-commerce,India,Hybrid,Entry,3,PhD,0
4506,Data Scientist,Startup,E-commerce,USA,Remote,Senior,13,Master,0
4507,Business Analyst,Startup,Finance,Singapore,Remote,Senior,3,Master,0
4508,Data Scientist,Enterprise,Technology,Australia,Remote,Senior,1,Master,1
4509,Machine Learning Engineer,Enterprise,E-commerce,Australia,Hybrid,Mid,9,Bachelor,1
4510,Data Analyst,Medium,E-commerce,USA,Onsite,Senior,2,Bachelor,1
4511,AI Engineer,Medium,Healthcare,Australia,Onsite,Mid,13,Master,0
4512,Machine Learning Engineer,Startup,E-commerce,India,Hybrid,Senior,7,PhD,0
4513,Business Analyst,MNC,Finance,Canada,Onsite,Senior,4,Bachelor,1
4514,Business Analyst,Enterprise,Education,UK,Onsite,Entry,7,Bachelor,1
4515,Business Analyst,Enterprise,Finance,Singapore,Onsite,Senior,4,PhD,1
4516,Data Engineer,Medium,Education,India,Onsite,Entry,14,Master,0
4517,Data Scientist,Startup,Technology,USA,Hybrid,Entry,2,Bachelor,0
4518,Business Analyst,Startup,Finance,UK,Onsite,Senior,6,Master,0
4519,Data Engineer,Startup,Education,Australia,Onsite,Entry,6,Master,0
4520,Data Scientist,Medium,Retail,Australia,Onsite,Mid,11,Bachelor,1
4521,Data Engineer,MNC,Retail,Singapore,Remote,Entry,6,PhD,0
4522,Data Scientist,Startup,Education,Canada,Onsite,Mid,13,PhD,1
4523,Business Analyst,Medium,Retail,Canada,Hybrid,Senior,0,PhD,1
4524,AI Engineer,Medium,Retail,Australia,Remote,Senior,6,Master,1
4525,Machine Learning Engineer,MNC,Healthcare,Australia,Hybrid,Entry,3,PhD,0
4526,Data Scientist,Enterprise,Finance,Germany,Onsite,Mid,5,Bachelor,1
4527,Data Engineer,Medium,E-commerce,UK,Onsite,Entry,7,PhD,1
4528,Business Analyst,Startup,E-commerce,Canada,Hybrid,Entry,2,PhD,0
4529,Machine Learning Engineer,Startup,Education,UK,Onsite,Mid,3,PhD,1
4530,Data Analyst,Medium,E-commerce,Singapore,Hybrid,Entry,3,PhD,1
4531,Data Scientist,MNC,Technology,Singapore,Remote,Senior,4,Bachelor,0
4532,Data Scientist,MNC,E-commerce,UK,Hybrid,Senior,12,Bachelor,1
4533,Business Analyst,Enterprise,E-commerce,Australia,Remote,Mid,0,Master,0
4534,Data Analyst,Enterprise,Education,Canada,Remote,Mid,5,Bachelor,0
4535,Machine Learning Engineer,Startup,Healthcare,USA,Onsite,Mid,11,Master,0
4536,AI Engineer,MNC,Finance,Germany,Onsite,Mid,9,PhD,1
4537,Data Engineer,Medium,Healthcare,Germany,Remote,Mid,3,Bachelor,0
4538,Data Scientist,Enterprise,Retail,Australia,Hybrid,Mid,8,PhD,1
4539,Data Analyst,Medium,Finance,Canada,Remote,Senior,0,Master,1
4540,Data Scientist,MNC,Education,Germany,Onsite,Entry,12,PhD,0
4541,AI Engineer,Medium,Healthcare,Canada,Onsite,Mid,6,PhD,1
4542,AI Engineer,Startup,Finance,India,Onsite,Entry,2,Bachelor,0
4543,Business Analyst,Enterprise,Finance,Australia,Remote,Senior,5,Master,1
4544,AI Engineer,Medium,Education,Germany,Onsite,Entry,3,Master,1
4545,Data Scientist,Enterprise,Healthcare,Australia,Remote,Entry,3,Bachelor,0
4546,AI Engineer,Enterprise,Healthcare,Germany,Onsite,Mid,3,PhD,1
4547,Machine Learning Engineer,Medium,Education,Australia,Onsite,Entry,2,Master,0
4548,Business Analyst,MNC,Retail,Singapore,Onsite,Senior,2,PhD,0
4549,Data Analyst,MNC,Healthcare,Singapore,Onsite,Entry,7,Bachelor,1
4550,Data Analyst,Enterprise,E-commerce,UK,Onsite,Senior,1,PhD,0
4551,Business Analyst,Startup,Technology,USA,Hybrid,Mid,9,Master,1
4552,Machine Learning Engineer,Medium,Technology,Australia,Onsite,Senior,3,Master,1
4553,Data Scientist,Startup,Healthcare,Australia,Onsite,Mid,7,Master,0
4554,Data Engineer,Startup,Finance,Canada,Onsite,Senior,3,Bachelor,0
4555,Data Analyst,Startup,Technology,Australia,Onsite,Senior,14,Master,1
4556,Data Scientist,Enterprise,Technology,Singapore,Hybrid,Mid,14,Master,1
4557,Data Analyst,MNC,Finance,UK,Onsite,Mid,5,PhD,1
4558,Data Engineer,Enterprise,Healthcare,Canada,Remote,Mid,11,PhD,1
4559,Business Analyst,Enterprise,Retail,USA,Hybrid,Mid,12,Bachelor,0
4560,Data Scientist,MNC,Education,Australia,Hybrid,Entry,6,PhD,0
4561,Data Scientist,Enterprise,Retail,Singapore,Hybrid,Senior,3,Bachelor,0
4562,Data Analyst,Medium,E-commerce,UK,Onsite,Senior,9,Master,0
4563,Business Analyst,MNC,Education,India,Remote,Senior,3,PhD,1
4564,Data Engineer,Enterprise,Healthcare,Germany,Remote,Mid,8,Bachelor,0
4565,Data Engineer,Enterprise,Education,UK,Onsite,Entry,5,PhD,0
4566,Machine Learning Engineer,Medium,Finance,India,Onsite,Senior,0,PhD,0
4567,Data Analyst,Startup,Education,India,Remote,Entry,12,PhD,0
4568,Data Engineer,MNC,E-commerce,Australia,Remote,Mid,3,Bachelor,0
4569,Machine Learning Engineer,Startup,Healthcare,India,Remote,Entry,4,Bachelor,0
4570,Data Engineer,Startup,Healthcare,India,Remote,Entry,3,PhD,0
4571,Data Engineer,Enterprise,Technology,USA,Remote,Entry,3,PhD,0
4572,Data Scientist,Medium,Technology,UK,Remote,Mid,6,PhD,0
4573,Business Analyst,Startup,Finance,UK,Hybrid,Senior,5,PhD,0
4574,Data Analyst,Startup,Technology,India,Hybrid,Entry,10,Master,1
4575,Data Analyst,MNC,E-commerce,Canada,Hybrid,Senior,13,Master,0
4576,Data Scientist,MNC,Retail,USA,Remote,Mid,7,Master,1
4577,Data Scientist,Medium,Finance,Singapore,Onsite,Entry,9,PhD,0
4578,Machine Learning Engineer,Startup,E-commerce,Australia,Remote,Mid,1,PhD,0
4579,Business Analyst,Enterprise,Technology,USA,Remote,Mid,6,Master,0
4580,Data Analyst,Medium,Technology,Canada,Remote,Mid,5,Bachelor,1
4581,Data Analyst,Medium,Healthcare,UK,Remote,Entry,1,PhD,1
4582,Machine Learning Engineer,Medium,Finance,Australia,Remote,Entry,6,PhD,1
4583,Data Engineer,Medium,Education,UK,Onsite,Senior,1,PhD,0
4584,Data Analyst,Startup,E-commerce,Canada,Remote,Senior,10,Master,0
4585,Data Scientist,Medium,Retail,India,Onsite,Mid,3,Bachelor,0
4586,Business Analyst,MNC,Technology,Singapore,Remote,Entry,4,PhD,0
4587,Data Scientist,Enterprise,E-commerce,Australia,Onsite,Senior,10,Bachelor,1
4588,Machine Learning Engineer,Startup,Education,Singapore,Hybrid,Mid,0,Bachelor,1
4589,Data Engineer,Medium,E-commerce,USA,Onsite,Entry,13,Bachelor,1
4590,Data Analyst,Medium,Education,Canada,Onsite,Senior,10,Master,1
4591,Data Analyst,Startup,Finance,Australia,Remote,Senior,14,PhD,0
4592,Business Analyst,Enterprise,E-commerce,Australia,Onsite,Entry,2,PhD,0
4593,Machine Learning Engineer,Enterprise,Retail,Germany,Onsite,Entry,13,Master,1
4594,Data Scientist,Startup,Education,Singapore,Remote,Senior,4,Master,0
4595,Data Scientist,Enterprise,Healthcare,Singapore,Onsite,Senior,9,Master,1
4596,Data Scientist,Enterprise,E-commerce,USA,Remote,Mid,4,Bachelor,1
4597,Data Scientist,Medium,Retail,UK,Hybrid,Entry,4,Master,1
4598,Data Engineer,Medium,Finance,Germany,Hybrid,Entry,5,PhD,0
4599,Machine Learning Engineer,Medium,Technology,USA,Hybrid,Senior,7,Master,1
4600,Machine Learning Engineer,Enterprise,E-commerce,USA,Onsite,Mid,0,Master,0
4601,Data Analyst,MNC,Education,USA,Onsite,Senior,12,Master,1
4602,Machine Learning Engineer,Medium,Education,Australia,Hybrid,Entry,0,Bachelor,1
4603,Data Engineer,Medium,E-commerce,Australia,Hybrid,Mid,10,Master,1
4604,Data Engineer,Medium,Technology,India,Onsite,Mid,13,PhD,0
4605,AI Engineer,Startup,Retail,UK,Remote,Senior,14,Bachelor,0
4606,Machine Learning Engineer,MNC,Retail,Singapore,Onsite,Mid,12,PhD,1
4607,Business Analyst,MNC,E-commerce,Singapore,Onsite,Senior,5,Master,0
4608,Data Scientist,MNC,Healthcare,Canada,Onsite,Senior,11,PhD,1
4609,Data Scientist,Startup,Finance,India,Remote,Entry,8,Bachelor,1
4610,Data Analyst,Startup,Retail,UK,Remote,Entry,8,PhD,0
4611,Data Engineer,Startup,Healthcare,India,Hybrid,Mid,12,PhD,1
4612,AI Engineer,Medium,E-commerce,Singapore,Onsite,Senior,12,PhD,0
4613,Machine Learning Engineer,Medium,Finance,Canada,Onsite,Mid,12,PhD,1
4614,Data Engineer,Enterprise,Education,India,Hybrid,Entry,14,PhD,0
4615,Business Analyst,Enterprise,E-commerce,India,Remote,Senior,8,Bachelor,0
4616,Data Scientist,Startup,Healthcare,India,Remote,Senior,5,Bachelor,0
4617,Data Analyst,MNC,E-commerce,Germany,Hybrid,Entry,9,Master,0
4618,AI Engineer,MNC,E-commerce,USA,Hybrid,Entry,2,Bachelor,1
4619,Data Analyst,Medium,Finance,India,Remote,Entry,14,Bachelor,1
4620,Business Analyst,Medium,Technology,Singapore,Onsite,Senior,0,PhD,1
4621,Business Analyst,Enterprise,E-commerce,USA,Remote,Mid,5,Bachelor,1
4622,Machine Learning Engineer,Enterprise,Education,India,Onsite,Senior,10,Master,1
4623,Business Analyst,Medium,Healthcare,USA,Remote,Senior,13,Master,1
4624,Business Analyst,Startup,Education,Australia,Onsite,Entry,13,Master,0
4625,AI Engineer,MNC,Education,Australia,Hybrid,Entry,6,Bachelor,0
4626,Business Analyst,MNC,E-commerce,Germany,Onsite,Senior,4,Master,0
4627,Business Analyst,Enterprise,Retail,India,Onsite,Mid,6,Bachelor,1
4628,Data Engineer,MNC,E-commerce,Canada,Onsite,Senior,14,PhD,1
4629,Data Analyst,Enterprise,Technology,USA,Hybrid,Entry,6,Master,0
4630,Data Engineer,MNC,Technology,Singapore,Remote,Mid,10,Bachelor,1
4631,Machine Learning Engineer,Enterprise,E-commerce,USA,Hybrid,Mid,10,PhD,1
4632,Data Scientist,Enterprise,Healthcare,Germany,Hybrid,Entry,0,Bachelor,0
4633,Data Engineer,MNC,Retail,USA,Hybrid,Entry,3,PhD,0
4634,Machine Learning Engineer,Medium,E-commerce,USA,Hybrid,Mid,4,Bachelor,0
4635,Machine Learning Engineer,MNC,Education,Australia,Hybrid,Senior,4,Bachelor,1
4636,Data Analyst,Medium,Finance,UK,Onsite,Senior,11,Bachelor,0
4637,Business Analyst,Startup,Education,India,Remote,Mid,0,Bachelor,0
4638,Data Scientist,Startup,Healthcare,Germany,Onsite,Mid,0,PhD,0
4639,Data Analyst,Enterprise,Healthcare,USA,Remote,Mid,13,Master,0
4640,Data Analyst,Enterprise,E-commerce,Singapore,Hybrid,Mid,11,Master,1
4641,Machine Learning Engineer,Medium,Finance,Singapore,Onsite,Senior,8,PhD,1
4642,Data Scientist,Startup,Healthcare,Australia,Remote,Senior,11,Bachelor,0
4643,Data Engineer,Medium,Finance,USA,Remote,Mid,1,Bachelor,0
4644,Machine Learning Engineer,Enterprise,Education,India,Remote,Senior,0,Master,1
4645,AI Engineer,Enterprise,Retail,USA,Remote,Entry,5,PhD,0
4646,Data Analyst,MNC,E-commerce,Australia,Hybrid,Mid,12,Master,0
4647,Data Scientist,Medium,Retail,Canada,Hybrid,Senior,1,Master,0
4648,Business Analyst,Medium,Education,Singapore,Onsite,Senior,6,Master,0
4649,Business Analyst,Enterprise,E-commerce,UK,Hybrid,Entry,4,Bachelor,0
4650,Data Scientist,Startup,Technology,UK,Remote,Senior,5,Bachelor,1
4651,Data Engineer,Medium,Finance,Canada,Remote,Mid,1,Bachelor,1
4652,Machine Learning Engineer,Enterprise,Education,Singapore,Remote,Mid,3,Master,1
4653,AI Engineer,Medium,E-commerce,Australia,Remote,Senior,12,PhD,1
4654,Business Analyst,MNC,Retail,UK,Onsite,Mid,5,PhD,0
4655,Machine Learning Engineer,Medium,Healthcare,Singapore,Remote,Mid,5,PhD,1
4656,Business Analyst,Startup,Technology,Germany,Onsite,Entry,1,PhD,1
4657,Business Analyst,Medium,Education,UK,Onsite,Entry,10,Bachelor,1
4658,Data Engineer,MNC,Finance,USA,Remote,Entry,13,PhD,1
4659,Data Engineer,MNC,Technology,USA,Onsite,Senior,11,Master,1
4660,Data Analyst,Startup,Technology,Australia,Remote,Entry,14,Bachelor,1
4661,Data Engineer,Startup,Finance,USA,Remote,Entry,7,Master,0
4662,Data Scientist,Medium,Education,Germany,Remote,Mid,8,Bachelor,0
4663,Data Analyst,Medium,Education,UK,Hybrid,Entry,0,Bachelor,0
4664,Machine Learning Engineer,Medium,Technology,Germany,Onsite,Mid,6,Bachelor,1
4665,Data Engineer,Enterprise,Finance,India,Onsite,Senior,12,PhD,0
4666,AI Engineer,Startup,Finance,USA,Remote,Entry,3,Bachelor,1
4667,Data Scientist,Enterprise,Healthcare,Australia,Remote,Mid,14,Master,0
4668,Business Analyst,MNC,Finance,Canada,Hybrid,Mid,14,Bachelor,0
4669,Business Analyst,Enterprise,Finance,Germany,Remote,Senior,2,PhD,1
4670,Business Analyst,Startup,E-commerce,India,Onsite,Mid,3,PhD,0
4671,Business Analyst,Enterprise,E-commerce,Germany,Hybrid,Entry,10,Master,0
4672,Machine Learning Engineer,Startup,Education,Australia,Hybrid,Entry,1,Bachelor,0
4673,Machine Learning Engineer,MNC,Technology,Canada,Remote,Mid,14,Master,0
4674,Business Analyst,Enterprise,Technology,India,Hybrid,Entry,0,Master,1
4675,Business Analyst,MNC,Technology,Germany,Hybrid,Senior,10,Bachelor,0
4676,Machine Learning Engineer,MNC,Education,USA,Hybrid,Entry,0,PhD,0
4677,Machine Learning Engineer,Startup,Retail,UK,Hybrid,Senior,2,PhD,0
4678,Machine Learning Engineer,Enterprise,Finance,USA,Remote,Senior,0,Master,1
4679,Data Scientist,Startup,E-commerce,UK,Onsite,Entry,2,PhD,1
4680,Data Engineer,Enterprise,Healthcare,Australia,Onsite,Mid,2,PhD,1
4681,Data Scientist,Enterprise,Retail,UK,Remote,Mid,6,PhD,0
4682,AI Engineer,MNC,Retail,Germany,Hybrid,Entry,6,PhD,1
4683,Data Engineer,Medium,Retail,Germany,Hybrid,Senior,4,PhD,0
4684,Machine Learning Engineer,MNC,Education,Singapore,Hybrid,Mid,1,Bachelor,0
4685,Data Analyst,Startup,Healthcare,Australia,Hybrid,Entry,8,Bachelor,1
4686,Data Scientist,Enterprise,E-commerce,India,Onsite,Senior,12,Bachelor,1
4687,AI Engineer,MNC,Healthcare,Singapore,Onsite,Entry,4,PhD,0
4688,AI Engineer,Startup,Technology,USA,Onsite,Entry,0,PhD,1
4689,Business Analyst,MNC,Retail,Australia,Hybrid,Senior,14,Master,0
4690,Data Analyst,Medium,E-commerce,UK,Remote,Mid,6,Master,1
4691,AI Engineer,Enterprise,Retail,Canada,Onsite,Senior,0,PhD,0
4692,Data Analyst,MNC,Education,Germany,Hybrid,Mid,13,Bachelor,0
4693,Data Engineer,Medium,Technology,Germany,Hybrid,Senior,5,Master,0
4694,Data Engineer,Enterprise,Retail,USA,Onsite,Mid,2,PhD,1
4695,Business Analyst,MNC,Retail,Canada,Hybrid,Senior,1,Master,1
4696,Business Analyst,Medium,Retail,Canada,Remote,Senior,5,Bachelor,1
4697,Business Analyst,Enterprise,Healthcare,USA,Remote,Mid,7,PhD,0
4698,Data Analyst,Startup,Technology,UK,Hybrid,Mid,11,Master,0
4699,AI Engineer,MNC,Retail,UK,Hybrid,Senior,1,Master,0
4700,Data Analyst,Medium,Education,Singapore,Remote,Mid,2,Master,1
4701,AI Engineer,Enterprise,Retail,UK,Onsite,Senior,13,Bachelor,0
4702,Machine Learning Engineer,Startup,Retail,Germany,Hybrid,Entry,3,PhD,0
4703,Data Engineer,Enterprise,Healthcare,Singapore,Onsite,Entry,5,Bachelor,0
4704,AI Engineer,MNC,E-commerce,India,Remote,Mid,11,Master,1
4705,Machine Learning Engineer,Startup,Healthcare,Australia,Hybrid,Senior,8,PhD,0
4706,Data Engineer,MNC,Education,Singapore,Remote,Senior,3,PhD,0
4707,AI Engineer,Medium,Retail,UK,Remote,Entry,8,PhD,0
4708,Business Analyst,Startup,Retail,UK,Remote,Mid,5,Master,0
4709,Business Analyst,Enterprise,E-commerce,Singapore,Onsite,Entry,1,Master,1
4710,Data Engineer,MNC,Education,India,Onsite,Mid,7,PhD,0
4711,Data Scientist,Medium,Healthcare,Australia,Onsite,Mid,12,Bachelor,0
4712,Data Scientist,MNC,Technology,Australia,Onsite,Mid,1,PhD,1
4713,Data Analyst,Startup,Finance,USA,Hybrid,Entry,7,PhD,0
4714,Data Engineer,Medium,Healthcare,Canada,Hybrid,Mid,10,PhD,0
4715,Data Analyst,Enterprise,Technology,Canada,Remote,Mid,11,PhD,0
4716,Data Analyst,MNC,Retail,USA,Hybrid,Mid,6,PhD,1
4717,Machine Learning Engineer,MNC,Retail,Canada,Hybrid,Entry,9,Bachelor,1
4718,AI Engineer,Medium,Education,Singapore,Hybrid,Entry,3,PhD,0
4719,Data Analyst,Enterprise,Technology,India,Remote,Senior,10,PhD,1
4720,Data Analyst,Startup,Technology,Canada,Onsite,Entry,12,Bachelor,1
4721,AI Engineer,Startup,Technology,Germany,Onsite,Entry,10,Bachelor,0
4722,AI Engineer,Medium,Healthcare,Canada,Hybrid,Mid,10,PhD,0
4723,Machine Learning Engineer,Medium,Healthcare,Germany,Hybrid,Mid,0,PhD,1
4724,Data Scientist,Enterprise,Retail,USA,Remote,Entry,9,PhD,1
4725,Machine Learning Engineer,Enterprise,Retail,India,Onsite,Entry,13,Bachelor,1
4726,Machine Learning Engineer,Startup,Retail,Germany,Remote,Senior,11,PhD,0
4727,Data Scientist,Startup,Retail,USA,Onsite,Entry,9,Master,0
4728,Data Analyst,Startup,Finance,Australia,Onsite,Entry,3,Master,0
4729,Data Analyst,Startup,Healthcare,Canada,Onsite,Senior,6,Bachelor,1
4730,Data Scientist,Medium,Finance,Germany,Onsite,Mid,3,Master,0
4731,Data Scientist,Startup,Healthcare,UK,Remote,Mid,0,Bachelor,0
4732,Data Scientist,Startup,Education,Germany,Onsite,Mid,11,Bachelor,1
4733,AI Engineer,Medium,Technology,India,Onsite,Senior,0,Bachelor,0
4734,Business Analyst,Medium,E-commerce,Australia,Hybrid,Entry,13,PhD,1
4735,Data Analyst,Medium,Finance,Singapore,Remote,Senior,14,Bachelor,1
4736,Business Analyst,Enterprise,Technology,Germany,Remote,Mid,1,Bachelor,1
4737,Data Analyst,Medium,Healthcare,USA,Onsite,Mid,7,PhD,1
4738,Machine Learning Engineer,Startup,Education,Australia,Remote,Senior,12,Bachelor,1
4739,Data Engineer,Startup,E-commerce,USA,Onsite,Senior,10,Master,1
4740,Machine Learning Engineer,Medium,Education,UK,Onsite,Entry,6,Bachelor,0
4741,Data Engineer,Medium,Retail,Singapore,Remote,Senior,10,Master,1
4742,Data Analyst,Enterprise,Healthcare,India,Remote,Entry,13,Master,0
4743,Machine Learning Engineer,Startup,Finance,Canada,Hybrid,Senior,5,PhD,1
4744,Data Engineer,Startup,E-commerce,UK,Remote,Mid,2,Master,1
4745,Business Analyst,Enterprise,E-commerce,India,Onsite,Senior,10,Master,0
4746,Business Analyst,Startup,Healthcare,UK,Remote,Mid,10,Master,1
4747,Data Analyst,Medium,Finance,India,Remote,Mid,10,Master,1
4748,Business Analyst,Medium,Finance,Canada,Hybrid,Mid,0,Bachelor,1
4749,AI Engineer,Startup,Technology,UK,Hybrid,Mid,12,Master,0
4750,Machine Learning Engineer,Startup,Retail,India,Hybrid,Mid,6,Master,0
4751,Data Analyst,Medium,Healthcare,India,Remote,Mid,6,Master,1
4752,AI Engineer,Startup,Healthcare,India,Remote,Senior,14,Master,0
4753,AI Engineer,Medium,E-commerce,USA,Hybrid,Mid,0,Master,1
4754,Data Scientist,Startup,Healthcare,Germany,Hybrid,Senior,8,Master,1
4755,Data Scientist,Startup,Technology,Canada,Remote,Senior,4,Bachelor,1
4756,Data Analyst,Medium,Retail,Canada,Hybrid,Entry,12,Master,0
4757,Data Scientist,MNC,Technology,Canada,Hybrid,Entry,8,Bachelor,1
4758,Machine Learning Engineer,MNC,Education,UK,Onsite,Entry,11,PhD,0
4759,Data Engineer,Enterprise,Finance,India,Hybrid,Senior,6,PhD,0
4760,AI Engineer,Startup,Education,India,Hybrid,Mid,10,Bachelor,0
4761,Data Engineer,Enterprise,Retail,Canada,Hybrid,Mid,11,PhD,0
4762,Data Engineer,Enterprise,Retail,Singapore,Remote,Mid,11,Bachelor,0
4763,Data Scientist,MNC,Finance,USA,Onsite,Mid,9,PhD,0
4764,Data Engineer,MNC,Education,Canada,Onsite,Entry,13,PhD,0
4765,AI Engineer,Enterprise,E-commerce,Australia,Onsite,Senior,4,PhD,0
4766,AI Engineer,Medium,Technology,Germany,Onsite,Entry,0,PhD,1
4767,Business Analyst,MNC,E-commerce,USA,Onsite,Mid,8,Bachelor,1
4768,Data Scientist,Startup,Finance,Singapore,Remote,Entry,8,Bachelor,0
4769,Business Analyst,Startup,Healthcare,Singapore,Remote,Senior,4,Bachelor,1
4770,AI Engineer,Startup,Finance,Australia,Remote,Entry,5,Bachelor,0
4771,Data Engineer,Enterprise,Finance,USA,Hybrid,Mid,1,Bachelor,1
4772,Business Analyst,Enterprise,Education,Germany,Remote,Senior,6,PhD,1
4773,AI Engineer,Startup,Retail,Germany,Onsite,Senior,1,Bachelor,1
4774,Data Engineer,Medium,Retail,USA,Hybrid,Entry,9,PhD,0
4775,Data Analyst,Enterprise,Retail,Canada,Remote,Mid,8,PhD,1
4776,Data Analyst,Medium,Finance,Germany,Remote,Mid,5,Master,0
4777,Data Scientist,Startup,Finance,Canada,Hybrid,Senior,13,Master,0
4778,Data Scientist,Medium,Education,Germany,Onsite,Senior,5,PhD,1
4779,Business Analyst,Medium,Finance,Australia,Hybrid,Senior,5,Bachelor,1
4780,Business Analyst,Enterprise,Finance,India,Hybrid,Mid,4,Master,0
4781,Business Analyst,Enterprise,Education,Singapore,Remote,Mid,1,Bachelor,0
4782,Business Analyst,Enterprise,Education,USA,Hybrid,Mid,8,PhD,0
4783,Data Engineer,Enterprise,Retail,Singapore,Hybrid,Mid,11,Master,1
4784,AI Engineer,Startup,Technology,UK,Onsite,Senior,7,PhD,0
4785,Data Analyst,Enterprise,Education,India,Hybrid,Senior,0,Bachelor,1
4786,Machine Learning Engineer,Medium,Retail,India,Onsite,Mid,7,Bachelor,1
4787,Business Analyst,Startup,Healthcare,Australia,Remote,Senior,6,Bachelor,1
4788,Machine Learning Engineer,Startup,E-commerce,USA,Onsite,Entry,14,Bachelor,0
4789,Machine Learning Engineer,MNC,E-commerce,Singapore,Remote,Senior,12,Master,1
4790,AI Engineer,MNC,Healthcare,Germany,Remote,Mid,5,PhD,0
4791,AI Engineer,MNC,Education,UK,Hybrid,Mid,9,Master,0
4792,Machine Learning Engineer,MNC,Finance,Germany,Remote,Senior,5,Master,1
4793,Business Analyst,Medium,Finance,Singapore,Remote,Entry,5,PhD,1
4794,AI Engineer,Medium,Finance,UK,Remote,Senior,10,Bachelor,0
4795,Data Engineer,Startup,E-commerce,Germany,Remote,Senior,5,PhD,1
4796,Data Scientist,Medium,Healthcare,Singapore,Onsite,Entry,1,PhD,0
4797,Data Engineer,Medium,Retail,USA,Hybrid,Senior,14,PhD,0
4798,Data Engineer,Medium,E-commerce,Singapore,Remote,Senior,10,Master,0
4799,Data Scientist,Medium,Education,Singapore,Onsite,Entry,0,Master,1
4800,Business Analyst,MNC,Education,Australia,Remote,Senior,9,Bachelor,0
4801,Business Analyst,Enterprise,Retail,USA,Hybrid,Mid,1,Master,0
4802,Data Scientist,Enterprise,Finance,India,Onsite,Mid,0,Master,1
4803,Data Analyst,Enterprise,Healthcare,UK,Remote,Entry,7,Bachelor,0
4804,Business Analyst,Enterprise,Education,Germany,Onsite,Senior,9,PhD,1
4805,Machine Learning Engineer,Startup,Technology,UK,Hybrid,Entry,2,PhD,1
4806,AI Engineer,MNC,Education,Australia,Hybrid,Mid,5,Master,1
4807,Data Engineer,MNC,Retail,India,Hybrid,Mid,3,PhD,0
4808,AI Engineer,Startup,Education,Germany,Remote,Entry,4,Master,0
4809,Data Engineer,MNC,Technology,India,Onsite,Entry,6,PhD,1
4810,Data Analyst,Medium,Finance,Singapore,Remote,Entry,6,Bachelor,1
4811,Data Analyst,Medium,E-commerce,Canada,Onsite,Entry,11,Master,1
4812,Data Engineer,Medium,Retail,UK,Hybrid,Mid,12,PhD,0
4813,AI Engineer,MNC,E-commerce,India,Onsite,Senior,0,PhD,1
4814,Data Analyst,MNC,Technology,USA,Hybrid,Entry,14,Bachelor,0
4815,Data Engineer,Startup,E-commerce,USA,Onsite,Entry,6,Master,0
4816,AI Engineer,Medium,Retail,Singapore,Onsite,Entry,2,Bachelor,1
4817,Data Analyst,MNC,E-commerce,India,Hybrid,Entry,0,Bachelor,0
4818,Data Scientist,Enterprise,Education,USA,Hybrid,Mid,13,PhD,0
4819,Machine Learning Engineer,Startup,Finance,Germany,Remote,Mid,12,Master,1
4820,Business Analyst,Medium,Technology,UK,Hybrid,Entry,11,Master,0
4821,Data Scientist,Medium,E-commerce,USA,Remote,Mid,13,Master,1
4822,Data Analyst,Medium,Technology,UK,Hybrid,Mid,0,Bachelor,0
4823,AI Engineer,Startup,Technology,UK,Remote,Senior,6,Master,0
4824,Data Analyst,Enterprise,Finance,Canada,Hybrid,Mid,6,Master,0
4825,Business Analyst,Startup,Education,Singapore,Remote,Senior,5,Master,1
4826,Data Analyst,Enterprise,Education,Canada,Hybrid,Senior,9,Bachelor,1
4827,Data Engineer,MNC,Retail,Canada,Hybrid,Entry,11,PhD,0
4828,Data Scientist,Startup,Retail,USA,Remote,Mid,3,Bachelor,1
4829,Data Engineer,Medium,Finance,UK,Hybrid,Mid,3,Bachelor,1
4830,Data Engineer,Enterprise,Technology,Canada,Onsite,Senior,8,Bachelor,0
4831,AI Engineer,Startup,Finance,Singapore,Hybrid,Entry,3,Master,0
4832,Data Scientist,MNC,E-commerce,USA,Hybrid,Entry,2,Bachelor,0
4833,Machine Learning Engineer,Startup,Healthcare,Germany,Hybrid,Senior,14,PhD,1
4834,Data Analyst,MNC,Healthcare,USA,Onsite,Entry,7,PhD,0
4835,Machine Learning Engineer,Startup,Technology,Germany,Remote,Senior,7,Bachelor,1
4836,Data Engineer,Medium,E-commerce,USA,Onsite,Senior,7,Bachelor,0
4837,AI Engineer,Startup,Finance,USA,Onsite,Mid,10,Master,0
4838,Machine Learning Engineer,MNC,Education,UK,Hybrid,Mid,4,Master,0
4839,Data Analyst,MNC,Finance,Singapore,Hybrid,Mid,2,Master,1
4840,Data Scientist,Enterprise,Retail,UK,Onsite,Senior,6,Bachelor,0
4841,Data Analyst,MNC,Technology,USA,Onsite,Mid,6,Master,1
4842,Data Engineer,Startup,Technology,India,Remote,Mid,0,Bachelor,1
4843,Data Analyst,Medium,Education,Singapore,Onsite,Senior,4,Master,1
4844,Machine Learning Engineer,Medium,Finance,Germany,Remote,Mid,8,PhD,1
4845,Business Analyst,Enterprise,E-commerce,Canada,Onsite,Mid,3,PhD,1
4846,Business Analyst,Medium,Retail,Germany,Hybrid,Entry,0,PhD,0
4847,AI Engineer,Medium,Technology,Canada,Onsite,Mid,6,PhD,1
4848,AI Engineer,MNC,Retail,Singapore,Onsite,Senior,14,PhD,0
4849,Data Engineer,Enterprise,E-commerce,Australia,Onsite,Entry,9,PhD,0
4850,AI Engineer,Startup,Technology,UK,Remote,Entry,0,PhD,0
4851,Data Analyst,Startup,Finance,India,Remote,Entry,3,Master,1
4852,Data Scientist,Startup,Education,UK,Hybrid,Senior,13,Master,1
4853,Business Analyst,Startup,Healthcare,India,Remote,Entry,13,Master,1
4854,Business Analyst,Medium,Retail,Canada,Onsite,Senior,2,Master,1
4855,Data Engineer,Startup,Education,Germany,Hybrid,Entry,12,Master,0
4856,Data Scientist,Enterprise,Healthcare,USA,Hybrid,Mid,5,Bachelor,0
4857,Data Scientist,MNC,Healthcare,Germany,Onsite,Entry,13,PhD,1
4858,Business Analyst,MNC,E-commerce,Canada,Hybrid,Senior,9,Bachelor,0
4859,Data Engineer,Medium,Finance,USA,Onsite,Mid,2,Bachelor,1
4860,Machine Learning Engineer,Startup,Healthcare,Singapore,Hybrid,Senior,7,Master,0
4861,Data Engineer,Startup,E-commerce,USA,Remote,Mid,10,PhD,1
4862,Data Scientist,Startup,E-commerce,USA,Remote,Mid,14,Bachelor,1
4863,Data Analyst,Enterprise,E-commerce,Singapore,Remote,Senior,1,PhD,0
4864,Data Engineer,Medium,E-commerce,Australia,Onsite,Mid,12,Bachelor,0
4865,Data Engineer,Medium,Finance,India,Hybrid,Entry,4,Master,1
4866,Machine Learning Engineer,Medium,Healthcare,Singapore,Remote,Senior,3,Master,0
4867,Machine Learning Engineer,Enterprise,Healthcare,Canada,Remote,Mid,3,Master,0
4868,Data Scientist,Startup,Technology,India,Remote,Mid,5,Master,0
4869,Machine Learning Engineer,Startup,Technology,India,Onsite,Entry,10,PhD,1
4870,Data Scientist,MNC,Education,India,Remote,Senior,6,Bachelor,0
4871,Data Analyst,Startup,Technology,Germany,Hybrid,Entry,4,PhD,0
4872,Data Scientist,Enterprise,Retail,USA,Onsite,Mid,14,Master,1
4873,Data Scientist,Enterprise,Education,Germany,Onsite,Mid,10,PhD,1
4874,Data Analyst,MNC,Healthcare,UK,Remote,Entry,13,Bachelor,0
4875,AI Engineer,Medium,Finance,Australia,Hybrid,Mid,2,Bachelor,0
4876,Data Scientist,MNC,E-commerce,India,Hybrid,Senior,3,PhD,0
4877,Data Scientist,Startup,Technology,USA,Onsite,Senior,5,PhD,0
4878,Data Scientist,Enterprise,Technology,USA,Onsite,Mid,8,Master,1
4879,Business Analyst,MNC,Education,USA,Hybrid,Mid,4,PhD,0
4880,Business Analyst,MNC,Healthcare,Singapore,Onsite,Senior,5,Bachelor,1
4881,Data Analyst,Medium,Education,Australia,Hybrid,Mid,4,PhD,0
4882,Machine Learning Engineer,Enterprise,Finance,Canada,Onsite,Entry,10,PhD,1
4883,Data Analyst,Medium,Education,USA,Onsite,Senior,3,Master,0
4884,Business Analyst,Startup,E-commerce,USA,Onsite,Senior,0,Master,1
4885,Business Analyst,Startup,Healthcare,USA,Remote,Senior,13,Master,0
4886,Machine Learning Engineer,MNC,Retail,Germany,Onsite,Entry,5,PhD,1
4887,Machine Learning Engineer,Medium,E-commerce,Singapore,Hybrid,Entry,8,Bachelor,0
4888,AI Engineer,Medium,Healthcare,Canada,Remote,Senior,2,PhD,0
4889,Data Engineer,Enterprise,Retail,UK,Remote,Entry,11,Master,0
4890,Data Scientist,Medium,E-commerce,Singapore,Hybrid,Senior,2,PhD,1
4891,Data Scientist,Enterprise,Technology,India,Onsite,Senior,4,PhD,0
4892,Data Scientist,Enterprise,E-commerce,USA,Hybrid,Mid,5,PhD,1
4893,AI Engineer,Startup,Technology,USA,Onsite,Entry,0,PhD,1
4894,Business Analyst,MNC,Technology,Germany,Hybrid,Mid,2,PhD,0
4895,Data Analyst,Enterprise,Healthcare,Canada,Hybrid,Mid,1,Master,0
4896,Business Analyst,Medium,Retail,UK,Hybrid,Senior,4,Master,0
4897,Data Engineer,Enterprise,Retail,Australia,Hybrid,Mid,11,PhD,0
4898,Business Analyst,MNC,Healthcare,Germany,Remote,Senior,7,PhD,1
4899,Data Analyst,Enterprise,Finance,Canada,Remote,Mid,2,Master,0
4900,Data Analyst,MNC,Technology,USA,Onsite,Entry,13,Bachelor,1
4901,Business Analyst,MNC,E-commerce,Australia,Remote,Senior,0,Master,0
4902,Data Engineer,Startup,Education,USA,Remote,Mid,0,Master,1
4903,Business Analyst,Enterprise,Healthcare,UK,Remote,Entry,10,Bachelor,1
4904,Business Analyst,Startup,Education,Germany,Remote,Mid,5,Master,0
4905,Data Scientist,Enterprise,Finance,Germany,Hybrid,Senior,13,Master,1
4906,Data Engineer,Startup,E-commerce,India,Onsite,Senior,11,PhD,1
4907,Data Scientist,Medium,Healthcare,Singapore,Hybrid,Entry,13,Bachelor,1
4908,AI Engineer,Enterprise,Technology,Germany,Hybrid,Senior,5,PhD,0
4909,Data Analyst,Startup,Healthcare,USA,Onsite,Mid,1,PhD,0
4910,Data Analyst,Medium,Education,Singapore,Hybrid,Senior,3,Master,1
4911,Business Analyst,Enterprise,Technology,India,Onsite,Entry,4,Master,0
4912,Data Analyst,Enterprise,Technology,USA,Hybrid,Entry,12,Master,1
4913,Machine Learning Engineer,Enterprise,Finance,Germany,Onsite,Mid,13,Bachelor,0
4914,Data Analyst,Medium,Retail,USA,Hybrid,Entry,7,PhD,1
4915,Business Analyst,Startup,Retail,USA,Remote,Mid,13,PhD,0
4916,AI Engineer,MNC,Technology,USA,Hybrid,Senior,8,Bachelor,1
4917,Data Analyst,Enterprise,Retail,Germany,Hybrid,Senior,2,PhD,1
4918,Business Analyst,Enterprise,Technology,UK,Onsite,Mid,4,Bachelor,0
4919,Data Engineer,Medium,Finance,Australia,Remote,Entry,2,Bachelor,0
4920,Business Analyst,MNC,Technology,Singapore,Hybrid,Senior,2,Master,1
4921,Machine Learning Engineer,MNC,Education,India,Remote,Entry,6,Master,0
4922,Data Analyst,Enterprise,E-commerce,Canada,Onsite,Senior,5,Master,1
4923,Data Engineer,Startup,Retail,Australia,Remote,Mid,6,Bachelor,1
4924,Business Analyst,Enterprise,Technology,Singapore,Remote,Mid,14,Master,0
4925,Data Analyst,MNC,Technology,Germany,Onsite,Entry,9,Bachelor,0
4926,AI Engineer,MNC,Finance,Canada,Hybrid,Entry,0,Master,1
4927,Data Scientist,Enterprise,Healthcare,USA,Onsite,Entry,10,Bachelor,1
4928,Machine Learning Engineer,Enterprise,Education,Germany,Remote,Senior,2,Bachelor,1
4929,AI Engineer,Medium,Retail,USA,Remote,Mid,10,PhD,0
4930,Data Scientist,MNC,Retail,UK,Hybrid,Entry,8,Bachelor,1
4931,AI Engineer,Medium,Retail,India,Hybrid,Entry,0,PhD,0
4932,Data Engineer,MNC,Technology,Germany,Hybrid,Senior,1,PhD,1
4933,Machine Learning Engineer,Enterprise,Education,Singapore,Hybrid,Entry,3,Bachelor,0
4934,Data Engineer,Startup,Education,India,Hybrid,Senior,13,PhD,0
4935,Data Engineer,MNC,Education,Australia,Hybrid,Mid,5,Master,0
4936,Business Analyst,MNC,E-commerce,India,Remote,Mid,2,PhD,0
4937,Data Engineer,Enterprise,E-commerce,Singapore,Onsite,Entry,14,Master,0
4938,Machine Learning Engineer,MNC,E-commerce,Australia,Hybrid,Entry,1,Bachelor,1
4939,Data Analyst,Enterprise,Finance,India,Onsite,Entry,5,Master,0
4940,AI Engineer,Enterprise,Finance,Canada,Remote,Mid,0,Master,0
4941,Data Engineer,Medium,E-commerce,USA,Remote,Entry,5,Bachelor,1
4942,Data Analyst,Startup,E-commerce,USA,Remote,Senior,8,Master,1
4943,Data Scientist,Medium,Technology,USA,Remote,Entry,14,Master,1
4944,Machine Learning Engineer,Enterprise,Finance,Canada,Remote,Entry,2,PhD,0
4945,Machine Learning Engineer,Startup,Healthcare,India,Remote,Mid,8,Master,1
4946,Machine Learning Engineer,Startup,Technology,USA,Remote,Senior,11,Bachelor,1
4947,Data Engineer,Startup,Education,UK,Hybrid,Senior,3,Bachelor,0
4948,Data Scientist,Medium,Finance,Singapore,Hybrid,Senior,14,Master,0
4949,Data Scientist,Enterprise,Technology,Australia,Onsite,Entry,8,Master,0
4950,Data Scientist,MNC,Education,India,Onsite,Mid,8,Bachelor,0
4951,Data Engineer,Startup,Education,UK,Onsite,Mid,1,PhD,0
4952,Data Engineer,Startup,Healthcare,Germany,Onsite,Entry,1,PhD,0
4953,Machine Learning Engineer,Enterprise,Healthcare,Canada,Hybrid,Mid,8,PhD,0
4954,Data Scientist,MNC,Finance,Australia,Remote,Entry,12,Bachelor,1
4955,Data Analyst,Medium,Technology,Canada,Onsite,Senior,3,Master,0
4956,Business Analyst,Medium,Education,India,Remote,Entry,8,Bachelor,1
4957,Machine Learning Engineer,Medium,Healthcare,USA,Hybrid,Entry,3,Bachelor,1
4958,Machine Learning Engineer,MNC,Education,India,Onsite,Mid,2,Bachelor,1
4959,Data Engineer,Enterprise,Education,Canada,Remote,Mid,11,Bachelor,0
4960,Data Engineer,Startup,Education,UK,Onsite,Entry,10,PhD,1
4961,Data Scientist,MNC,E-commerce,USA,Onsite,Entry,11,Master,1
4962,Machine Learning Engineer,Medium,E-commerce,Australia,Hybrid,Senior,14,Bachelor,0
4963,Data Engineer,Startup,Education,Canada,Onsite,Mid,4,Bachelor,1
4964,Data Scientist,Startup,Education,India,Hybrid,Senior,14,Master,1
4965,Data Analyst,Startup,Technology,Germany,Remote,Entry,9,Master,0
4966,Business Analyst,Medium,Technology,UK,Onsite,Senior,5,Master,0
4967,Data Engineer,Startup,Education,Germany,Hybrid,Entry,5,PhD,0
4968,Data Analyst,Enterprise,Education,India,Hybrid,Entry,6,Bachelor,0
4969,Data Engineer,Startup,Retail,UK,Onsite,Senior,0,Bachelor,0
4970,AI Engineer,Startup,Healthcare,USA,Hybrid,Entry,3,PhD,1
4971,Business Analyst,MNC,Finance,India,Onsite,Mid,2,Master,0
4972,Business Analyst,Enterprise,Finance,USA,Onsite,Senior,3,Master,1
4973,Data Scientist,Enterprise,E-commerce,Australia,Hybrid,Entry,6,PhD,1
4974,Machine Learning Engineer,Startup,Technology,Australia,Remote,Mid,9,Master,0
4975,Data Analyst,Enterprise,Healthcare,India,Remote,Entry,8,Master,0
4976,Business Analyst,MNC,Retail,Australia,Remote,Entry,4,PhD,0
4977,Data Scientist,MNC,Retail,Singapore,Onsite,Entry,10,Master,1
4978,Data Engineer,Enterprise,Finance,Australia,Remote,Senior,1,Master,1
4979,Data Analyst,Medium,Education,UK,Hybrid,Mid,12,PhD,0
4980,Machine Learning Engineer,Medium,Education,Singapore,Hybrid,Entry,8,Master,0
4981,Data Analyst,Medium,Healthcare,USA,Onsite,Mid,3,Bachelor,0
4982,Business Analyst,Medium,E-commerce,Canada,Hybrid,Mid,14,Master,1
4983,Data Engineer,MNC,E-commerce,UK,Onsite,Mid,9,Master,1
4984,AI Engineer,Startup,E-commerce,Germany,Remote,Mid,14,Master,0
4985,Data Engineer,Enterprise,Finance,Australia,Remote,Mid,1,PhD,1
4986,Data Engineer,Medium,E-commerce,UK,Onsite,Mid,4,PhD,0
4987,Business Analyst,Medium,E-commerce,Germany,Hybrid,Mid,1,Bachelor,0
4988,Data Engineer,Startup,Education,India,Remote,Entry,9,Bachelor,0
4989,Business Analyst,Medium,E-commerce,Canada,Hybrid,Senior,7,Bachelor,1
4990,Machine Learning Engineer,MNC,E-commerce,USA,Hybrid,Mid,13,PhD,0
4991,AI Engineer,Startup,Retail,India,Remote,Mid,14,Master,0
4992,AI Engineer,Medium,Healthcare,USA,Remote,Mid,2,Master,0
4993,Data Analyst,Startup,E-commerce,USA,Remote,Mid,8,Bachelor,0
4994,AI Engineer,Startup,Technology,India,Hybrid,Entry,9,PhD,1
4995,Data Scientist,Startup,Finance,Singapore,Hybrid,Senior,14,PhD,1
4996,Data Analyst,MNC,Finance,Singapore,Remote,Mid,10,Master,0
4997,Data Engineer,Medium,Finance,Germany,Hybrid,Entry,9,PhD,1
4998,Data Analyst,MNC,E-commerce,UK,Onsite,Senior,10,Bachelor,0
4999,AI Engineer,Startup,Healthcare,Singapore,Hybrid,Mid,11,Master,0
5000,Business Analyst,Enterprise,E-commerce,Canada,Hybrid,Mid,10,Bachelor,0
5001,Machine Learning Engineer,Startup,Finance,UK,Onsite,Senior,2,Master,0
5002,Data Scientist,Startup,Education,USA,Onsite,Entry,6,PhD,0
5003,Data Engineer,Enterprise,Technology,Canada,Hybrid,Senior,13,Master,1
5004,AI Engineer,Startup,Finance,Canada,Onsite,Entry,6,Bachelor,1
5005,Machine Learning Engineer,Startup,Technology,Canada,Remote,Entry,2,PhD,1
5006,AI Engineer,MNC,Finance,India,Hybrid,Entry,13,Bachelor,1
5007,AI Engineer,Enterprise,Healthcare,Australia,Onsite,Entry,11,Master,1
5008,Data Scientist,Startup,E-commerce,Australia,Hybrid,Senior,3,Bachelor,0
5009,Data Scientist,Enterprise,Healthcare,Germany,Remote,Mid,5,PhD,0
5010,Business Analyst,Medium,Technology,USA,Onsite,Senior,4,Master,1
5011,Data Scientist,Startup,Finance,Australia,Remote,Entry,11,PhD,1
5012,Business Analyst,Medium,Technology,Singapore,Onsite,Senior,9,Bachelor,1
5013,AI Engineer,MNC,Healthcare,Germany,Hybrid,Mid,3,Master,0
5014,Business Analyst,Enterprise,Retail,USA,Hybrid,Senior,12,Bachelor,1
5015,Data Analyst,Medium,Technology,Singapore,Hybrid,Entry,12,Master,0
5016,Data Scientist,Medium,E-commerce,Canada,Onsite,Senior,0,Master,0
5017,Data Engineer,Startup,E-commerce,Australia,Hybrid,Mid,11,PhD,0
5018,Data Scientist,MNC,Education,Germany,Hybrid,Senior,2,Bachelor,0
5019,Business Analyst,Startup,Retail,UK,Hybrid,Entry,8,Bachelor,1
5020,Data Engineer,Medium,Finance,UK,Remote,Mid,5,Bachelor,1
5021,Machine Learning Engineer,MNC,Technology,UK,Onsite,Senior,13,Bachelor,0
5022,Business Analyst,MNC,Technology,USA,Remote,Mid,10,Master,0
5023,Data Analyst,Startup,Finance,Germany,Hybrid,Entry,8,PhD,0
5024,AI Engineer,Enterprise,Education,Australia,Remote,Entry,1,PhD,0
5025,Machine Learning Engineer,MNC,Retail,India,Remote,Entry,2,PhD,0
5026,Data Analyst,MNC,Technology,USA,Hybrid,Senior,11,PhD,0
5027,AI Engineer,Enterprise,Finance,USA,Hybrid,Mid,7,PhD,0
5028,Machine Learning Engineer,MNC,Retail,USA,Remote,Mid,13,Master,0
5029,Data Analyst,Startup,Finance,Singapore,Onsite,Mid,12,Master,0
5030,AI Engineer,MNC,Education,Germany,Hybrid,Mid,13,PhD,1
5031,Data Scientist,MNC,Healthcare,Germany,Remote,Senior,12,Master,0
5032,Data Analyst,Startup,Finance,UK,Onsite,Entry,6,PhD,1
5033,Data Engineer,Startup,Finance,Singapore,Hybrid,Mid,8,Master,1
5034,Data Engineer,Startup,Technology,Canada,Remote,Senior,1,Bachelor,1
5035,Data Scientist,Startup,Retail,USA,Hybrid,Mid,4,Bachelor,0
5036,AI Engineer,Startup,Retail,Australia,Remote,Entry,8,Bachelor,0
5037,Data Scientist,Startup,Technology,Germany,Remote,Mid,11,Master,0
5038,Business Analyst,MNC,Retail,Germany,Onsite,Mid,3,Master,1
5039,Business Analyst,MNC,Education,USA,Remote,Mid,3,Bachelor,1
5040,Machine Learning Engineer,MNC,Healthcare,Singapore,Onsite,Mid,5,Bachelor,0
5041,Business Analyst,Medium,Retail,USA,Onsite,Senior,7,Master,0
5042,AI Engineer,Startup,Finance,UK,Onsite,Entry,1,PhD,0
5043,Data Analyst,MNC,Technology,India,Onsite,Senior,6,PhD,1
5044,Data Scientist,MNC,Technology,Australia,Hybrid,Mid,12,PhD,1
5045,Data Scientist,Medium,E-commerce,Australia,Remote,Mid,1,Master,0
5046,Machine Learning Engineer,Medium,Retail,UK,Hybrid,Senior,0,PhD,1
5047,Data Engineer,MNC,Finance,UK,Remote,Entry,1,Bachelor,1
5048,Data Analyst,Startup,Healthcare,India,Remote,Senior,13,Master,1
5049,Data Scientist,Medium,Education,India,Remote,Mid,10,PhD,0
5050,AI Engineer,Enterprise,Retail,Australia,Remote,Mid,3,Master,1
5051,AI Engineer,MNC,E-commerce,Australia,Onsite,Entry,14,Bachelor,0
5052,Data Analyst,Enterprise,Retail,Germany,Hybrid,Mid,4,PhD,1
5053,Data Analyst,Startup,E-commerce,Canada,Remote,Mid,6,PhD,1
5054,AI Engineer,Medium,Retail,India,Hybrid,Senior,0,Master,1
5055,AI Engineer,Enterprise,Technology,USA,Onsite,Senior,0,Bachelor,0
5056,Data Engineer,MNC,Healthcare,Canada,Remote,Entry,9,Bachelor,1
5057,Data Analyst,Startup,Education,USA,Remote,Entry,8,PhD,1
5058,Data Engineer,MNC,Healthcare,Germany,Hybrid,Entry,6,Master,1
5059,Data Scientist,Enterprise,Retail,USA,Onsite,Mid,5,Master,1
5060,Machine Learning Engineer,Enterprise,Retail,Australia,Onsite,Senior,11,Bachelor,1
5061,AI Engineer,MNC,Retail,India,Remote,Entry,7,Bachelor,0
5062,AI Engineer,Medium,Retail,Australia,Onsite,Entry,3,Master,1
5063,AI Engineer,Enterprise,E-commerce,UK,Hybrid,Entry,6,Master,0
5064,Business Analyst,Medium,Finance,Canada,Hybrid,Senior,7,Bachelor,1
5065,Machine Learning Engineer,Enterprise,Healthcare,Canada,Onsite,Mid,2,PhD,0
5066,AI Engineer,Startup,Education,USA,Onsite,Entry,4,Bachelor,0
5067,Data Engineer,Enterprise,Finance,USA,Remote,Senior,8,PhD,0
5068,Data Analyst,Medium,Retail,Singapore,Onsite,Entry,2,Bachelor,1
5069,AI Engineer,Medium,Healthcare,USA,Onsite,Entry,4,Bachelor,1
5070,Machine Learning Engineer,Enterprise,Retail,Singapore,Hybrid,Entry,3,PhD,1
5071,Data Engineer,Enterprise,Finance,Germany,Onsite,Entry,4,Master,0
5072,AI Engineer,Startup,Retail,Singapore,Hybrid,Senior,10,PhD,1
5073,Machine Learning Engineer,Startup,Education,Germany,Remote,Mid,2,Bachelor,0
5074,Data Scientist,Medium,Healthcare,Australia,Remote,Senior,8,Master,0
5075,Data Engineer,MNC,Education,Canada,Remote,Senior,9,Master,1
5076,Data Engineer,Enterprise,Education,Singapore,Onsite,Mid,13,Master,1
5077,Data Scientist,Medium,Finance,Germany,Hybrid,Entry,6,Master,1
5078,Data Analyst,Startup,Technology,Germany,Onsite,Entry,9,Master,0
5079,AI Engineer,MNC,E-commerce,Singapore,Remote,Entry,1,Bachelor,0
5080,AI Engineer,Medium,Finance,India,Remote,Mid,5,PhD,0
5081,Business Analyst,Medium,Finance,Singapore,Onsite,Senior,1,Master,0
5082,Machine Learning Engineer,MNC,Retail,Australia,Hybrid,Senior,2,PhD,0
5083,Business Analyst,Startup,E-commerce,USA,Remote,Mid,6,Master,0
5084,Data Analyst,MNC,Education,Singapore,Hybrid,Mid,14,PhD,0
5085,Machine Learning Engineer,Startup,Healthcare,Canada,Onsite,Entry,8,PhD,0
5086,Data Scientist,Medium,Technology,Australia,Remote,Mid,12,Master,1
5087,Data Engineer,Medium,Healthcare,Australia,Hybrid,Entry,3,Bachelor,1
5088,Business Analyst,Enterprise,Technology,USA,Remote,Mid,7,Master,1
5089,AI Engineer,Enterprise,Finance,USA,Remote,Mid,13,PhD,0
5090,Data Scientist,MNC,Healthcare,UK,Onsite,Senior,5,PhD,0
5091,Business Analyst,Medium,Healthcare,Singapore,Hybrid,Mid,7,Master,1
5092,AI Engineer,Medium,Finance,USA,Hybrid,Entry,4,PhD,0
5093,Data Engineer,MNC,Education,USA,Onsite,Senior,5,Bachelor,0
5094,Data Analyst,Enterprise,Education,Germany,Onsite,Entry,1,PhD,1
5095,Data Analyst,Startup,Healthcare,India,Remote,Mid,8,PhD,0
5096,AI Engineer,Medium,Technology,Singapore,Remote,Entry,14,Master,0
5097,Business Analyst,Startup,Finance,USA,Onsite,Entry,14,Master,1
5098,Machine Learning Engineer,MNC,Retail,Germany,Remote,Mid,9,Master,1
5099,Data Scientist,MNC,E-commerce,Australia,Onsite,Senior,2,PhD,0
5100,AI Engineer,MNC,Education,Germany,Hybrid,Senior,5,Master,1
5101,Data Scientist,Medium,Healthcare,UK,Onsite,Mid,5,Bachelor,1
5102,Data Analyst,Startup,Finance,India,Hybrid,Senior,12,Bachelor,1
5103,Business Analyst,Enterprise,Healthcare,Canada,Remote,Senior,3,PhD,0
5104,AI Engineer,Startup,Education,India,Onsite,Mid,9,Master,1
5105,Data Engineer,Medium,Education,USA,Onsite,Mid,13,Bachelor,0
5106,AI Engineer,Startup,E-commerce,India,Onsite,Senior,7,Master,0
5107,Data Scientist,Enterprise,Education,UK,Remote,Senior,11,PhD,1
5108,Business Analyst,Enterprise,Retail,USA,Hybrid,Senior,13,Master,1
5109,AI Engineer,Startup,E-commerce,India,Onsite,Entry,11,PhD,1
5110,Data Engineer,Enterprise,Finance,Canada,Onsite,Entry,9,Bachelor,0
5111,Data Scientist,Medium,Retail,UK,Remote,Senior,4,PhD,1
5112,Data Scientist,Startup,Retail,USA,Hybrid,Entry,0,PhD,0
5113,Data Engineer,MNC,Education,Canada,Onsite,Senior,5,Master,1
5114,Machine Learning Engineer,Enterprise,Technology,USA,Hybrid,Entry,5,PhD,1
5115,Data Engineer,Enterprise,Retail,Singapore,Remote,Senior,14,Master,1
5116,Data Scientist,Startup,Healthcare,Australia,Hybrid,Mid,13,PhD,1
5117,AI Engineer,Medium,Technology,India,Remote,Senior,14,PhD,0
5118,Business Analyst,MNC,Education,Canada,Remote,Entry,0,Master,1
5119,Data Scientist,Startup,Finance,Australia,Hybrid,Senior,14,PhD,0
5120,Machine Learning Engineer,Medium,Retail,Germany,Hybrid,Senior,10,Master,1
5121,Machine Learning Engineer,Medium,Healthcare,UK,Hybrid,Mid,4,Bachelor,1
5122,Data Analyst,Medium,Finance,Germany,Hybrid,Mid,10,PhD,0
5123,Data Scientist,Medium,Retail,Australia,Onsite,Senior,11,Bachelor,0
5124,Business Analyst,MNC,Retail,USA,Hybrid,Senior,3,Master,1
5125,Data Engineer,Medium,Technology,India,Onsite,Mid,14,PhD,1
5126,Machine Learning Engineer,Enterprise,E-commerce,Canada,Onsite,Senior,8,PhD,1
5127,Business Analyst,MNC,Retail,Germany,Hybrid,Mid,14,PhD,0
5128,Data Analyst,Startup,Technology,Germany,Onsite,Mid,14,PhD,0
5129,Data Engineer,Medium,Finance,India,Remote,Entry,1,PhD,1
5130,AI Engineer,Enterprise,E-commerce,Australia,Hybrid,Mid,6,PhD,1
5131,Data Engineer,MNC,Finance,Singapore,Remote,Senior,12,Bachelor,1
5132,Machine Learning Engineer,Enterprise,E-commerce,Canada,Remote,Mid,0,Bachelor,0
5133,Data Engineer,Medium,Education,Germany,Remote,Entry,0,Master,0
5134,AI Engineer,Medium,Education,Australia,Remote,Senior,6,PhD,0
5135,Business Analyst,MNC,Retail,Canada,Onsite,Senior,4,PhD,1
5136,Machine Learning Engineer,Medium,Technology,UK,Hybrid,Entry,6,PhD,0
5137,Business Analyst,MNC,E-commerce,Germany,Hybrid,Senior,0,Master,0
5138,Data Analyst,MNC,Technology,Australia,Hybrid,Entry,5,PhD,0
5139,Data Engineer,MNC,Education,USA,Remote,Entry,8,PhD,0
5140,Data Engineer,MNC,Education,Australia,Remote,Entry,13,PhD,0
5141,Data Scientist,Enterprise,Technology,India,Hybrid,Senior,2,Bachelor,0
5142,Data Scientist,MNC,Retail,Germany,Onsite,Mid,2,PhD,0
5143,Data Engineer,Medium,Technology,Singapore,Remote,Senior,2,Master,1
5144,Data Engineer,Medium,Finance,Australia,Hybrid,Senior,13,PhD,1
5145,Data Engineer,Startup,Retail,Germany,Hybrid,Mid,12,Bachelor,0
5146,Data Scientist,MNC,E-commerce,Australia,Hybrid,Senior,0,Master,1
5147,Data Analyst,MNC,Healthcare,USA,Hybrid,Entry,2,Bachelor,0
5148,Business Analyst,MNC,Technology,UK,Remote,Senior,11,Bachelor,1
5149,Data Scientist,Enterprise,Healthcare,Australia,Hybrid,Senior,7,Bachelor,0
5150,Machine Learning Engineer,MNC,Education,Canada,Remote,Senior,8,Bachelor,0
5151,AI Engineer,Startup,Healthcare,USA,Hybrid,Senior,7,Bachelor,1
5152,Data Scientist,MNC,Healthcare,Australia,Onsite,Mid,6,Bachelor,1
5153,Machine Learning Engineer,MNC,Technology,Singapore,Hybrid,Mid,0,Master,0
5154,Data Scientist,Medium,Technology,UK,Onsite,Senior,0,PhD,0
5155,Machine Learning Engineer,Enterprise,Finance,UK,Hybrid,Mid,9,Bachelor,1
5156,Machine Learning Engineer,Medium,E-commerce,Singapore,Onsite,Senior,9,PhD,0
5157,Data Engineer,Startup,Retail,Germany,Hybrid,Entry,14,Master,0
5158,AI Engineer,Enterprise,Education,Australia,Remote,Entry,14,Bachelor,1
5159,Business Analyst,Enterprise,Technology,UK,Hybrid,Entry,13,Bachelor,0
5160,Data Scientist,MNC,E-commerce,Germany,Remote,Entry,1,Master,1
5161,AI Engineer,Startup,Technology,Germany,Hybrid,Senior,4,PhD,0
5162,Data Scientist,Enterprise,Technology,India,Hybrid,Mid,3,Master,0
5163,Data Scientist,Enterprise,Technology,India,Remote,Entry,5,Master,0
5164,Data Scientist,Enterprise,Retail,India,Hybrid,Mid,14,Bachelor,1
5165,AI Engineer,Medium,Retail,Canada,Remote,Entry,0,Master,0
5166,Business Analyst,Medium,Education,Germany,Remote,Entry,13,PhD,1
5167,Business Analyst,Enterprise,E-commerce,Canada,Hybrid,Mid,2,Master,0
5168,Data Engineer,Medium,Technology,Germany,Onsite,Entry,6,Bachelor,0
5169,AI Engineer,MNC,Technology,Australia,Onsite,Entry,7,Master,0
5170,Data Engineer,Enterprise,E-commerce,Germany,Onsite,Mid,0,Master,0
5171,Data Analyst,Startup,E-commerce,Canada,Remote,Senior,10,Bachelor,0
5172,Data Engineer,MNC,E-commerce,USA,Remote,Senior,11,Master,0
5173,Data Scientist,Startup,E-commerce,USA,Remote,Entry,4,PhD,0
5174,Data Analyst,MNC,Healthcare,Canada,Remote,Entry,0,Master,0
5175,AI Engineer,Enterprise,Finance,India,Remote,Entry,5,PhD,0
5176,Business Analyst,MNC,Healthcare,USA,Hybrid,Entry,11,Master,0
5177,Data Engineer,MNC,Technology,UK,Hybrid,Entry,14,PhD,0
5178,Business Analyst,Enterprise,Healthcare,Singapore,Onsite,Entry,5,Master,1
5179,Data Scientist,Startup,Technology,UK,Onsite,Mid,7,Master,0
5180,Data Analyst,Startup,Retail,UK,Hybrid,Entry,9,Bachelor,1
5181,Data Engineer,Startup,E-commerce,Canada,Remote,Senior,4,Master,1
5182,Business Analyst,Startup,E-commerce,India,Hybrid,Entry,9,PhD,0
5183,Business Analyst,Enterprise,Technology,USA,Hybrid,Mid,3,Bachelor,1
5184,Data Engineer,MNC,Retail,Australia,Hybrid,Entry,14,PhD,0
5185,Data Engineer,Enterprise,Healthcare,USA,Remote,Senior,8,PhD,0
5186,Data Analyst,Enterprise,Education,Singapore,Onsite,Mid,6,Bachelor,0
5187,Data Scientist,Enterprise,Technology,Australia,Hybrid,Entry,0,Master,0
5188,AI Engineer,MNC,Finance,India,Hybrid,Mid,1,Master,0
5189,Data Engineer,Startup,Healthcare,UK,Remote,Senior,7,Bachelor,1
5190,Machine Learning Engineer,MNC,Technology,Singapore,Hybrid,Mid,2,Master,1
5191,Data Engineer,MNC,Technology,Australia,Remote,Mid,12,Master,1
5192,Business Analyst,Enterprise,Finance,Germany,Hybrid,Mid,10,Master,1
5193,AI Engineer,Medium,Retail,Germany,Onsite,Mid,11,Bachelor,0
5194,Business Analyst,Medium,Technology,Canada,Remote,Senior,0,Bachelor,1
5195,Business Analyst,Enterprise,Finance,Australia,Onsite,Entry,3,PhD,0
5196,Data Engineer,Medium,Retail,Australia,Onsite,Senior,6,PhD,1
5197,AI Engineer,Enterprise,E-commerce,Australia,Onsite,Mid,9,PhD,1
5198,Business Analyst,Startup,Healthcare,Canada,Onsite,Mid,3,PhD,0
5199,Data Engineer,Medium,Education,Germany,Remote,Entry,10,PhD,1
5200,Data Scientist,Enterprise,Retail,USA,Hybrid,Mid,11,PhD,0
5201,Data Analyst,Enterprise,Healthcare,USA,Onsite,Entry,6,Master,1
5202,Data Scientist,Startup,Retail,Germany,Hybrid,Senior,5,Bachelor,1
5203,Data Scientist,MNC,Healthcare,Singapore,Onsite,Entry,8,PhD,1
5204,Business Analyst,Startup,Healthcare,Australia,Hybrid,Entry,8,PhD,1
5205,AI Engineer,MNC,Finance,UK,Remote,Mid,4,Bachelor,1
5206,Data Scientist,MNC,E-commerce,Germany,Remote,Senior,8,Master,1
5207,Machine Learning Engineer,Startup,Healthcare,Canada,Onsite,Entry,13,Master,1
5208,Data Analyst,MNC,E-commerce,Canada,Hybrid,Entry,6,PhD,1
5209,Machine Learning Engineer,Medium,Technology,Germany,Onsite,Senior,2,Bachelor,0
5210,Business Analyst,Medium,Education,India,Hybrid,Senior,7,Bachelor,0
5211,Data Engineer,Startup,E-commerce,UK,Hybrid,Mid,0,Bachelor,1
5212,AI Engineer,MNC,E-commerce,India,Onsite,Mid,8,PhD,1
5213,AI Engineer,Medium,Technology,Singapore,Remote,Senior,1,PhD,1
5214,Data Analyst,Startup,E-commerce,UK,Hybrid,Senior,1,PhD,1
5215,Machine Learning Engineer,MNC,Finance,USA,Remote,Entry,6,PhD,1
5216,Data Analyst,Startup,Technology,Singapore,Remote,Entry,10,Master,1
5217,Machine Learning Engineer,MNC,Technology,Australia,Hybrid,Mid,8,PhD,1
5218,Machine Learning Engineer,MNC,E-commerce,Singapore,Remote,Entry,1,Bachelor,1
5219,Business Analyst,Medium,Education,UK,Remote,Mid,14,Bachelor,0
5220,Machine Learning Engineer,Medium,Education,UK,Onsite,Mid,0,Bachelor,1
5221,AI Engineer,Enterprise,Healthcare,Germany,Hybrid,Mid,13,PhD,0
5222,AI Engineer,Enterprise,Education,India,Hybrid,Senior,12,Master,0
5223,Data Scientist,Enterprise,E-commerce,UK,Hybrid,Senior,8,Bachelor,1
5224,Data Engineer,MNC,Technology,UK,Hybrid,Senior,4,Bachelor,0
5225,Data Engineer,Medium,Healthcare,Canada,Remote,Senior,14,Master,0
5226,Data Engineer,MNC,Education,UK,Onsite,Senior,9,Bachelor,1
5227,Machine Learning Engineer,MNC,Technology,India,Remote,Mid,0,PhD,0
5228,Machine Learning Engineer,Enterprise,Education,USA,Remote,Mid,0,PhD,1
5229,Data Analyst,Enterprise,Technology,UK,Onsite,Senior,14,Bachelor,1
5230,Machine Learning Engineer,Medium,Healthcare,India,Hybrid,Entry,11,Bachelor,0
5231,Data Analyst,Enterprise,Healthcare,Singapore,Hybrid,Senior,9,Bachelor,0
5232,Data Scientist,MNC,Education,Germany,Hybrid,Senior,3,Bachelor,1
5233,Machine Learning Engineer,Medium,Retail,India,Remote,Mid,1,PhD,1
5234,AI Engineer,Medium,Education,Australia,Hybrid,Entry,9,Master,0
5235,Data Engineer,Medium,Finance,Canada,Hybrid,Senior,4,Bachelor,0
5236,Machine Learning Engineer,Enterprise,Healthcare,UK,Hybrid,Entry,6,Master,1
5237,Business Analyst,Startup,Healthcare,UK,Hybrid,Entry,5,Master,0
5238,Data Scientist,Enterprise,Finance,Singapore,Hybrid,Senior,13,Bachelor,0
5239,Data Engineer,MNC,Retail,USA,Hybrid,Mid,12,Master,0
5240,Business Analyst,Startup,Education,USA,Onsite,Entry,1,Master,0
5241,Machine Learning Engineer,Startup,Retail,Germany,Onsite,Entry,13,PhD,1
5242,AI Engineer,Medium,Healthcare,Australia,Remote,Entry,2,Bachelor,1
5243,Business Analyst,Enterprise,Technology,Canada,Hybrid,Senior,12,Bachelor,0
5244,Data Analyst,Medium,Finance,Singapore,Hybrid,Senior,5,PhD,1
5245,Data Scientist,Medium,Retail,Canada,Remote,Entry,12,Bachelor,1
5246,Machine Learning Engineer,Startup,Education,USA,Remote,Senior,2,Bachelor,1
5247,Business Analyst,Enterprise,Education,USA,Remote,Entry,14,Master,1
5248,Data Engineer,Enterprise,Finance,USA,Onsite,Entry,3,PhD,0
5249,Data Engineer,MNC,Technology,India,Remote,Entry,9,Master,0
5250,AI Engineer,Startup,E-commerce,UK,Onsite,Mid,10,PhD,0
5251,Data Scientist,MNC,Retail,Australia,Onsite,Senior,6,Master,0
5252,Data Analyst,Medium,Retail,Australia,Remote,Mid,9,PhD,0
5253,AI Engineer,Medium,E-commerce,Australia,Onsite,Mid,4,PhD,1
5254,Business Analyst,MNC,Technology,USA,Hybrid,Mid,13,Bachelor,1
5255,Data Analyst,MNC,Education,USA,Onsite,Senior,6,Master,1
5256,AI Engineer,MNC,Retail,Germany,Hybrid,Entry,3,Bachelor,1
5257,Data Scientist,MNC,Healthcare,UK,Remote,Senior,2,Bachelor,0
5258,AI Engineer,Medium,Technology,India,Remote,Mid,12,Bachelor,1
5259,Data Analyst,Startup,Technology,UK,Onsite,Entry,11,Bachelor,1
5260,Machine Learning Engineer,Startup,Healthcare,Canada,Hybrid,Entry,9,Bachelor,1
5261,Machine Learning Engineer,MNC,Healthcare,India,Hybrid,Entry,2,Master,1
5262,Data Scientist,Medium,Finance,India,Onsite,Entry,1,Bachelor,0
5263,Data Engineer,Medium,E-commerce,USA,Remote,Mid,6,Bachelor,0
5264,Business Analyst,Startup,Technology,Canada,Remote,Senior,2,Bachelor,1
5265,Data Scientist,Startup,Finance,Germany,Remote,Entry,4,Bachelor,0
5266,Data Engineer,Medium,Finance,Germany,Hybrid,Mid,14,Master,0
5267,Data Analyst,Startup,E-commerce,Canada,Onsite,Entry,8,Bachelor,1
5268,Data Analyst,MNC,E-commerce,Germany,Onsite,Senior,3,Master,0
5269,Data Engineer,MNC,Retail,Canada,Hybrid,Mid,1,Bachelor,0
5270,Data Engineer,Medium,E-commerce,UK,Remote,Mid,3,PhD,1
5271,Data Analyst,Enterprise,Education,UK,Hybrid,Senior,12,Master,0
5272,Machine Learning Engineer,Enterprise,Retail,Australia,Hybrid,Mid,7,PhD,1
5273,Machine Learning Engineer,Startup,Technology,Australia,Remote,Senior,8,Bachelor,1
5274,Data Analyst,Enterprise,E-commerce,USA,Onsite,Mid,14,PhD,1
5275,Machine Learning Engineer,MNC,E-commerce,India,Onsite,Senior,4,Bachelor,0
5276,Data Engineer,Enterprise,Technology,UK,Onsite,Senior,12,PhD,1
5277,AI Engineer,Enterprise,Finance,Germany,Onsite,Mid,1,Bachelor,1
5278,Machine Learning Engineer,Medium,Technology,Canada,Onsite,Mid,6,Bachelor,0
5279,Data Scientist,Medium,Healthcare,Germany,Hybrid,Senior,11,Master,1
5280,Data Analyst,MNC,Education,Singapore,Hybrid,Entry,9,Master,0
5281,Data Engineer,Medium,Education,Canada,Hybrid,Mid,14,Master,1
5282,Data Scientist,MNC,Healthcare,Germany,Onsite,Entry,8,Bachelor,1
5283,Data Engineer,Startup,E-commerce,UK,Hybrid,Senior,9,Master,1
5284,Machine Learning Engineer,Startup,Education,India,Onsite,Entry,8,Master,0
5285,AI Engineer,Startup,E-commerce,Australia,Hybrid,Entry,0,Bachelor,0
5286,Business Analyst,Enterprise,Education,Germany,Onsite,Mid,10,PhD,0
5287,Data Scientist,Medium,Retail,USA,Remote,Mid,2,Bachelor,0
5288,Machine Learning Engineer,Medium,Technology,Australia,Hybrid,Mid,8,Bachelor,1
5289,Data Scientist,Enterprise,Healthcare,USA,Remote,Mid,2,Bachelor,1
5290,Data Engineer,Enterprise,Education,USA,Remote,Entry,1,Bachelor,1
5291,Data Analyst,Medium,Technology,UK,Onsite,Mid,7,Master,1
5292,Data Engineer,MNC,Retail,USA,Remote,Senior,11,Bachelor,0
5293,Business Analyst,Enterprise,Retail,Singapore,Remote,Mid,12,PhD,1
5294,Data Analyst,Startup,E-commerce,Singapore,Remote,Entry,10,Master,1
5295,AI Engineer,Enterprise,Healthcare,UK,Hybrid,Mid,6,Master,0
5296,Data Engineer,MNC,Education,Germany,Hybrid,Entry,7,PhD,1
5297,Data Engineer,Enterprise,Finance,India,Onsite,Mid,4,Master,0
5298,Data Analyst,Startup,Education,Canada,Remote,Entry,6,PhD,0
5299,Business Analyst,Enterprise,Education,Singapore,Onsite,Mid,4,Bachelor,1
5300,Data Scientist,MNC,Education,USA,Onsite,Entry,2,Master,1
5301,Data Analyst,Enterprise,Retail,India,Onsite,Mid,11,Master,0
5302,AI Engineer,Medium,Finance,Singapore,Hybrid,Mid,0,PhD,0
5303,AI Engineer,Enterprise,E-commerce,Singapore,Onsite,Senior,8,Bachelor,1
5304,Data Scientist,Startup,Retail,Australia,Remote,Mid,14,Bachelor,0
5305,Data Scientist,Medium,Healthcare,Germany,Hybrid,Entry,7,PhD,1
5306,AI Engineer,Enterprise,Healthcare,India,Remote,Entry,2,Master,0
5307,AI Engineer,Enterprise,E-commerce,Germany,Onsite,Senior,2,PhD,0
5308,Data Analyst,Enterprise,Technology,Canada,Hybrid,Entry,10,Bachelor,1
5309,Data Scientist,Medium,Finance,UK,Hybrid,Entry,13,Bachelor,0
5310,Data Analyst,MNC,E-commerce,Germany,Onsite,Entry,8,PhD,0
5311,Data Analyst,Enterprise,Retail,Germany,Onsite,Senior,3,PhD,1
5312,Business Analyst,Medium,Retail,Canada,Remote,Senior,11,Bachelor,0
5313,Data Engineer,Enterprise,Healthcare,Canada,Hybrid,Senior,6,PhD,0
5314,Data Analyst,Medium,Education,USA,Hybrid,Entry,5,Bachelor,1
5315,Data Engineer,Enterprise,E-commerce,USA,Remote,Entry,5,Bachelor,1
5316,Data Scientist,MNC,Retail,Singapore,Hybrid,Senior,9,Master,0
5317,Data Analyst,Startup,Healthcare,Germany,Remote,Entry,9,Bachelor,0
5318,Data Analyst,Startup,Finance,Australia,Onsite,Mid,13,PhD,1
5319,Data Analyst,Medium,Technology,Germany,Onsite,Entry,12,Master,1
5320,AI Engineer,Startup,Education,Germany,Hybrid,Entry,12,PhD,1
5321,Machine Learning Engineer,Startup,Retail,Australia,Hybrid,Mid,12,PhD,0
5322,Data Scientist,Medium,E-commerce,Singapore,Remote,Entry,4,PhD,1
5323,AI Engineer,Medium,Technology,Australia,Onsite,Entry,8,Bachelor,0
5324,AI Engineer,MNC,E-commerce,India,Onsite,Senior,8,Bachelor,1
5325,AI Engineer,MNC,Healthcare,UK,Remote,Senior,14,PhD,0
5326,Business Analyst,MNC,Technology,Singapore,Onsite,Mid,4,Bachelor,0
5327,Machine Learning Engineer,Enterprise,Education,India,Onsite,Mid,13,Bachelor,1
5328,Machine Learning Engineer,Startup,Education,Australia,Onsite,Senior,11,Bachelor,1
5329,Machine Learning Engineer,MNC,Education,Singapore,Hybrid,Senior,4,PhD,1
5330,Data Scientist,Enterprise,Education,Germany,Remote,Entry,5,Bachelor,0
5331,Business Analyst,Enterprise,Technology,UK,Onsite,Senior,12,Bachelor,0
5332,Data Engineer,MNC,Technology,Canada,Remote,Entry,3,Bachelor,0
5333,Data Analyst,Medium,Retail,Germany,Remote,Entry,6,Bachelor,1
5334,Data Analyst,Medium,Healthcare,UK,Onsite,Entry,4,Master,1
5335,Machine Learning Engineer,Medium,Healthcare,India,Remote,Senior,3,PhD,1
5336,AI Engineer,Startup,Healthcare,Singapore,Remote,Entry,0,PhD,0
5337,Data Analyst,MNC,Retail,India,Onsite,Mid,11,Bachelor,1
5338,Data Engineer,MNC,Education,Singapore,Onsite,Senior,2,Bachelor,1
5339,Data Scientist,MNC,Healthcare,Canada,Onsite,Senior,2,Master,1
5340,Data Engineer,MNC,Finance,Singapore,Onsite,Mid,2,Master,1
5341,Data Engineer,Medium,E-commerce,USA,Hybrid,Senior,14,Bachelor,1
5342,Data Engineer,MNC,Finance,Singapore,Onsite,Senior,11,Bachelor,1
5343,Data Analyst,Enterprise,Finance,Australia,Onsite,Entry,9,Master,1
5344,Data Scientist,MNC,Technology,Germany,Onsite,Mid,2,PhD,1
5345,Machine Learning Engineer,Medium,E-commerce,India,Remote,Mid,1,Bachelor,1
5346,Data Engineer,Enterprise,E-commerce,India,Onsite,Mid,10,Bachelor,1
5347,Data Engineer,Medium,Education,India,Onsite,Mid,12,Bachelor,1
5348,AI Engineer,Medium,Retail,Singapore,Hybrid,Entry,13,PhD,0
5349,Data Analyst,Startup,Finance,USA,Onsite,Mid,13,PhD,1
5350,Data Engineer,Startup,Healthcare,Australia,Remote,Mid,13,Bachelor,0
5351,Machine Learning Engineer,Enterprise,Technology,USA,Remote,Entry,10,PhD,0
5352,Data Analyst,MNC,Education,Singapore,Onsite,Mid,4,PhD,1
5353,Data Engineer,Medium,Retail,USA,Remote,Senior,7,Bachelor,0
5354,AI Engineer,Medium,E-commerce,USA,Remote,Entry,2,Bachelor,0
5355,Machine Learning Engineer,Startup,Retail,USA,Remote,Entry,1,Master,1
5356,Data Analyst,MNC,Education,UK,Hybrid,Senior,9,Bachelor,0
5357,Machine Learning Engineer,Startup,Healthcare,Singapore,Onsite,Senior,1,Master,0
5358,Data Engineer,MNC,Technology,USA,Hybrid,Entry,7,Bachelor,0
5359,AI Engineer,Enterprise,Finance,India,Hybrid,Senior,12,Master,1
5360,Business Analyst,MNC,Retail,USA,Remote,Mid,1,Bachelor,0
5361,Business Analyst,Medium,Healthcare,India,Onsite,Entry,12,Master,1
5362,AI Engineer,Enterprise,Education,USA,Hybrid,Mid,12,Master,0
5363,Data Analyst,Enterprise,Technology,India,Onsite,Mid,2,Bachelor,0
5364,Data Analyst,Medium,Retail,Australia,Onsite,Entry,7,Master,1
5365,AI Engineer,Medium,E-commerce,UK,Hybrid,Entry,7,Bachelor,0
5366,Business Analyst,Startup,Technology,India,Remote,Mid,2,Bachelor,0
5367,Data Engineer,Enterprise,Healthcare,Australia,Remote,Senior,2,Bachelor,1
5368,Business Analyst,Enterprise,Technology,Australia,Hybrid,Entry,13,Bachelor,0
5369,Data Scientist,Startup,Retail,Canada,Onsite,Entry,9,Bachelor,0
5370,AI Engineer,Enterprise,Retail,USA,Remote,Mid,10,PhD,1
5371,Machine Learning Engineer,Medium,Healthcare,UK,Remote,Mid,9,PhD,1
5372,Data Scientist,MNC,E-commerce,USA,Hybrid,Senior,1,PhD,0
5373,Data Scientist,Startup,E-commerce,Germany,Onsite,Senior,4,PhD,0
5374,Data Engineer,Medium,E-commerce,Germany,Hybrid,Entry,6,Master,1
5375,Data Analyst,Medium,E-commerce,UK,Onsite,Mid,12,Bachelor,1
5376,Business Analyst,Startup,Retail,USA,Onsite,Senior,8,Bachelor,1
5377,Data Analyst,Medium,Technology,UK,Remote,Mid,13,Master,0
5378,Machine Learning Engineer,MNC,Healthcare,Canada,Hybrid,Mid,8,Master,0
5379,Data Analyst,MNC,Technology,Australia,Onsite,Entry,9,Bachelor,0
5380,AI Engineer,Enterprise,Healthcare,USA,Remote,Mid,10,PhD,0
5381,Data Scientist,Startup,Technology,Canada,Onsite,Mid,7,PhD,0
5382,Data Scientist,Startup,Technology,USA,Hybrid,Senior,1,Master,0
5383,AI Engineer,Enterprise,Education,Germany,Hybrid,Mid,12,Bachelor,1
5384,Machine Learning Engineer,Medium,Technology,UK,Hybrid,Entry,12,Master,0
5385,Data Engineer,Enterprise,Technology,India,Onsite,Senior,3,Bachelor,1
5386,Data Scientist,Medium,E-commerce,USA,Onsite,Mid,4,Bachelor,0
5387,Business Analyst,MNC,Retail,USA,Onsite,Entry,10,Bachelor,1
5388,AI Engineer,Startup,Technology,India,Remote,Entry,9,Master,0
5389,AI Engineer,Enterprise,E-commerce,Singapore,Remote,Senior,1,PhD,0
5390,AI Engineer,Medium,Finance,Singapore,Remote,Mid,10,Master,1
5391,AI Engineer,MNC,Retail,Singapore,Hybrid,Mid,9,PhD,0
5392,Data Engineer,Medium,Retail,Germany,Onsite,Entry,3,Master,1
5393,Data Engineer,Startup,Healthcare,UK,Remote,Entry,13,PhD,0
5394,Data Scientist,Enterprise,Retail,Singapore,Remote,Entry,7,PhD,0
5395,Business Analyst,Startup,Education,Germany,Remote,Senior,1,Master,0
5396,Machine Learning Engineer,Startup,Education,USA,Hybrid,Entry,1,Bachelor,0
5397,Machine Learning Engineer,MNC,Healthcare,Singapore,Hybrid,Mid,8,Bachelor,1
5398,Machine Learning Engineer,MNC,Education,USA,Remote,Senior,7,PhD,0
5399,Data Engineer,MNC,Education,Canada,Remote,Senior,2,Master,0
5400,Data Analyst,Enterprise,Retail,USA,Remote,Entry,6,Master,0
5401,Business Analyst,Enterprise,Healthcare,Singapore,Onsite,Senior,13,Bachelor,1
5402,Machine Learning Engineer,Medium,Technology,UK,Remote,Mid,0,Bachelor,0
5403,Data Engineer,MNC,E-commerce,Singapore,Onsite,Mid,6,PhD,1
5404,AI Engineer,Startup,Education,USA,Onsite,Mid,5,Bachelor,1
5405,Data Engineer,Startup,Technology,Australia,Hybrid,Mid,6,Bachelor,1
5406,Machine Learning Engineer,MNC,Technology,Germany,Remote,Entry,10,Bachelor,1
5407,AI Engineer,Enterprise,Finance,Germany,Hybrid,Senior,5,Bachelor,0
5408,Data Engineer,Medium,Finance,Canada,Hybrid,Senior,13,PhD,0
5409,Data Scientist,Medium,E-commerce,Australia,Hybrid,Senior,14,Bachelor,1
5410,Machine Learning Engineer,Medium,Technology,India,Hybrid,Senior,7,PhD,0
5411,AI Engineer,Medium,Education,UK,Hybrid,Senior,1,PhD,1
5412,Data Scientist,Enterprise,E-commerce,Canada,Hybrid,Mid,6,PhD,0
5413,AI Engineer,MNC,Finance,Australia,Onsite,Senior,0,Bachelor,0
5414,Data Scientist,Medium,E-commerce,USA,Hybrid,Entry,13,Bachelor,0
5415,Data Scientist,Startup,Finance,Australia,Onsite,Entry,10,Master,1
5416,AI Engineer,Enterprise,Healthcare,UK,Onsite,Senior,8,Master,0
5417,Business Analyst,MNC,Technology,Australia,Hybrid,Entry,2,PhD,0
5418,Data Engineer,MNC,Technology,UK,Onsite,Mid,4,Master,1
5419,Machine Learning Engineer,MNC,Finance,USA,Remote,Entry,8,Master,1
5420,Data Engineer,Startup,Education,Singapore,Hybrid,Entry,12,Master,1
5421,Data Scientist,Startup,Technology,Canada,Remote,Entry,11,Bachelor,1
5422,Data Scientist,Startup,E-commerce,USA,Remote,Senior,5,PhD,0
5423,Machine Learning Engineer,Startup,E-commerce,Germany,Onsite,Mid,4,PhD,1
5424,Data Scientist,Startup,Finance,Germany,Onsite,Entry,14,PhD,1
5425,Data Scientist,Startup,Technology,USA,Hybrid,Entry,14,PhD,0
5426,Machine Learning Engineer,Medium,Technology,Australia,Remote,Senior,7,Bachelor,0
5427,Data Scientist,Startup,Retail,Singapore,Hybrid,Entry,5,Bachelor,1
5428,AI Engineer,Medium,Retail,India,Remote,Entry,0,PhD,0
5429,Machine Learning Engineer,Startup,Retail,UK,Remote,Mid,1,Bachelor,1
5430,AI Engineer,Startup,E-commerce,India,Hybrid,Entry,13,Master,1
5431,Data Scientist,Enterprise,Finance,Australia,Hybrid,Senior,14,PhD,0
5432,Data Scientist,MNC,Education,Canada,Remote,Mid,12,Master,1
5433,AI Engineer,Medium,Finance,Canada,Onsite,Entry,4,Bachelor,1
5434,Data Analyst,Enterprise,Retail,Singapore,Onsite,Mid,14,PhD,0
5435,Machine Learning Engineer,Startup,Retail,Australia,Onsite,Senior,1,Master,1
5436,Machine Learning Engineer,MNC,Finance,UK,Hybrid,Entry,9,Bachelor,0
5437,Business Analyst,MNC,Technology,USA,Remote,Mid,4,PhD,1
5438,Machine Learning Engineer,MNC,Education,India,Onsite,Entry,9,Bachelor,1
5439,Data Analyst,Enterprise,Education,USA,Remote,Mid,0,PhD,1
5440,Machine Learning Engineer,Medium,E-commerce,Canada,Onsite,Entry,13,Bachelor,1
5441,Machine Learning Engineer,Medium,Finance,UK,Hybrid,Entry,5,Bachelor,0
5442,Data Analyst,Enterprise,Healthcare,USA,Hybrid,Entry,7,Bachelor,1
5443,Data Engineer,Startup,Technology,India,Hybrid,Senior,9,Master,1
5444,Machine Learning Engineer,Enterprise,Retail,UK,Hybrid,Mid,2,PhD,1
5445,Data Analyst,Startup,Technology,UK,Remote,Mid,9,Bachelor,0
5446,Data Scientist,Startup,Education,USA,Hybrid,Entry,13,Master,0
5447,Data Engineer,Enterprise,Finance,Canada,Onsite,Senior,2,Bachelor,0
5448,AI Engineer,Enterprise,Finance,Singapore,Onsite,Mid,10,Master,0
5449,Data Analyst,MNC,Finance,Australia,Remote,Mid,10,Bachelor,1
5450,Data Scientist,Enterprise,Education,Germany,Hybrid,Entry,3,Master,0
5451,Data Scientist,Medium,Technology,Australia,Hybrid,Senior,2,PhD,0
5452,Data Analyst,Medium,Technology,Singapore,Remote,Mid,1,Master,0
5453,Data Scientist,Startup,Education,Singapore,Hybrid,Entry,5,Master,0
5454,Data Engineer,Medium,Retail,Germany,Remote,Senior,6,Bachelor,0
5455,Data Engineer,Enterprise,Technology,Germany,Hybrid,Mid,1,PhD,0
5456,Machine Learning Engineer,Startup,Retail,Canada,Remote,Entry,5,Bachelor,1
5457,AI Engineer,Startup,E-commerce,USA,Remote,Mid,8,Master,0
5458,AI Engineer,Startup,Retail,Singapore,Onsite,Senior,12,Master,0
5459,Data Analyst,Startup,Healthcare,India,Remote,Entry,0,PhD,1
5460,Data Analyst,Startup,Finance,UK,Onsite,Mid,11,PhD,0
5461,Machine Learning Engineer,MNC,Healthcare,Germany,Remote,Mid,3,Bachelor,1
5462,Data Scientist,Medium,Retail,Canada,Remote,Mid,12,Master,0
5463,Data Analyst,Enterprise,Retail,UK,Onsite,Mid,11,Bachelor,0
5464,Business Analyst,Medium,E-commerce,India,Onsite,Senior,10,Bachelor,1
5465,Data Engineer,Startup,Healthcare,Singapore,Hybrid,Entry,7,Bachelor,1
5466,Data Analyst,Medium,Retail,Germany,Hybrid,Entry,10,Bachelor,1
5467,AI Engineer,Startup,Healthcare,Singapore,Onsite,Mid,13,Master,1
5468,Business Analyst,Medium,Retail,Australia,Onsite,Senior,13,Master,0
5469,AI Engineer,Medium,Education,Singapore,Hybrid,Entry,14,PhD,1
5470,AI Engineer,Medium,Retail,Canada,Onsite,Senior,5,Bachelor,1
5471,Machine Learning Engineer,Medium,Technology,Canada,Hybrid,Senior,11,Master,0
5472,Data Engineer,Startup,Education,Canada,Remote,Mid,5,Master,1
5473,Data Analyst,MNC,Education,Canada,Remote,Entry,14,Bachelor,0
5474,Data Scientist,Startup,Finance,Australia,Remote,Entry,8,PhD,0
5475,Data Scientist,MNC,Technology,Singapore,Remote,Entry,9,PhD,0
5476,Business Analyst,Medium,Retail,Australia,Hybrid,Senior,9,Master,0
5477,AI Engineer,Enterprise,Finance,UK,Hybrid,Senior,1,Master,1
5478,Business Analyst,Startup,Finance,Germany,Hybrid,Senior,1,PhD,0
5479,AI Engineer,Medium,Retail,Germany,Remote,Senior,0,PhD,1
5480,Business Analyst,Startup,Technology,Australia,Hybrid,Entry,6,PhD,1
5481,Machine Learning Engineer,Medium,E-commerce,UK,Onsite,Entry,3,PhD,0
5482,Data Engineer,MNC,Healthcare,USA,Onsite,Mid,12,Master,1
5483,Business Analyst,Startup,Finance,Australia,Onsite,Entry,4,Bachelor,1
5484,Business Analyst,Startup,Technology,USA,Remote,Senior,13,Bachelor,0
5485,Data Engineer,Enterprise,Healthcare,Germany,Remote,Mid,2,Bachelor,0
5486,Data Engineer,Startup,Education,Singapore,Hybrid,Senior,8,Bachelor,0
5487,Data Engineer,Medium,Technology,UK,Onsite,Entry,3,Bachelor,0
5488,Data Engineer,Medium,Technology,UK,Remote,Entry,6,Master,1
5489,Data Analyst,MNC,Technology,Singapore,Remote,Entry,1,Master,0
5490,Data Scientist,MNC,Education,USA,Hybrid,Senior,4,PhD,0
5491,Data Engineer,Startup,E-commerce,Australia,Hybrid,Entry,8,PhD,0
5492,AI Engineer,Enterprise,Finance,USA,Remote,Senior,5,PhD,0
5493,AI Engineer,Enterprise,Retail,Singapore,Hybrid,Senior,5,Master,0
5494,Data Scientist,MNC,E-commerce,Singapore,Onsite,Mid,5,Master,1
5495,Data Analyst,Medium,E-commerce,Germany,Onsite,Mid,4,Bachelor,0
5496,AI Engineer,MNC,Education,USA,Onsite,Mid,9,Bachelor,1
5497,Data Scientist,Startup,Healthcare,Canada,Remote,Entry,14,PhD,0
5498,AI Engineer,MNC,Technology,UK,Onsite,Mid,1,Master,1
5499,Data Scientist,Startup,Education,India,Remote,Entry,7,Bachelor,0
5500,Data Analyst,MNC,Finance,Canada,Hybrid,Senior,1,Bachelor,1
5501,Data Engineer,Medium,E-commerce,USA,Remote,Senior,3,PhD,0
5502,Machine Learning Engineer,Medium,Retail,Australia,Hybrid,Senior,7,Bachelor,0
5503,Data Analyst,MNC,Healthcare,Australia,Hybrid,Mid,2,Bachelor,1
5504,Business Analyst,Medium,E-commerce,Germany,Hybrid,Entry,0,Bachelor,1
5505,Data Engineer,MNC,E-commerce,Australia,Onsite,Senior,5,Bachelor,0
5506,Data Engineer,Medium,Retail,Germany,Onsite,Mid,12,Bachelor,1
5507,Data Analyst,Medium,Retail,India,Onsite,Senior,4,Master,1
5508,Data Analyst,Startup,Healthcare,Canada,Hybrid,Mid,7,Master,0
5509,Data Analyst,Startup,Retail,Australia,Hybrid,Senior,14,PhD,0
5510,Machine Learning Engineer,Startup,Healthcare,UK,Onsite,Entry,12,PhD,0
5511,AI Engineer,Enterprise,Finance,Germany,Onsite,Senior,7,PhD,0
5512,Business Analyst,Startup,E-commerce,Canada,Remote,Mid,4,Bachelor,0
5513,Data Engineer,Enterprise,Retail,Australia,Hybrid,Mid,10,Bachelor,0
5514,Data Analyst,Medium,Finance,Canada,Onsite,Entry,5,Master,0
5515,Data Analyst,Enterprise,E-commerce,USA,Hybrid,Senior,13,Bachelor,0
5516,AI Engineer,Enterprise,Technology,USA,Remote,Entry,12,Master,0
5517,Machine Learning Engineer,Medium,Finance,UK,Remote,Mid,5,Master,0
5518,Data Engineer,Startup,Retail,USA,Hybrid,Mid,3,PhD,0
5519,Machine Learning Engineer,MNC,E-commerce,Canada,Onsite,Mid,14,Master,1
5520,Data Analyst,MNC,Technology,Canada,Hybrid,Senior,5,Bachelor,1
5521,Data Scientist,Enterprise,Education,USA,Remote,Entry,10,PhD,1
5522,Machine Learning Engineer,Enterprise,Finance,Canada,Hybrid,Mid,11,Bachelor,0
5523,Data Engineer,Medium,E-commerce,USA,Hybrid,Entry,5,Bachelor,0
5524,Machine Learning Engineer,MNC,Retail,Singapore,Hybrid,Mid,0,Bachelor,1
5525,Data Scientist,Enterprise,E-commerce,UK,Remote,Entry,2,PhD,1
5526,Machine Learning Engineer,Medium,Healthcare,Singapore,Onsite,Entry,13,Master,0
5527,Data Scientist,Enterprise,Education,India,Remote,Mid,5,Bachelor,0
5528,Data Scientist,Medium,E-commerce,India,Hybrid,Senior,0,Bachelor,1
5529,AI Engineer,Enterprise,Healthcare,USA,Onsite,Mid,4,PhD,0
5530,Machine Learning Engineer,Startup,Technology,Australia,Onsite,Entry,7,Master,0
5531,AI Engineer,MNC,Healthcare,Australia,Remote,Mid,11,PhD,0
5532,Business Analyst,Enterprise,Finance,Singapore,Onsite,Mid,13,Master,0
5533,AI Engineer,Medium,Healthcare,Germany,Onsite,Senior,0,PhD,0
5534,Data Engineer,MNC,Technology,USA,Onsite,Entry,14,PhD,0
5535,Data Engineer,Startup,E-commerce,India,Onsite,Senior,4,Bachelor,0
5536,Data Engineer,Startup,Finance,India,Hybrid,Entry,5,PhD,0
5537,Data Engineer,Enterprise,E-commerce,Canada,Onsite,Senior,11,PhD,1
5538,Data Scientist,Startup,Healthcare,UK,Remote,Entry,10,PhD,0
5539,Machine Learning Engineer,MNC,Healthcare,Singapore,Onsite,Senior,12,PhD,1
5540,Data Engineer,Startup,Finance,India,Hybrid,Entry,11,Bachelor,1
5541,Data Analyst,Startup,Finance,UK,Hybrid,Mid,3,Bachelor,1
5542,AI Engineer,Enterprise,Education,USA,Hybrid,Senior,14,PhD,0
5543,Business Analyst,Startup,Finance,Australia,Onsite,Entry,6,Bachelor,1
5544,Data Engineer,Startup,Technology,Australia,Hybrid,Entry,6,Bachelor,0
5545,Data Analyst,MNC,Technology,Australia,Remote,Mid,14,PhD,1
5546,Business Analyst,MNC,Healthcare,Australia,Onsite,Senior,10,Master,1
5547,Data Analyst,MNC,Education,Australia,Remote,Entry,11,PhD,1
5548,Business Analyst,Medium,Education,Australia,Onsite,Mid,11,Master,1
5549,Business Analyst,Enterprise,E-commerce,Germany,Hybrid,Mid,0,Master,0
5550,Data Analyst,Startup,Finance,Australia,Remote,Entry,4,Master,0
5551,Machine Learning Engineer,MNC,Healthcare,USA,Onsite,Mid,10,PhD,1
5552,Data Scientist,Startup,Finance,Singapore,Remote,Entry,4,Bachelor,0
5553,AI Engineer,Startup,Retail,Australia,Hybrid,Mid,0,PhD,1
5554,Data Engineer,MNC,Finance,India,Remote,Mid,11,PhD,0
5555,Data Scientist,Enterprise,Healthcare,Canada,Onsite,Senior,5,PhD,1
5556,AI Engineer,Startup,Finance,USA,Onsite,Entry,12,Master,1
5557,Data Analyst,Startup,E-commerce,USA,Remote,Mid,13,Bachelor,0
5558,Data Scientist,Enterprise,Education,USA,Hybrid,Mid,10,Master,1
5559,Machine Learning Engineer,Startup,Healthcare,Australia,Onsite,Mid,1,PhD,0
5560,Machine Learning Engineer,Enterprise,Finance,Australia,Remote,Mid,5,Bachelor,1
5561,Data Engineer,Enterprise,Finance,Australia,Hybrid,Entry,4,Bachelor,0
5562,Data Scientist,Enterprise,Education,USA,Remote,Entry,4,Bachelor,1
5563,Data Analyst,MNC,Retail,Germany,Onsite,Mid,0,PhD,1
5564,Business Analyst,Medium,Healthcare,Canada,Hybrid,Senior,14,PhD,1
5565,Machine Learning Engineer,Medium,Finance,USA,Hybrid,Senior,10,PhD,1
5566,Data Scientist,Startup,Retail,USA,Onsite,Entry,7,Master,1
5567,AI Engineer,MNC,Healthcare,India,Hybrid,Senior,13,PhD,0
5568,Business Analyst,MNC,E-commerce,Germany,Onsite,Senior,0,Bachelor,0
5569,Data Scientist,Startup,E-commerce,Singapore,Onsite,Senior,14,PhD,1
5570,AI Engineer,Startup,Retail,UK,Hybrid,Senior,2,Master,1
5571,Machine Learning Engineer,Startup,E-commerce,Australia,Hybrid,Mid,9,Bachelor,1
5572,Data Engineer,Enterprise,Retail,UK,Onsite,Entry,9,PhD,1
5573,Data Scientist,MNC,Technology,Germany,Remote,Senior,12,Bachelor,1
5574,Data Scientist,Enterprise,Education,Australia,Remote,Senior,4,Master,0
5575,Data Engineer,Medium,Healthcare,India,Onsite,Mid,0,Bachelor,1
5576,Business Analyst,Startup,Retail,Australia,Remote,Senior,2,Bachelor,0
5577,Machine Learning Engineer,MNC,Retail,Singapore,Remote,Mid,5,Bachelor,1
5578,AI Engineer,Startup,Education,UK,Hybrid,Senior,11,PhD,0
5579,AI Engineer,Startup,Education,Germany,Hybrid,Entry,9,Bachelor,1
5580,Machine Learning Engineer,Enterprise,Technology,Germany,Onsite,Entry,5,Master,0
5581,AI Engineer,Enterprise,Technology,USA,Hybrid,Mid,5,Master,0
5582,Data Scientist,Medium,Retail,Singapore,Remote,Senior,6,Master,0
5583,Data Engineer,Startup,E-commerce,USA,Onsite,Senior,1,Bachelor,1
5584,Data Analyst,MNC,Healthcare,USA,Hybrid,Mid,7,PhD,1
5585,Machine Learning Engineer,Startup,E-commerce,Singapore,Onsite,Senior,6,PhD,0
5586,Machine Learning Engineer,Medium,Retail,India,Hybrid,Senior,13,Bachelor,1
5587,Business Analyst,MNC,Healthcare,Canada,Hybrid,Senior,1,PhD,0
5588,AI Engineer,Enterprise,Finance,UK,Remote,Entry,12,Bachelor,1
5589,Business Analyst,MNC,E-commerce,India,Hybrid,Senior,12,Bachelor,0
5590,Data Scientist,Startup,Education,India,Remote,Senior,13,PhD,0
5591,AI Engineer,MNC,Finance,Canada,Remote,Mid,7,PhD,1
5592,Machine Learning Engineer,Enterprise,Technology,Germany,Onsite,Senior,11,PhD,0
5593,Business Analyst,Medium,Healthcare,UK,Onsite,Mid,13,PhD,0
5594,Data Scientist,Startup,Education,USA,Remote,Senior,3,PhD,0
5595,Data Analyst,Startup,Technology,UK,Hybrid,Mid,6,Bachelor,0
5596,Data Analyst,Startup,E-commerce,UK,Onsite,Entry,3,Master,0
5597,Data Engineer,Medium,Healthcare,Singapore,Remote,Entry,8,Bachelor,1
5598,Business Analyst,Medium,Retail,Australia,Hybrid,Mid,13,PhD,0
5599,Business Analyst,MNC,Retail,USA,Hybrid,Mid,2,Master,1
5600,Business Analyst,Startup,E-commerce,Australia,Remote,Entry,9,PhD,0
5601,Machine Learning Engineer,MNC,Finance,Canada,Hybrid,Senior,11,PhD,0
5602,Data Analyst,Startup,Healthcare,India,Onsite,Senior,4,PhD,1
5603,AI Engineer,Startup,Education,India,Remote,Entry,11,Master,0
5604,Machine Learning Engineer,Startup,Technology,Singapore,Onsite,Senior,5,Bachelor,0
5605,Data Engineer,MNC,E-commerce,UK,Hybrid,Entry,10,Bachelor,1
5606,Data Analyst,MNC,Finance,India,Remote,Mid,5,PhD,0
5607,Machine Learning Engineer,Startup,Finance,Singapore,Hybrid,Senior,6,PhD,1
5608,Data Engineer,Medium,Retail,India,Onsite,Entry,5,PhD,0
5609,Business Analyst,MNC,Healthcare,India,Onsite,Entry,8,Master,1
5610,Machine Learning Engineer,Startup,Education,UK,Remote,Entry,7,PhD,1
5611,Machine Learning Engineer,Medium,Retail,Singapore,Hybrid,Senior,2,Bachelor,0
5612,Data Analyst,Enterprise,E-commerce,Germany,Remote,Senior,4,PhD,0
5613,Data Analyst,Startup,Finance,Germany,Hybrid,Mid,4,Bachelor,0
5614,Data Scientist,Enterprise,Healthcare,UK,Remote,Senior,12,Bachelor,1
5615,Business Analyst,Enterprise,Retail,Singapore,Hybrid,Senior,5,PhD,1
5616,Data Analyst,Enterprise,Retail,Canada,Hybrid,Mid,8,PhD,1
5617,Machine Learning Engineer,MNC,Retail,Singapore,Onsite,Senior,0,Master,1
5618,AI Engineer,Startup,Retail,Canada,Onsite,Entry,5,Master,1
5619,Data Engineer,MNC,Finance,Canada,Remote,Mid,9,Master,1
5620,Business Analyst,Startup,Technology,USA,Remote,Mid,9,Master,1
5621,Data Engineer,Startup,Education,Germany,Hybrid,Mid,6,Master,0
5622,AI Engineer,Enterprise,E-commerce,Canada,Onsite,Mid,14,Bachelor,0
5623,Data Analyst,Enterprise,Finance,Canada,Remote,Mid,2,Bachelor,0
5624,Data Engineer,Medium,Education,Canada,Remote,Senior,2,PhD,0
5625,Data Analyst,Enterprise,Finance,Germany,Remote,Mid,5,Bachelor,1
5626,Data Scientist,Startup,E-commerce,Germany,Onsite,Entry,0,Bachelor,1
5627,AI Engineer,Startup,Healthcare,Canada,Remote,Senior,4,Master,0
5628,Business Analyst,Medium,Technology,USA,Onsite,Senior,8,PhD,1
5629,Data Scientist,Startup,Technology,Canada,Onsite,Entry,4,PhD,1
5630,Data Engineer,Enterprise,Healthcare,India,Onsite,Entry,5,PhD,0
5631,Data Analyst,Medium,E-commerce,India,Remote,Mid,9,Bachelor,0
5632,Machine Learning Engineer,Enterprise,E-commerce,Canada,Hybrid,Mid,2,PhD,1
5633,Data Engineer,Medium,Technology,India,Onsite,Entry,3,Master,1
5634,Data Engineer,MNC,Healthcare,UK,Onsite,Entry,3,Master,1
5635,Machine Learning Engineer,Startup,E-commerce,USA,Hybrid,Mid,13,Master,1
5636,Data Engineer,Enterprise,Retail,Canada,Onsite,Entry,9,Master,0
5637,Business Analyst,Startup,Retail,USA,Hybrid,Senior,14,Master,0
5638,AI Engineer,Enterprise,Retail,Canada,Remote,Senior,10,Bachelor,1
5639,Business Analyst,Medium,Finance,Australia,Onsite,Entry,13,Master,1
5640,Business Analyst,Startup,Retail,Australia,Remote,Senior,3,Master,0
5641,Data Scientist,MNC,Technology,Germany,Hybrid,Senior,13,PhD,0
5642,AI Engineer,Medium,E-commerce,USA,Remote,Senior,0,PhD,0
5643,Data Scientist,Medium,E-commerce,Australia,Remote,Senior,0,Bachelor,1
5644,Data Engineer,Startup,Healthcare,Germany,Hybrid,Entry,5,Master,0
5645,Machine Learning Engineer,Startup,Technology,India,Hybrid,Senior,11,PhD,0
5646,Data Analyst,MNC,Healthcare,Singapore,Hybrid,Entry,3,Master,1
5647,Data Analyst,Enterprise,Retail,Singapore,Onsite,Senior,5,Master,1
5648,Data Analyst,Medium,Healthcare,UK,Hybrid,Mid,1,PhD,0
5649,Data Engineer,Enterprise,Technology,India,Hybrid,Senior,6,Bachelor,0
5650,AI Engineer,Medium,Technology,UK,Hybrid,Entry,8,Bachelor,0
5651,Data Engineer,MNC,Retail,Germany,Remote,Entry,10,PhD,1
5652,Data Analyst,Medium,Retail,Canada,Onsite,Senior,4,Bachelor,0
5653,Data Scientist,Startup,Finance,Canada,Onsite,Mid,6,Master,1
5654,Data Analyst,Startup,Retail,Germany,Remote,Entry,3,Bachelor,0
5655,Data Analyst,MNC,E-commerce,India,Hybrid,Senior,7,PhD,1
5656,Data Scientist,MNC,Finance,UK,Hybrid,Senior,14,Bachelor,1
5657,Data Engineer,Startup,Healthcare,Canada,Remote,Mid,7,PhD,1
5658,Business Analyst,Startup,Technology,Singapore,Remote,Mid,9,PhD,0
5659,AI Engineer,Startup,Technology,UK,Onsite,Entry,6,PhD,0
5660,Machine Learning Engineer,Enterprise,Retail,Canada,Hybrid,Entry,5,PhD,1
5661,Machine Learning Engineer,MNC,Education,Singapore,Remote,Entry,8,PhD,1
5662,Data Scientist,Enterprise,E-commerce,Australia,Onsite,Senior,1,PhD,0
5663,Business Analyst,Startup,Retail,Canada,Onsite,Mid,13,Master,0
5664,AI Engineer,Medium,Healthcare,Canada,Hybrid,Senior,0,PhD,1
5665,Business Analyst,Enterprise,Technology,Singapore,Onsite,Entry,2,PhD,1
5666,Business Analyst,Enterprise,Healthcare,USA,Onsite,Senior,0,Bachelor,0
5667,Machine Learning Engineer,Startup,Retail,Canada,Remote,Senior,0,PhD,0
5668,Data Analyst,Enterprise,Healthcare,Germany,Remote,Entry,11,Master,0
5669,Data Analyst,Medium,E-commerce,India,Remote,Senior,7,Bachelor,1
5670,AI Engineer,Startup,E-commerce,Germany,Onsite,Mid,5,Master,1
5671,Data Engineer,Startup,Technology,Germany,Remote,Mid,10,PhD,0
5672,Data Analyst,Enterprise,Technology,India,Onsite,Senior,9,Master,1
5673,Data Engineer,MNC,Technology,USA,Onsite,Entry,1,Bachelor,0
5674,Data Analyst,Enterprise,Education,Germany,Hybrid,Entry,10,Bachelor,1
5675,Data Engineer,MNC,Finance,Singapore,Onsite,Mid,8,Master,0
5676,Data Analyst,Medium,Retail,Canada,Onsite,Entry,8,Master,1
5677,AI Engineer,MNC,Healthcare,Germany,Onsite,Senior,1,Master,0
5678,Data Scientist,Startup,Technology,USA,Hybrid,Entry,7,Master,1
5679,Machine Learning Engineer,Startup,Healthcare,Canada,Remote,Entry,5,Master,1
5680,Machine Learning Engineer,Enterprise,Technology,USA,Onsite,Entry,0,Master,1
5681,Business Analyst,MNC,E-commerce,India,Hybrid,Mid,4,Master,1
5682,Data Engineer,Medium,Finance,Australia,Remote,Senior,7,Bachelor,0
5683,Machine Learning Engineer,MNC,Healthcare,Singapore,Remote,Senior,3,Bachelor,0
5684,Data Analyst,Startup,Finance,UK,Onsite,Mid,1,PhD,1
5685,Data Scientist,MNC,E-commerce,UK,Remote,Mid,10,Bachelor,1
5686,AI Engineer,Enterprise,Retail,USA,Onsite,Senior,6,Bachelor,0
5687,Machine Learning Engineer,Startup,Education,USA,Onsite,Mid,11,Master,0
5688,AI Engineer,Medium,Finance,Singapore,Remote,Senior,11,Master,0
5689,Data Engineer,Medium,Technology,UK,Hybrid,Mid,8,Master,0
5690,Data Engineer,Medium,Healthcare,India,Remote,Senior,13,Master,1
5691,Data Engineer,Medium,Retail,USA,Onsite,Entry,7,Bachelor,1
5692,Data Engineer,Enterprise,Healthcare,Singapore,Onsite,Senior,12,PhD,0
5693,Data Analyst,Enterprise,Retail,Australia,Hybrid,Senior,0,PhD,0
5694,Business Analyst,Startup,Healthcare,Singapore,Hybrid,Mid,3,PhD,0
5695,Machine Learning Engineer,MNC,Finance,UK,Remote,Entry,14,Master,0
5696,Data Analyst,Medium,Education,UK,Onsite,Senior,10,PhD,1
5697,Machine Learning Engineer,MNC,Healthcare,Singapore,Onsite,Senior,12,Bachelor,1
5698,Data Engineer,Enterprise,Finance,Germany,Remote,Entry,6,Master,0
5699,Machine Learning Engineer,Enterprise,Healthcare,Australia,Remote,Entry,0,Master,0
5700,Data Scientist,MNC,Technology,Australia,Hybrid,Mid,13,Bachelor,1
5701,AI Engineer,Medium,E-commerce,India,Hybrid,Mid,4,Master,0
5702,Machine Learning Engineer,Enterprise,Finance,Germany,Remote,Entry,6,PhD,1
5703,AI Engineer,Startup,Finance,Germany,Remote,Senior,6,Master,1
5704,AI Engineer,Medium,Healthcare,India,Onsite,Mid,14,Master,0
5705,Data Analyst,Medium,Finance,Canada,Onsite,Senior,12,Bachelor,1
5706,Machine Learning Engineer,Medium,E-commerce,Germany,Remote,Entry,7,Master,0
5707,Data Analyst,MNC,Retail,Canada,Remote,Senior,3,Master,0
5708,Machine Learning Engineer,Startup,Education,Australia,Remote,Entry,6,Bachelor,1
5709,AI Engineer,Enterprise,E-commerce,India,Onsite,Entry,1,Master,0
5710,Data Engineer,MNC,Technology,India,Hybrid,Mid,0,PhD,0
5711,AI Engineer,Startup,E-commerce,Singapore,Remote,Mid,12,Master,1
5712,AI Engineer,MNC,Retail,Australia,Hybrid,Mid,7,Master,0
5713,Data Scientist,Medium,Retail,India,Hybrid,Mid,12,Bachelor,0
5714,Data Engineer,Startup,Technology,Australia,Onsite,Senior,1,Bachelor,0
5715,AI Engineer,Startup,Technology,Australia,Remote,Entry,3,Master,1
5716,Data Engineer,Enterprise,Finance,Singapore,Onsite,Senior,7,Master,0
5717,Business Analyst,MNC,Healthcare,India,Hybrid,Senior,7,Master,0
5718,Data Analyst,Startup,Technology,Canada,Onsite,Entry,2,Bachelor,0
5719,Machine Learning Engineer,Medium,Technology,UK,Remote,Entry,5,PhD,0
5720,AI Engineer,Enterprise,Education,UK,Onsite,Entry,11,PhD,1
5721,Business Analyst,Enterprise,Education,USA,Remote,Mid,11,Master,1
5722,Data Engineer,Startup,Finance,USA,Remote,Mid,13,PhD,1
5723,Business Analyst,MNC,Retail,UK,Hybrid,Senior,5,PhD,0
5724,Data Engineer,MNC,Finance,Singapore,Onsite,Senior,11,Bachelor,0
5725,Business Analyst,Enterprise,Technology,USA,Onsite,Entry,0,PhD,0
5726,AI Engineer,Startup,Healthcare,Germany,Remote,Mid,10,PhD,1
5727,Data Scientist,Startup,Technology,Canada,Onsite,Mid,14,Bachelor,0
5728,Machine Learning Engineer,Medium,E-commerce,Australia,Hybrid,Senior,4,Master,0
5729,Business Analyst,Startup,Finance,Singapore,Onsite,Entry,8,PhD,1
5730,Machine Learning Engineer,Medium,Education,Germany,Remote,Mid,9,Bachelor,1
5731,Data Engineer,MNC,E-commerce,UK,Remote,Entry,12,Bachelor,0
5732,Business Analyst,MNC,Healthcare,Germany,Remote,Entry,12,Bachelor,0
5733,Machine Learning Engineer,Enterprise,Technology,Australia,Hybrid,Senior,6,Master,0
5734,Data Engineer,Medium,E-commerce,Germany,Onsite,Senior,6,Master,0
5735,Data Scientist,MNC,E-commerce,Singapore,Remote,Entry,3,Master,0
5736,AI Engineer,Medium,Technology,Australia,Hybrid,Entry,13,PhD,0
5737,Business Analyst,Medium,Retail,Canada,Remote,Entry,7,Bachelor,1
5738,Business Analyst,Enterprise,Healthcare,Canada,Hybrid,Entry,11,PhD,1
5739,Data Analyst,Enterprise,Technology,Germany,Hybrid,Senior,5,PhD,0
5740,AI Engineer,Startup,Finance,Australia,Hybrid,Entry,6,Bachelor,0
5741,AI Engineer,MNC,Education,UK,Remote,Entry,3,Master,0
5742,Data Engineer,Enterprise,Education,Canada,Onsite,Mid,2,Master,1
5743,AI Engineer,Enterprise,E-commerce,Canada,Hybrid,Mid,1,Master,1
5744,AI Engineer,Enterprise,E-commerce,Singapore,Onsite,Senior,5,PhD,1
5745,Data Scientist,Medium,Healthcare,Germany,Remote,Mid,4,Bachelor,1
5746,Business Analyst,Enterprise,Education,Canada,Hybrid,Entry,9,PhD,1
5747,Data Analyst,Startup,E-commerce,Germany,Hybrid,Entry,7,Bachelor,1
5748,Data Scientist,Enterprise,Finance,UK,Remote,Senior,6,PhD,1
5749,Business Analyst,MNC,Healthcare,Singapore,Onsite,Senior,11,Master,0
5750,Machine Learning Engineer,Enterprise,E-commerce,UK,Hybrid,Mid,9,Master,0
5751,Data Analyst,Startup,Finance,Australia,Hybrid,Senior,4,PhD,0
5752,Data Scientist,Medium,E-commerce,India,Hybrid,Senior,14,PhD,1
5753,Data Scientist,MNC,Technology,Canada,Onsite,Mid,14,Master,0
5754,AI Engineer,Startup,Finance,UK,Hybrid,Entry,7,Bachelor,1
5755,AI Engineer,MNC,Healthcare,Germany,Onsite,Entry,2,Master,0
5756,Data Engineer,Enterprise,Education,Australia,Onsite,Entry,9,Master,1
5757,Data Analyst,Medium,Education,Australia,Hybrid,Mid,12,Bachelor,1
5758,Data Scientist,Startup,Retail,Singapore,Remote,Senior,10,Bachelor,0
5759,Machine Learning Engineer,MNC,E-commerce,Singapore,Hybrid,Mid,2,PhD,0
5760,Data Engineer,MNC,Healthcare,USA,Hybrid,Senior,4,Master,1
5761,Data Analyst,Medium,Education,India,Onsite,Entry,7,Bachelor,1
5762,Business Analyst,Enterprise,E-commerce,USA,Remote,Mid,0,PhD,0
5763,Business Analyst,Medium,Technology,UK,Onsite,Entry,13,Bachelor,0
5764,Data Engineer,Medium,Retail,Singapore,Onsite,Mid,3,Master,1
5765,Data Engineer,Medium,Retail,Australia,Remote,Mid,9,Master,0
5766,Machine Learning Engineer,Enterprise,Retail,India,Remote,Senior,12,Bachelor,0
5767,Data Analyst,Medium,Retail,UK,Remote,Senior,7,Bachelor,0
5768,Business Analyst,MNC,Healthcare,Singapore,Remote,Entry,5,Master,1
5769,Business Analyst,Enterprise,Finance,India,Remote,Entry,6,PhD,1
5770,Data Engineer,Enterprise,Education,India,Onsite,Mid,12,PhD,0
5771,Data Engineer,Medium,Education,UK,Onsite,Mid,8,PhD,1
5772,AI Engineer,Enterprise,E-commerce,Singapore,Hybrid,Senior,4,Bachelor,0
5773,Data Scientist,Enterprise,Healthcare,Canada,Hybrid,Entry,0,PhD,0
5774,Data Analyst,MNC,Technology,Germany,Remote,Mid,3,Bachelor,0
5775,Data Engineer,Medium,Healthcare,Germany,Onsite,Mid,12,Bachelor,1
5776,Business Analyst,MNC,Education,Singapore,Remote,Entry,10,Master,0
5777,Machine Learning Engineer,Enterprise,Healthcare,USA,Remote,Senior,2,Master,1
5778,Data Analyst,Enterprise,Finance,UK,Hybrid,Mid,13,Master,1
5779,Data Engineer,Enterprise,Healthcare,Germany,Remote,Mid,8,PhD,0
5780,Data Scientist,Startup,Education,India,Onsite,Senior,14,PhD,1
5781,AI Engineer,MNC,E-commerce,Canada,Hybrid,Senior,6,Master,1
5782,Data Scientist,MNC,E-commerce,Canada,Hybrid,Mid,2,Master,0
5783,Data Engineer,Medium,Healthcare,USA,Hybrid,Entry,3,PhD,0
5784,Data Analyst,Startup,Technology,Singapore,Remote,Entry,6,Master,0
5785,Business Analyst,Enterprise,Healthcare,Singapore,Onsite,Mid,0,PhD,0
5786,Machine Learning Engineer,MNC,Healthcare,Canada,Onsite,Entry,10,Master,0
5787,Business Analyst,Startup,E-commerce,UK,Onsite,Senior,1,Bachelor,1
5788,AI Engineer,Medium,Education,Germany,Remote,Mid,10,Bachelor,0
5789,Data Engineer,Enterprise,Technology,Singapore,Hybrid,Senior,14,Master,1
5790,Machine Learning Engineer,Medium,Technology,India,Remote,Entry,3,PhD,0
5791,Data Engineer,MNC,E-commerce,Germany,Remote,Senior,2,Master,0
5792,Business Analyst,Startup,E-commerce,Australia,Remote,Senior,14,Master,1
5793,Data Analyst,Startup,Technology,USA,Hybrid,Senior,5,Bachelor,1
5794,Data Engineer,Startup,Healthcare,India,Onsite,Entry,1,Master,0
5795,Machine Learning Engineer,MNC,E-commerce,Australia,Hybrid,Entry,5,Master,1
5796,Data Scientist,MNC,Education,UK,Hybrid,Senior,5,Bachelor,0
5797,AI Engineer,Startup,Technology,India,Onsite,Senior,5,PhD,1
5798,Data Engineer,Enterprise,Technology,Singapore,Onsite,Senior,6,Master,1
5799,Machine Learning Engineer,Medium,E-commerce,Germany,Onsite,Senior,5,Master,0
5800,Machine Learning Engineer,Startup,Technology,UK,Hybrid,Entry,14,Bachelor,0
5801,AI Engineer,Medium,E-commerce,Singapore,Hybrid,Entry,13,Bachelor,0
5802,Data Engineer,MNC,E-commerce,UK,Remote,Entry,7,Master,0
5803,Data Scientist,Medium,Education,Germany,Hybrid,Mid,7,Bachelor,0
5804,Data Engineer,Enterprise,E-commerce,USA,Onsite,Senior,12,Bachelor,1
5805,Data Scientist,Medium,E-commerce,Australia,Hybrid,Mid,0,Bachelor,1
5806,AI Engineer,Enterprise,Retail,India,Remote,Senior,10,Bachelor,0
5807,Data Scientist,MNC,Retail,Singapore,Onsite,Senior,9,PhD,1
5808,AI Engineer,Medium,Healthcare,Germany,Onsite,Senior,9,Master,1
5809,Machine Learning Engineer,Medium,E-commerce,Singapore,Hybrid,Entry,12,PhD,1
5810,Data Engineer,MNC,Retail,UK,Remote,Mid,9,Bachelor,1
5811,Data Scientist,MNC,Healthcare,Australia,Remote,Mid,1,Bachelor,0
5812,Data Analyst,MNC,Retail,Canada,Remote,Mid,13,Master,0
5813,Machine Learning Engineer,MNC,Education,India,Hybrid,Mid,6,PhD,1
5814,Data Engineer,MNC,Finance,UK,Hybrid,Entry,2,Bachelor,1
5815,Data Analyst,MNC,Education,Australia,Hybrid,Mid,5,PhD,1
5816,Machine Learning Engineer,Startup,Education,UK,Remote,Entry,8,PhD,1
5817,Data Analyst,MNC,Technology,USA,Onsite,Mid,5,Master,0
5818,Machine Learning Engineer,Enterprise,E-commerce,USA,Hybrid,Senior,1,PhD,1
5819,Business Analyst,Enterprise,E-commerce,UK,Hybrid,Entry,12,Bachelor,1
5820,Business Analyst,Enterprise,Retail,Australia,Onsite,Senior,4,PhD,0
5821,Data Analyst,MNC,Healthcare,USA,Onsite,Mid,4,Master,1
5822,Data Engineer,Startup,E-commerce,UK,Hybrid,Entry,7,PhD,0
5823,AI Engineer,Enterprise,E-commerce,India,Remote,Mid,0,PhD,0
5824,Data Engineer,Medium,Finance,Australia,Hybrid,Entry,6,Master,0
5825,Machine Learning Engineer,Enterprise,Retail,India,Remote,Mid,4,Master,1
5826,Data Scientist,Startup,Finance,Australia,Remote,Senior,6,Bachelor,1
5827,Data Analyst,MNC,Technology,Australia,Onsite,Senior,8,Master,1
5828,Data Analyst,Startup,Retail,India,Hybrid,Senior,7,Master,0
5829,AI Engineer,Medium,Retail,Australia,Remote,Senior,1,Bachelor,1
5830,AI Engineer,Medium,Technology,Canada,Hybrid,Mid,6,Bachelor,0
5831,Business Analyst,Medium,Retail,USA,Hybrid,Entry,10,Master,0
5832,Machine Learning Engineer,Medium,Healthcare,India,Onsite,Entry,14,PhD,1
5833,AI Engineer,Startup,Finance,UK,Remote,Mid,10,Bachelor,1
5834,Machine Learning Engineer,MNC,Technology,USA,Hybrid,Senior,13,PhD,1
5835,Business Analyst,Medium,E-commerce,USA,Onsite,Entry,14,Bachelor,0
5836,Data Scientist,Medium,Education,Germany,Hybrid,Senior,0,PhD,1
5837,Business Analyst,MNC,Technology,USA,Onsite,Mid,12,PhD,1
5838,AI Engineer,Startup,Finance,India,Hybrid,Entry,6,Bachelor,1
5839,Machine Learning Engineer,Startup,E-commerce,Singapore,Hybrid,Senior,12,PhD,0
5840,Data Engineer,Enterprise,Retail,India,Remote,Senior,12,Master,1
5841,AI Engineer,Medium,Education,USA,Hybrid,Senior,3,Bachelor,0
5842,Business Analyst,Startup,Finance,India,Remote,Mid,10,PhD,0
5843,Business Analyst,MNC,Finance,USA,Hybrid,Entry,0,Bachelor,1
5844,Data Scientist,Startup,E-commerce,Australia,Remote,Mid,5,PhD,1
5845,Data Scientist,Startup,Finance,Australia,Remote,Mid,11,Master,0
5846,Business Analyst,Medium,Healthcare,UK,Onsite,Senior,13,Bachelor,0
5847,Business Analyst,MNC,Finance,USA,Remote,Mid,2,PhD,1
5848,Data Analyst,MNC,Finance,UK,Hybrid,Senior,2,Bachelor,1
5849,Data Scientist,Enterprise,Education,USA,Hybrid,Entry,2,Bachelor,1
5850,Business Analyst,Enterprise,Finance,India,Remote,Mid,7,PhD,1
5851,Data Scientist,Enterprise,Technology,UK,Onsite,Entry,1,Bachelor,0
5852,Business Analyst,Medium,E-commerce,Canada,Remote,Mid,0,Bachelor,1
5853,Machine Learning Engineer,Startup,Healthcare,Australia,Onsite,Entry,11,PhD,1
5854,Business Analyst,Enterprise,Finance,Singapore,Onsite,Senior,6,PhD,0
5855,Data Engineer,Medium,Education,Canada,Remote,Entry,14,Bachelor,1
5856,Data Scientist,Enterprise,Technology,India,Hybrid,Senior,8,Bachelor,1
5857,Machine Learning Engineer,Enterprise,Healthcare,Canada,Remote,Mid,5,PhD,1
5858,Data Scientist,MNC,Finance,Singapore,Onsite,Entry,13,Bachelor,0
5859,Data Engineer,MNC,Education,USA,Hybrid,Mid,8,Master,1
5860,Data Scientist,Enterprise,Retail,Canada,Remote,Mid,11,Bachelor,1
5861,Machine Learning Engineer,MNC,Finance,Canada,Hybrid,Mid,1,Master,0
5862,Data Scientist,MNC,E-commerce,Canada,Hybrid,Entry,3,PhD,0
5863,Data Engineer,Enterprise,Healthcare,Canada,Remote,Senior,5,Master,1
5864,Business Analyst,MNC,E-commerce,Australia,Hybrid,Senior,2,Bachelor,0
5865,Data Analyst,MNC,Education,UK,Onsite,Entry,13,Master,1
5866,AI Engineer,Startup,Finance,Germany,Hybrid,Mid,9,Master,0
5867,Business Analyst,Enterprise,E-commerce,USA,Hybrid,Senior,5,PhD,1
5868,Data Scientist,MNC,Technology,India,Remote,Mid,13,Master,1
5869,Data Analyst,Startup,E-commerce,Australia,Remote,Mid,0,PhD,1
5870,Data Engineer,Medium,E-commerce,Germany,Onsite,Senior,5,PhD,1
5871,AI Engineer,Startup,Education,USA,Hybrid,Entry,5,Bachelor,0
5872,Data Analyst,Medium,Finance,India,Remote,Mid,12,PhD,1
5873,AI Engineer,Startup,Retail,Singapore,Hybrid,Mid,10,Master,1
5874,Machine Learning Engineer,Enterprise,Retail,India,Remote,Mid,6,Bachelor,1
5875,Data Analyst,Enterprise,Healthcare,UK,Remote,Senior,7,Master,1
5876,Data Scientist,Startup,Finance,USA,Remote,Senior,3,Bachelor,0
5877,AI Engineer,Startup,E-commerce,Australia,Onsite,Senior,0,PhD,1
5878,AI Engineer,Medium,Technology,India,Onsite,Senior,12,Master,1
5879,Data Scientist,MNC,Finance,Canada,Onsite,Mid,0,Master,1
5880,Data Scientist,MNC,Healthcare,Singapore,Hybrid,Entry,5,PhD,0
5881,Data Scientist,Startup,Education,Singapore,Remote,Mid,7,PhD,0
5882,Data Analyst,MNC,Technology,USA,Remote,Entry,14,Master,0
5883,Business Analyst,MNC,Retail,India,Onsite,Mid,4,Bachelor,0
5884,Business Analyst,MNC,Education,India,Hybrid,Entry,9,Bachelor,0
5885,Data Analyst,Enterprise,Finance,Canada,Remote,Senior,9,Master,0
5886,Data Analyst,Medium,E-commerce,UK,Remote,Senior,5,Master,1
5887,Business Analyst,Startup,E-commerce,USA,Hybrid,Mid,14,Master,0
5888,Data Scientist,Startup,Education,Germany,Remote,Senior,6,PhD,1
5889,Data Engineer,MNC,Healthcare,USA,Onsite,Entry,4,Bachelor,1
5890,Data Scientist,Enterprise,Technology,USA,Remote,Senior,10,Master,1
5891,AI Engineer,MNC,Finance,Germany,Hybrid,Entry,14,PhD,1
5892,Data Scientist,Startup,Healthcare,Germany,Hybrid,Entry,10,Bachelor,1
5893,Data Analyst,Medium,Technology,India,Onsite,Entry,12,Master,1
5894,Machine Learning Engineer,MNC,Technology,India,Onsite,Mid,14,PhD,1
5895,Machine Learning Engineer,Startup,E-commerce,India,Onsite,Mid,11,Bachelor,0
5896,Business Analyst,Medium,Education,India,Hybrid,Mid,13,Bachelor,1
5897,Machine Learning Engineer,Startup,Education,India,Remote,Entry,4,PhD,0
5898,AI Engineer,Startup,Healthcare,Canada,Hybrid,Senior,11,Bachelor,0
5899,Machine Learning Engineer,Medium,Education,UK,Hybrid,Mid,13,Master,1
5900,Business Analyst,Startup,Technology,Singapore,Hybrid,Entry,14,PhD,1
5901,Data Engineer,MNC,Finance,Canada,Hybrid,Senior,1,Master,0
5902,Data Analyst,Startup,Healthcare,UK,Onsite,Senior,11,PhD,0
5903,Data Analyst,MNC,Finance,UK,Remote,Entry,9,PhD,1
5904,Data Scientist,Medium,Retail,Australia,Remote,Entry,10,Master,0
5905,Data Scientist,Startup,Retail,Singapore,Hybrid,Mid,10,Master,0
5906,Machine Learning Engineer,Startup,Finance,Australia,Onsite,Mid,8,Bachelor,0
5907,AI Engineer,Enterprise,E-commerce,Germany,Remote,Mid,12,Master,1
5908,Data Analyst,MNC,Retail,Germany,Remote,Entry,4,Bachelor,0
5909,Data Scientist,Medium,Retail,India,Onsite,Entry,4,Bachelor,0
5910,Data Analyst,Medium,Finance,USA,Remote,Senior,4,PhD,1
5911,Machine Learning Engineer,MNC,E-commerce,Singapore,Onsite,Senior,14,Master,1
5912,AI Engineer,Startup,Healthcare,Singapore,Hybrid,Entry,2,Bachelor,0
5913,Data Engineer,MNC,Retail,Canada,Hybrid,Senior,12,Bachelor,1
5914,Machine Learning Engineer,MNC,Technology,Canada,Hybrid,Senior,0,Bachelor,1
5915,Data Engineer,MNC,Finance,Singapore,Onsite,Entry,7,PhD,1
5916,Data Scientist,Medium,Finance,Singapore,Onsite,Mid,4,Master,1
5917,Business Analyst,Enterprise,Finance,UK,Hybrid,Mid,10,Master,1
5918,Data Engineer,Startup,Retail,USA,Hybrid,Senior,2,Master,1
5919,Machine Learning Engineer,MNC,Technology,India,Remote,Mid,10,Bachelor,1
5920,Data Engineer,MNC,Education,Canada,Hybrid,Senior,5,PhD,0
5921,Data Analyst,Startup,Healthcare,Singapore,Onsite,Senior,2,Bachelor,0
5922,Data Engineer,MNC,Finance,Germany,Hybrid,Mid,13,Master,0
5923,Data Scientist,MNC,Retail,India,Remote,Mid,2,Bachelor,0
5924,Data Scientist,Medium,Education,Australia,Hybrid,Entry,8,PhD,0
5925,Business Analyst,Medium,Retail,UK,Remote,Senior,5,Bachelor,1
5926,Machine Learning Engineer,Enterprise,Retail,UK,Hybrid,Senior,5,Bachelor,1
5927,Data Engineer,Enterprise,Finance,Singapore,Onsite,Mid,8,Bachelor,0
5928,Business Analyst,Startup,Retail,Germany,Hybrid,Senior,11,Master,1
5929,Machine Learning Engineer,Medium,Retail,Canada,Remote,Mid,7,Master,1
5930,Business Analyst,MNC,Technology,Australia,Onsite,Entry,13,Master,0
5931,Business Analyst,MNC,Finance,Germany,Hybrid,Entry,0,Master,0
5932,Data Scientist,Startup,Retail,UK,Onsite,Mid,10,PhD,0
5933,Data Analyst,MNC,Technology,UK,Remote,Mid,2,Bachelor,1
5934,AI Engineer,MNC,E-commerce,India,Remote,Mid,9,Bachelor,0
5935,Data Engineer,Startup,Healthcare,Singapore,Onsite,Entry,1,Bachelor,1
5936,Data Analyst,Startup,Technology,Germany,Hybrid,Entry,3,Bachelor,1
5937,Machine Learning Engineer,Medium,Education,USA,Onsite,Senior,8,Bachelor,0
5938,Data Engineer,Medium,Retail,Singapore,Hybrid,Mid,8,Master,1
5939,Machine Learning Engineer,Medium,Healthcare,Canada,Hybrid,Senior,12,PhD,0
5940,Data Analyst,MNC,Retail,India,Remote,Mid,3,PhD,1
5941,Business Analyst,Enterprise,E-commerce,India,Hybrid,Mid,2,PhD,0
5942,AI Engineer,Startup,Education,Australia,Remote,Mid,9,Bachelor,0
5943,Data Engineer,Medium,Technology,USA,Hybrid,Entry,5,PhD,0
5944,AI Engineer,Enterprise,E-commerce,Singapore,Onsite,Mid,14,Bachelor,1
5945,Data Scientist,Medium,E-commerce,USA,Remote,Entry,3,PhD,0
5946,Business Analyst,MNC,Healthcare,Australia,Remote,Entry,3,Master,1
5947,AI Engineer,Startup,Finance,Canada,Onsite,Senior,3,Bachelor,1
5948,AI Engineer,MNC,Healthcare,Singapore,Remote,Mid,12,Bachelor,1
5949,Data Scientist,Startup,E-commerce,Singapore,Remote,Mid,12,Master,1
5950,Business Analyst,MNC,Finance,Germany,Hybrid,Mid,13,Master,0
5951,Business Analyst,Medium,Technology,UK,Hybrid,Senior,6,Master,1
5952,Data Engineer,Enterprise,Finance,USA,Hybrid,Entry,7,PhD,1
5953,Machine Learning Engineer,MNC,E-commerce,Canada,Remote,Mid,0,Bachelor,0
5954,Data Analyst,Enterprise,Healthcare,USA,Hybrid,Mid,4,Bachelor,1
5955,Data Scientist,MNC,Healthcare,UK,Onsite,Mid,8,Master,0
5956,Machine Learning Engineer,Medium,Finance,UK,Onsite,Senior,13,Master,1
5957,Data Analyst,MNC,E-commerce,UK,Remote,Entry,9,Bachelor,0
5958,Business Analyst,Medium,Healthcare,Germany,Hybrid,Senior,5,Master,1
5959,Machine Learning Engineer,Enterprise,Healthcare,Canada,Hybrid,Entry,14,PhD,1
5960,Business Analyst,Enterprise,Technology,Singapore,Remote,Entry,12,Master,1
5961,Machine Learning Engineer,Medium,Healthcare,Australia,Hybrid,Senior,7,Master,1
5962,Business Analyst,Medium,Retail,Australia,Remote,Entry,10,Master,0
5963,Data Scientist,Medium,Healthcare,India,Hybrid,Entry,6,Master,0
5964,Data Scientist,MNC,Finance,USA,Hybrid,Entry,4,Bachelor,0
5965,AI Engineer,Medium,Technology,USA,Onsite,Mid,5,Master,1
5966,Business Analyst,MNC,Healthcare,India,Remote,Mid,7,Master,1
5967,AI Engineer,Startup,Education,UK,Remote,Senior,6,Bachelor,0
5968,AI Engineer,Enterprise,E-commerce,Australia,Remote,Mid,1,PhD,1
5969,Data Engineer,Enterprise,Finance,Singapore,Hybrid,Mid,1,Bachelor,0
5970,Data Analyst,Startup,Healthcare,India,Hybrid,Entry,6,Master,1
5971,AI Engineer,Enterprise,E-commerce,Australia,Hybrid,Mid,1,PhD,0
5972,Data Analyst,Startup,E-commerce,Singapore,Remote,Mid,11,Master,1
5973,Business Analyst,Startup,Finance,Germany,Onsite,Senior,7,PhD,1
5974,Business Analyst,MNC,Retail,Australia,Onsite,Mid,2,Master,1
5975,Data Engineer,Startup,Education,Canada,Remote,Senior,7,PhD,0
5976,Data Engineer,Startup,Technology,USA,Hybrid,Entry,5,PhD,0
5977,Business Analyst,Medium,Education,Canada,Remote,Mid,12,Bachelor,0
5978,Machine Learning Engineer,Startup,Finance,UK,Onsite,Mid,2,PhD,1
5979,Data Scientist,MNC,E-commerce,Australia,Hybrid,Entry,0,Bachelor,0
5980,Business Analyst,MNC,Technology,Singapore,Hybrid,Senior,9,Bachelor,1
5981,Business Analyst,MNC,Education,USA,Hybrid,Senior,13,Master,1
5982,Data Analyst,MNC,Retail,Singapore,Hybrid,Mid,7,PhD,0
5983,AI Engineer,MNC,E-commerce,USA,Onsite,Senior,8,Master,0
5984,AI Engineer,Startup,Finance,India,Hybrid,Entry,5,PhD,1
5985,AI Engineer,MNC,Finance,USA,Hybrid,Senior,4,Bachelor,1
5986,Data Analyst,MNC,Technology,UK,Onsite,Senior,10,PhD,0
5987,Business Analyst,MNC,Retail,Singapore,Hybrid,Senior,0,Master,1
5988,Data Analyst,Medium,Technology,Australia,Onsite,Entry,6,Bachelor,1
5989,Business Analyst,Medium,E-commerce,Australia,Remote,Entry,7,PhD,1
5990,AI Engineer,Startup,Technology,Australia,Onsite,Entry,1,Bachelor,0
5991,Machine Learning Engineer,Enterprise,Finance,UK,Onsite,Entry,4,Bachelor,0
5992,Data Analyst,Startup,Technology,USA,Onsite,Mid,9,PhD,0
5993,AI Engineer,Enterprise,Education,India,Remote,Senior,6,Bachelor,1
5994,AI Engineer,Enterprise,Technology,UK,Remote,Senior,2,PhD,1
5995,Data Scientist,Enterprise,Technology,Singapore,Hybrid,Senior,14,PhD,0
5996,Business Analyst,Startup,Technology,India,Onsite,Entry,6,PhD,0
5997,Data Analyst,Enterprise,Retail,Australia,Remote,Senior,13,Master,0
5998,Data Analyst,Startup,Technology,UK,Hybrid,Mid,13,PhD,1
5999,Business Analyst,Enterprise,Healthcare,Germany,Remote,Mid,3,Master,0
6000,Data Analyst,MNC,Education,Singapore,Onsite,Mid,12,PhD,1
6001,Machine Learning Engineer,Startup,Retail,Singapore,Hybrid,Entry,9,Master,0
6002,Data Engineer,Enterprise,Retail,UK,Hybrid,Mid,12,PhD,1
6003,Machine Learning Engineer,Medium,Finance,Australia,Hybrid,Senior,10,Master,0
6004,Business Analyst,Startup,Technology,India,Remote,Senior,11,PhD,0
6005,Business Analyst,Enterprise,Retail,UK,Hybrid,Senior,12,PhD,0
6006,Machine Learning Engineer,Enterprise,Retail,India,Remote,Senior,0,Master,1
6007,Data Analyst,Startup,Technology,India,Hybrid,Mid,6,Bachelor,0
6008,Data Engineer,MNC,Education,India,Onsite,Mid,2,PhD,1
6009,Business Analyst,Medium,Finance,Singapore,Remote,Mid,5,PhD,1
6010,Machine Learning Engineer,Startup,Education,India,Hybrid,Mid,11,PhD,0
6011,AI Engineer,Medium,Finance,Singapore,Remote,Senior,9,PhD,1
6012,Data Analyst,Startup,E-commerce,Singapore,Onsite,Senior,7,Bachelor,0
6013,Data Engineer,Startup,Retail,Australia,Hybrid,Senior,4,Master,1
6014,AI Engineer,MNC,E-commerce,Australia,Hybrid,Entry,10,Master,0
6015,Machine Learning Engineer,Startup,Finance,Germany,Onsite,Mid,3,Master,0
6016,Data Scientist,MNC,Technology,Germany,Remote,Mid,14,Master,1
6017,Business Analyst,Medium,Education,India,Hybrid,Senior,0,Master,1
6018,Data Analyst,Medium,Healthcare,Australia,Remote,Entry,7,PhD,0
6019,AI Engineer,Enterprise,Retail,India,Onsite,Entry,4,Master,1
6020,Data Analyst,Enterprise,E-commerce,Australia,Remote,Entry,9,PhD,0
6021,Data Engineer,Startup,E-commerce,India,Onsite,Mid,7,Bachelor,0
6022,Data Scientist,Medium,Healthcare,Canada,Onsite,Senior,8,Bachelor,1
6023,Business Analyst,Startup,E-commerce,Singapore,Remote,Mid,1,PhD,0
6024,Data Analyst,Enterprise,Retail,UK,Hybrid,Senior,4,PhD,0
6025,Data Engineer,Medium,Technology,India,Remote,Senior,2,PhD,0
6026,Data Analyst,Startup,Healthcare,USA,Onsite,Mid,3,Bachelor,1
6027,Data Analyst,Startup,Healthcare,Australia,Hybrid,Mid,13,PhD,0
6028,Data Engineer,Enterprise,Finance,UK,Remote,Entry,1,Master,1
6029,Data Analyst,Medium,Healthcare,India,Onsite,Entry,10,Master,1
6030,Business Analyst,Medium,Finance,Germany,Hybrid,Mid,0,Bachelor,1
6031,AI Engineer,Medium,E-commerce,India,Hybrid,Senior,4,Master,0
6032,Data Scientist,Medium,Education,India,Hybrid,Entry,7,Master,0
6033,Business Analyst,Enterprise,Finance,Australia,Onsite,Mid,14,Bachelor,0
6034,Machine Learning Engineer,Enterprise,Healthcare,Canada,Hybrid,Entry,0,Bachelor,0
6035,Business Analyst,Enterprise,Healthcare,Canada,Onsite,Senior,1,Bachelor,0
6036,Machine Learning Engineer,MNC,Education,Singapore,Onsite,Senior,6,Master,1
6037,Data Analyst,MNC,Finance,Canada,Hybrid,Mid,3,Bachelor,1
6038,Business Analyst,Medium,Technology,Canada,Remote,Mid,11,Bachelor,0
6039,Machine Learning Engineer,Startup,Healthcare,Canada,Hybrid,Entry,3,Master,1
6040,Machine Learning Engineer,Medium,Finance,UK,Hybrid,Entry,7,PhD,1
6041,Data Engineer,Startup,Education,India,Hybrid,Mid,2,Master,1
6042,Data Analyst,Startup,Technology,India,Remote,Mid,4,Bachelor,0
6043,Business Analyst,MNC,Finance,Australia,Hybrid,Mid,5,Master,1
6044,Data Scientist,MNC,Finance,India,Remote,Entry,5,Bachelor,0
6045,Machine Learning Engineer,Startup,Technology,UK,Hybrid,Senior,14,Bachelor,1
6046,Business Analyst,Startup,Education,Singapore,Hybrid,Entry,1,Bachelor,1
6047,Business Analyst,Medium,Finance,Germany,Onsite,Senior,14,Bachelor,1
6048,Business Analyst,Medium,Education,Germany,Hybrid,Entry,4,Bachelor,0
6049,Machine Learning Engineer,Enterprise,Retail,Canada,Hybrid,Senior,5,PhD,0
6050,Data Analyst,Medium,Education,USA,Remote,Entry,3,Bachelor,0
6051,Data Scientist,Startup,Technology,Germany,Hybrid,Entry,8,Master,1
6052,Machine Learning Engineer,Medium,Retail,USA,Onsite,Senior,2,Bachelor,1
6053,Machine Learning Engineer,Medium,Education,Singapore,Onsite,Senior,12,Master,0
6054,Machine Learning Engineer,MNC,Education,Germany,Remote,Mid,6,Master,1
6055,Data Analyst,Medium,E-commerce,Canada,Hybrid,Mid,14,PhD,0
6056,AI Engineer,Medium,Technology,Australia,Onsite,Mid,1,Bachelor,0
6057,Data Analyst,Startup,Technology,UK,Onsite,Entry,3,Bachelor,0
6058,Machine Learning Engineer,Startup,E-commerce,Australia,Remote,Entry,3,PhD,0
6059,Data Analyst,Enterprise,Retail,Canada,Onsite,Senior,14,Master,1
6060,Data Engineer,Enterprise,Education,Australia,Hybrid,Entry,4,Master,0
6061,Machine Learning Engineer,MNC,Finance,UK,Hybrid,Entry,8,Bachelor,0
6062,Machine Learning Engineer,MNC,Technology,Germany,Remote,Senior,0,Master,0
6063,Data Analyst,MNC,Finance,Germany,Remote,Senior,14,PhD,0
6064,Data Engineer,Startup,Technology,UK,Onsite,Senior,1,Bachelor,1
6065,Data Analyst,MNC,Finance,India,Remote,Entry,11,PhD,0
6066,Data Engineer,Startup,Technology,Germany,Remote,Senior,10,Bachelor,1
6067,Machine Learning Engineer,Startup,Finance,Canada,Hybrid,Entry,8,Bachelor,1
6068,AI Engineer,Enterprise,Technology,Australia,Remote,Senior,8,Master,0
6069,Business Analyst,Startup,Retail,Australia,Hybrid,Senior,11,Master,1
6070,Machine Learning Engineer,MNC,E-commerce,Germany,Hybrid,Senior,14,PhD,0
6071,Machine Learning Engineer,Enterprise,Technology,India,Hybrid,Senior,7,Master,0
6072,Data Engineer,Startup,Education,India,Onsite,Mid,0,PhD,0
6073,Data Analyst,Medium,Education,India,Onsite,Mid,12,Master,0
6074,AI Engineer,Startup,Education,Singapore,Onsite,Entry,4,PhD,0
6075,Business Analyst,Startup,E-commerce,USA,Remote,Senior,2,PhD,1
6076,Data Engineer,Enterprise,Healthcare,Singapore,Onsite,Mid,6,Master,0
6077,Business Analyst,Medium,Healthcare,Singapore,Remote,Senior,6,PhD,1
6078,Data Analyst,Enterprise,Healthcare,Singapore,Hybrid,Mid,13,Master,0
6079,Business Analyst,Medium,Education,USA,Onsite,Senior,1,PhD,0
6080,Data Scientist,Enterprise,E-commerce,India,Remote,Mid,7,PhD,0
6081,Data Analyst,MNC,E-commerce,USA,Hybrid,Entry,6,Master,1
6082,Machine Learning Engineer,Medium,Retail,Canada,Hybrid,Mid,1,PhD,1
6083,Machine Learning Engineer,Startup,Retail,Canada,Onsite,Senior,11,Master,1
6084,AI Engineer,MNC,Finance,Canada,Hybrid,Mid,4,PhD,1
6085,Business Analyst,Startup,E-commerce,USA,Hybrid,Mid,14,Bachelor,1
6086,AI Engineer,MNC,Finance,USA,Onsite,Mid,14,Bachelor,0
6087,Data Engineer,MNC,Technology,Canada,Hybrid,Senior,13,PhD,1
6088,AI Engineer,Startup,Technology,Germany,Onsite,Mid,10,Master,1
6089,Machine Learning Engineer,Medium,Education,Singapore,Hybrid,Mid,9,Bachelor,0
6090,Business Analyst,MNC,Technology,Singapore,Remote,Senior,3,PhD,0
6091,Machine Learning Engineer,MNC,E-commerce,Canada,Onsite,Senior,9,Master,0
6092,AI Engineer,Startup,E-commerce,India,Hybrid,Senior,2,PhD,0
6093,Data Scientist,Startup,Retail,Australia,Remote,Mid,7,Master,0
6094,Machine Learning Engineer,MNC,Finance,USA,Remote,Mid,11,Bachelor,1
6095,Machine Learning Engineer,Medium,Technology,India,Onsite,Senior,7,Master,1
6096,Machine Learning Engineer,MNC,E-commerce,Canada,Hybrid,Mid,5,PhD,1
6097,Business Analyst,Medium,Retail,India,Onsite,Entry,8,PhD,0
6098,Business Analyst,Startup,Healthcare,Australia,Hybrid,Mid,10,Master,1
6099,Machine Learning Engineer,MNC,E-commerce,Australia,Remote,Entry,3,Bachelor,0
6100,Machine Learning Engineer,Medium,E-commerce,India,Onsite,Mid,6,Bachelor,0
6101,AI Engineer,MNC,E-commerce,Singapore,Hybrid,Mid,2,PhD,0
6102,Data Analyst,MNC,E-commerce,Germany,Remote,Mid,9,Master,1
6103,AI Engineer,MNC,Finance,Germany,Remote,Entry,10,Master,1
6104,Machine Learning Engineer,Medium,Education,Germany,Hybrid,Entry,2,Bachelor,0
6105,Data Engineer,Startup,Healthcare,UK,Onsite,Entry,8,Master,1
6106,Data Analyst,Startup,Healthcare,Singapore,Onsite,Senior,2,PhD,1
6107,Machine Learning Engineer,Startup,Education,USA,Hybrid,Mid,5,Bachelor,0
6108,Data Scientist,Enterprise,Healthcare,Canada,Onsite,Senior,4,PhD,1
6109,AI Engineer,MNC,E-commerce,India,Onsite,Entry,10,Master,0
6110,Data Analyst,Startup,Finance,Singapore,Remote,Entry,10,Master,0
6111,Data Analyst,Enterprise,Retail,Canada,Remote,Senior,10,Master,1
6112,Machine Learning Engineer,MNC,Technology,India,Onsite,Senior,7,Master,1
6113,Data Analyst,MNC,Technology,Singapore,Onsite,Entry,5,PhD,1
6114,Machine Learning Engineer,MNC,Retail,Germany,Onsite,Entry,6,PhD,0
6115,Data Analyst,Enterprise,Education,Singapore,Remote,Mid,9,Bachelor,1
6116,Business Analyst,Startup,Education,UK,Onsite,Mid,14,PhD,0
6117,Data Scientist,Startup,E-commerce,Singapore,Onsite,Mid,14,Master,1
6118,AI Engineer,MNC,E-commerce,Singapore,Remote,Senior,7,PhD,0
6119,Business Analyst,Enterprise,Technology,Germany,Onsite,Entry,11,Master,1
6120,Business Analyst,MNC,Healthcare,USA,Onsite,Mid,11,Master,0
6121,Data Analyst,Enterprise,Technology,Canada,Hybrid,Mid,2,Bachelor,0
6122,Data Scientist,Startup,Education,Singapore,Hybrid,Senior,11,Master,1
6123,Business Analyst,MNC,Technology,UK,Onsite,Entry,1,Bachelor,1
6124,Business Analyst,Startup,Technology,UK,Hybrid,Mid,7,Bachelor,0
6125,AI Engineer,Startup,Healthcare,Singapore,Hybrid,Entry,3,PhD,0
6126,Machine Learning Engineer,Medium,Healthcare,Canada,Hybrid,Entry,10,PhD,0
6127,Data Scientist,Enterprise,Technology,Singapore,Onsite,Entry,9,Bachelor,1
6128,AI Engineer,Medium,Education,Germany,Remote,Mid,13,PhD,1
6129,Data Scientist,Medium,Technology,Canada,Hybrid,Mid,1,Master,1
6130,Business Analyst,Enterprise,Retail,Canada,Hybrid,Mid,1,Bachelor,0
6131,Data Engineer,Enterprise,Technology,Singapore,Onsite,Senior,6,PhD,0
6132,Data Analyst,Enterprise,Healthcare,Germany,Onsite,Senior,3,PhD,0
6133,AI Engineer,MNC,E-commerce,Australia,Hybrid,Entry,5,PhD,1
6134,Data Analyst,MNC,Education,Canada,Hybrid,Entry,14,PhD,1
6135,AI Engineer,Enterprise,E-commerce,UK,Hybrid,Entry,5,PhD,1
6136,Data Scientist,Startup,E-commerce,India,Hybrid,Entry,9,Master,0
6137,AI Engineer,Enterprise,Education,Singapore,Onsite,Senior,10,Master,1
6138,AI Engineer,MNC,Education,Australia,Onsite,Entry,9,Master,0
6139,Data Scientist,Startup,Healthcare,India,Onsite,Senior,9,Bachelor,0
6140,AI Engineer,Enterprise,Retail,USA,Remote,Senior,11,PhD,0
6141,Data Scientist,Startup,Technology,Germany,Hybrid,Mid,1,Bachelor,1
6142,Data Engineer,Enterprise,Education,USA,Onsite,Entry,2,PhD,0
6143,Data Analyst,Medium,E-commerce,USA,Remote,Mid,3,PhD,0
6144,Machine Learning Engineer,Enterprise,E-commerce,Canada,Hybrid,Mid,7,PhD,0
6145,Data Analyst,Startup,Finance,UK,Remote,Entry,12,Bachelor,1
6146,AI Engineer,Startup,Technology,Singapore,Onsite,Entry,2,Bachelor,1
6147,Business Analyst,Enterprise,E-commerce,UK,Hybrid,Entry,8,Master,0
6148,Data Engineer,MNC,Healthcare,Germany,Remote,Entry,12,Master,1
6149,Data Scientist,Startup,Healthcare,Canada,Hybrid,Mid,9,Bachelor,1
6150,Business Analyst,MNC,E-commerce,USA,Onsite,Mid,12,Bachelor,1
6151,Data Scientist,Startup,E-commerce,Australia,Remote,Senior,11,Bachelor,1
6152,Data Engineer,Enterprise,E-commerce,Canada,Remote,Entry,13,PhD,0
6153,Business Analyst,Startup,Healthcare,UK,Hybrid,Senior,11,PhD,1
6154,Data Analyst,Medium,Finance,India,Onsite,Senior,10,PhD,1
6155,Business Analyst,Enterprise,Healthcare,USA,Onsite,Mid,4,Bachelor,0
6156,Data Analyst,Startup,Education,UK,Hybrid,Mid,6,PhD,0
6157,Data Analyst,MNC,E-commerce,Canada,Remote,Entry,6,Bachelor,0
6158,Data Analyst,Medium,Education,Singapore,Hybrid,Entry,4,Bachelor,1
6159,Data Engineer,MNC,E-commerce,India,Remote,Senior,10,Master,0
6160,Data Engineer,Startup,Technology,Singapore,Remote,Entry,8,Bachelor,0
6161,Business Analyst,Enterprise,Education,Canada,Hybrid,Senior,8,Master,1
6162,Data Engineer,Enterprise,Finance,Singapore,Remote,Senior,3,Bachelor,0
6163,Data Scientist,Medium,E-commerce,Germany,Remote,Entry,8,Bachelor,0
6164,Machine Learning Engineer,Medium,Education,Singapore,Hybrid,Mid,13,Master,0
6165,Data Engineer,MNC,E-commerce,USA,Onsite,Mid,9,Bachelor,1
6166,Data Analyst,Medium,E-commerce,Canada,Onsite,Entry,9,PhD,1
6167,Data Analyst,Enterprise,E-commerce,Singapore,Onsite,Entry,9,PhD,0
6168,Data Engineer,Medium,Healthcare,Germany,Remote,Senior,5,Bachelor,1
6169,Business Analyst,Enterprise,Finance,India,Onsite,Entry,6,PhD,1
6170,Business Analyst,Enterprise,Retail,Germany,Hybrid,Senior,5,PhD,0
6171,AI Engineer,Medium,Education,India,Hybrid,Mid,4,PhD,1
6172,Data Engineer,Startup,E-commerce,Canada,Hybrid,Entry,14,Bachelor,1
6173,Data Analyst,Startup,Retail,India,Remote,Senior,5,Bachelor,1
6174,Data Scientist,Startup,Finance,India,Remote,Entry,8,PhD,0
6175,Machine Learning Engineer,Startup,Technology,Singapore,Hybrid,Mid,2,Bachelor,1
6176,Data Analyst,Startup,Technology,Singapore,Remote,Entry,10,Master,1
6177,Data Analyst,Medium,Finance,Australia,Onsite,Entry,0,Bachelor,1
6178,AI Engineer,MNC,Healthcare,Canada,Onsite,Senior,1,Master,0
6179,Data Analyst,MNC,Finance,Canada,Onsite,Entry,6,Master,1
6180,Data Scientist,Enterprise,Finance,Germany,Hybrid,Mid,14,Bachelor,1
6181,Data Engineer,Enterprise,Finance,USA,Remote,Mid,6,Master,1
6182,Machine Learning Engineer,MNC,E-commerce,USA,Remote,Entry,5,Master,0
6183,AI Engineer,Medium,Healthcare,Singapore,Onsite,Entry,6,Master,1
6184,Business Analyst,Enterprise,E-commerce,Germany,Onsite,Senior,0,PhD,0
6185,Data Analyst,Startup,Education,UK,Hybrid,Mid,0,PhD,1
6186,Business Analyst,MNC,Retail,Singapore,Onsite,Entry,14,PhD,0
6187,Machine Learning Engineer,Enterprise,Healthcare,Australia,Remote,Senior,6,Bachelor,0
6188,Data Analyst,Medium,Healthcare,Germany,Hybrid,Entry,0,PhD,0
6189,Machine Learning Engineer,Startup,Healthcare,Canada,Hybrid,Entry,11,PhD,0
6190,Business Analyst,Medium,E-commerce,India,Remote,Entry,0,Master,1
6191,AI Engineer,MNC,Technology,UK,Hybrid,Mid,2,Bachelor,0
6192,Machine Learning Engineer,MNC,Technology,Singapore,Onsite,Mid,4,Master,1
6193,Machine Learning Engineer,Medium,Retail,Canada,Remote,Mid,12,Master,1
6194,Machine Learning Engineer,Startup,Education,USA,Hybrid,Senior,11,PhD,0
6195,Data Engineer,Enterprise,Healthcare,Canada,Onsite,Mid,7,Bachelor,1
6196,AI Engineer,Medium,Finance,Germany,Hybrid,Senior,5,PhD,1
6197,Machine Learning Engineer,Medium,Finance,Australia,Onsite,Entry,5,Bachelor,1
6198,Business Analyst,Medium,Finance,USA,Hybrid,Entry,7,Bachelor,0
6199,Data Analyst,Enterprise,Healthcare,India,Hybrid,Senior,0,Bachelor,0
6200,Machine Learning Engineer,Medium,Education,Canada,Onsite,Senior,14,Master,0
6201,Business Analyst,Medium,Finance,USA,Remote,Senior,3,Master,0
6202,Data Scientist,Startup,Healthcare,USA,Hybrid,Mid,14,Bachelor,0
6203,Machine Learning Engineer,MNC,Retail,Germany,Onsite,Entry,14,Master,1
6204,Machine Learning Engineer,Enterprise,Technology,USA,Hybrid,Mid,14,Master,1
6205,Machine Learning Engineer,MNC,Education,UK,Remote,Senior,11,Master,1
6206,Data Engineer,Enterprise,Technology,Australia,Hybrid,Mid,11,Master,0
6207,Machine Learning Engineer,MNC,Education,USA,Onsite,Senior,10,Master,0
6208,Machine Learning Engineer,MNC,Retail,India,Hybrid,Entry,9,Bachelor,0
6209,Data Analyst,Startup,E-commerce,Australia,Onsite,Entry,10,Master,0
6210,AI Engineer,Startup,Healthcare,India,Remote,Mid,4,PhD,0
6211,AI Engineer,Enterprise,Finance,Singapore,Remote,Senior,1,PhD,0
6212,AI Engineer,Startup,Technology,Canada,Remote,Entry,0,Master,1
6213,Data Analyst,Medium,Retail,India,Remote,Entry,8,Bachelor,1
6214,AI Engineer,Startup,E-commerce,USA,Onsite,Senior,3,Master,1
6215,Data Engineer,Enterprise,Finance,USA,Hybrid,Senior,8,Bachelor,0
6216,Machine Learning Engineer,Enterprise,E-commerce,UK,Onsite,Mid,12,PhD,0
6217,Business Analyst,Enterprise,E-commerce,Canada,Hybrid,Entry,1,Bachelor,1
6218,Data Engineer,Startup,E-commerce,India,Hybrid,Senior,1,Bachelor,1
6219,Data Scientist,Enterprise,Education,Australia,Onsite,Mid,14,Master,1
6220,Machine Learning Engineer,Medium,Finance,Australia,Remote,Mid,6,PhD,0
6221,Business Analyst,Startup,E-commerce,Canada,Hybrid,Mid,3,Bachelor,1
6222,Data Engineer,MNC,E-commerce,Australia,Hybrid,Mid,0,Master,0
6223,Business Analyst,Medium,Retail,UK,Hybrid,Senior,9,Bachelor,1
6224,Business Analyst,MNC,Retail,Canada,Remote,Senior,12,PhD,0
6225,Data Analyst,Enterprise,Retail,Canada,Hybrid,Mid,6,Master,1
6226,Business Analyst,Medium,Healthcare,Germany,Onsite,Entry,10,Master,1
6227,AI Engineer,MNC,Retail,Germany,Remote,Mid,9,Bachelor,0
6228,Machine Learning Engineer,MNC,E-commerce,USA,Onsite,Mid,12,PhD,1
6229,Data Analyst,Enterprise,Technology,Singapore,Remote,Mid,14,Master,0
6230,Data Scientist,Startup,Finance,Germany,Onsite,Senior,13,Bachelor,1
6231,Data Scientist,Startup,Finance,USA,Remote,Mid,7,PhD,1
6232,AI Engineer,Enterprise,E-commerce,Australia,Hybrid,Entry,12,Master,0
6233,Data Analyst,MNC,Technology,USA,Onsite,Mid,10,Master,1
6234,AI Engineer,Enterprise,Retail,USA,Remote,Senior,4,PhD,1
6235,Machine Learning Engineer,Medium,Education,India,Hybrid,Senior,7,PhD,0
6236,Machine Learning Engineer,MNC,Technology,Canada,Remote,Entry,1,PhD,0
6237,Machine Learning Engineer,Medium,Finance,Germany,Remote,Entry,0,Bachelor,0
6238,Machine Learning Engineer,Enterprise,Retail,UK,Hybrid,Mid,9,Bachelor,0
6239,Data Scientist,Medium,Healthcare,Australia,Onsite,Mid,2,Master,0
6240,Business Analyst,Medium,E-commerce,USA,Onsite,Entry,6,Bachelor,0
6241,Data Scientist,Enterprise,Finance,India,Onsite,Mid,6,Master,1
6242,Data Scientist,Enterprise,Technology,India,Onsite,Mid,2,Bachelor,1
6243,AI Engineer,Medium,Finance,UK,Hybrid,Mid,2,PhD,1
6244,Data Scientist,Medium,Education,India,Hybrid,Entry,3,Master,0
6245,Machine Learning Engineer,Medium,Education,USA,Hybrid,Entry,8,Bachelor,1
6246,Business Analyst,MNC,Healthcare,USA,Remote,Senior,11,Master,1
6247,Machine Learning Engineer,Startup,Retail,USA,Onsite,Senior,3,Bachelor,0
6248,Data Engineer,Enterprise,Finance,India,Remote,Entry,13,PhD,0
6249,Data Analyst,Startup,Healthcare,Australia,Onsite,Mid,5,Bachelor,1
6250,Business Analyst,Medium,Finance,USA,Onsite,Senior,6,PhD,1
6251,Data Analyst,MNC,Technology,India,Onsite,Senior,2,Bachelor,1
6252,Business Analyst,Medium,Healthcare,USA,Remote,Mid,13,Master,1
6253,Data Analyst,Startup,E-commerce,Singapore,Onsite,Entry,8,PhD,0
6254,Data Scientist,Startup,Technology,Germany,Remote,Senior,2,Master,1
6255,Data Engineer,MNC,E-commerce,Singapore,Remote,Entry,2,Bachelor,1
6256,AI Engineer,Startup,Education,Canada,Remote,Mid,13,PhD,0
6257,Business Analyst,Medium,E-commerce,Australia,Remote,Senior,12,PhD,1
6258,Data Scientist,Enterprise,Retail,USA,Remote,Mid,4,Master,1
6259,Data Analyst,Medium,Technology,Canada,Hybrid,Entry,3,Master,0
6260,Data Engineer,MNC,E-commerce,Singapore,Onsite,Entry,5,Master,1
6261,Data Scientist,Startup,Technology,UK,Onsite,Entry,2,PhD,0
6262,AI Engineer,Enterprise,Healthcare,UK,Remote,Mid,6,PhD,0
6263,Machine Learning Engineer,MNC,E-commerce,USA,Onsite,Entry,8,Bachelor,1
6264,AI Engineer,Enterprise,Healthcare,UK,Hybrid,Senior,10,Master,1
6265,Business Analyst,MNC,Finance,USA,Onsite,Entry,1,PhD,0
6266,Data Engineer,Enterprise,Technology,Australia,Remote,Entry,8,Master,0
6267,Data Engineer,Medium,Finance,Singapore,Onsite,Senior,6,Master,0
6268,Machine Learning Engineer,Startup,Retail,USA,Remote,Senior,2,PhD,1
6269,AI Engineer,MNC,Retail,India,Remote,Senior,12,Master,1
6270,Data Engineer,Medium,Finance,USA,Remote,Senior,7,Master,1
6271,AI Engineer,MNC,Finance,Canada,Remote,Mid,7,Bachelor,1
6272,Machine Learning Engineer,Startup,Healthcare,UK,Onsite,Senior,10,PhD,0
6273,Business Analyst,MNC,Healthcare,Australia,Onsite,Senior,10,Bachelor,1
6274,AI Engineer,MNC,Finance,Germany,Hybrid,Senior,14,Bachelor,1
6275,Business Analyst,Enterprise,Finance,Germany,Remote,Mid,5,Master,0
6276,Machine Learning Engineer,Medium,Technology,Germany,Remote,Senior,14,Bachelor,0
6277,Business Analyst,Startup,Healthcare,Germany,Onsite,Mid,2,Master,1
6278,Data Scientist,Startup,Finance,USA,Hybrid,Entry,5,Bachelor,0
6279,Data Analyst,Enterprise,Finance,Germany,Hybrid,Mid,11,Bachelor,0
6280,Business Analyst,Medium,Education,India,Onsite,Entry,0,Bachelor,0
6281,Data Analyst,Medium,Retail,India,Hybrid,Senior,13,Bachelor,0
6282,Machine Learning Engineer,Startup,E-commerce,USA,Hybrid,Entry,6,Bachelor,0
6283,Business Analyst,MNC,Technology,Australia,Remote,Mid,7,Master,1
6284,Data Analyst,Medium,Education,Australia,Hybrid,Senior,3,PhD,1
6285,AI Engineer,MNC,E-commerce,Germany,Remote,Senior,5,PhD,1
6286,Data Analyst,Medium,Healthcare,India,Hybrid,Entry,2,Master,0
6287,Data Engineer,Enterprise,E-commerce,Singapore,Remote,Senior,13,PhD,0
6288,Data Analyst,MNC,Technology,UK,Onsite,Entry,7,PhD,0
6289,AI Engineer,MNC,Healthcare,UK,Hybrid,Senior,10,Master,0
6290,Data Analyst,Startup,E-commerce,USA,Hybrid,Senior,7,PhD,1
6291,Data Scientist,Enterprise,Healthcare,India,Remote,Mid,8,Master,1
6292,AI Engineer,Enterprise,Finance,Canada,Onsite,Senior,3,Bachelor,0
6293,Business Analyst,Medium,Education,India,Onsite,Entry,13,Master,0
6294,Data Scientist,Startup,Healthcare,Canada,Onsite,Entry,9,Bachelor,1
6295,Data Engineer,MNC,Technology,Australia,Hybrid,Entry,3,Master,1
6296,Data Scientist,Startup,Education,Australia,Remote,Senior,9,PhD,1
6297,Data Engineer,Enterprise,Healthcare,Australia,Hybrid,Mid,13,Master,0
6298,Data Engineer,Enterprise,Healthcare,India,Hybrid,Entry,5,Master,0
6299,Data Analyst,MNC,Technology,USA,Onsite,Entry,0,PhD,1
6300,Data Engineer,MNC,E-commerce,Canada,Hybrid,Senior,10,Bachelor,0
6301,Data Scientist,Enterprise,Retail,Australia,Onsite,Entry,6,Master,1
6302,Machine Learning Engineer,MNC,Finance,Canada,Hybrid,Mid,0,PhD,0
6303,Data Engineer,MNC,Healthcare,Canada,Onsite,Senior,5,PhD,1
6304,Machine Learning Engineer,MNC,Finance,UK,Hybrid,Senior,10,Master,0
6305,Data Analyst,MNC,Technology,Singapore,Onsite,Mid,1,PhD,0
6306,Business Analyst,Startup,Healthcare,UK,Hybrid,Entry,1,Master,1
6307,Data Engineer,MNC,Healthcare,Canada,Onsite,Mid,4,Master,1
6308,Business Analyst,Startup,Retail,USA,Remote,Mid,0,Master,0
6309,Data Engineer,Startup,Technology,Australia,Remote,Senior,9,Master,0
6310,Business Analyst,Startup,Healthcare,USA,Remote,Senior,2,Bachelor,1
6311,Business Analyst,MNC,Technology,USA,Onsite,Entry,4,Master,0
6312,Data Engineer,Medium,Healthcare,Singapore,Hybrid,Entry,9,PhD,0
6313,Data Analyst,Enterprise,Healthcare,India,Remote,Mid,11,Master,1
6314,Data Engineer,MNC,Education,Singapore,Remote,Entry,12,Master,0
6315,Business Analyst,Startup,Healthcare,Canada,Hybrid,Entry,10,Master,1
6316,Machine Learning Engineer,Enterprise,E-commerce,USA,Remote,Senior,1,Master,0
6317,AI Engineer,Medium,Retail,Australia,Remote,Entry,12,Bachelor,0
6318,Data Analyst,Startup,Healthcare,Canada,Remote,Entry,9,Master,1
6319,Machine Learning Engineer,Enterprise,E-commerce,UK,Remote,Entry,6,Master,1
6320,Machine Learning Engineer,Medium,Technology,Singapore,Onsite,Entry,10,PhD,0
6321,Data Scientist,Startup,Healthcare,Australia,Onsite,Senior,9,PhD,0
6322,Machine Learning Engineer,MNC,Education,Singapore,Remote,Mid,3,Master,0
6323,Data Scientist,Enterprise,Healthcare,UK,Onsite,Senior,12,Master,1
6324,Machine Learning Engineer,Enterprise,Technology,UK,Remote,Mid,10,Bachelor,1
6325,AI Engineer,Startup,Healthcare,Singapore,Onsite,Mid,6,Master,1
6326,Data Analyst,MNC,Technology,India,Remote,Senior,14,Master,1
6327,Machine Learning Engineer,MNC,Technology,India,Onsite,Senior,9,Master,1
6328,Machine Learning Engineer,Enterprise,Finance,Singapore,Hybrid,Entry,11,PhD,1
6329,Business Analyst,Medium,Healthcare,UK,Hybrid,Senior,8,Master,0
6330,Data Engineer,Enterprise,E-commerce,Singapore,Remote,Entry,0,PhD,1
6331,Data Analyst,Startup,Education,UK,Hybrid,Entry,1,Bachelor,0
6332,Data Engineer,Enterprise,Retail,Canada,Hybrid,Senior,14,PhD,0
6333,AI Engineer,MNC,Education,Germany,Onsite,Mid,13,Master,0
6334,Business Analyst,Medium,Retail,Germany,Onsite,Entry,8,Bachelor,0
6335,Data Engineer,Enterprise,Education,Singapore,Remote,Mid,12,Master,0
6336,Data Analyst,Medium,Retail,USA,Remote,Mid,11,PhD,1
6337,Data Analyst,Enterprise,E-commerce,Singapore,Hybrid,Mid,5,Bachelor,1
6338,Business Analyst,Startup,Retail,USA,Onsite,Senior,0,Master,1
6339,Data Scientist,MNC,Retail,USA,Onsite,Mid,3,PhD,0
6340,Machine Learning Engineer,Medium,Healthcare,Australia,Remote,Senior,6,Master,1
6341,Data Engineer,Startup,Healthcare,Australia,Remote,Entry,11,Master,1
6342,Data Engineer,MNC,Healthcare,Canada,Hybrid,Senior,3,Bachelor,1
6343,Machine Learning Engineer,MNC,Education,USA,Hybrid,Mid,2,Master,0
6344,Data Scientist,Startup,Retail,Canada,Remote,Entry,6,Master,1
6345,Data Analyst,Enterprise,Technology,USA,Remote,Entry,7,PhD,0
6346,Data Analyst,Startup,E-commerce,India,Remote,Mid,6,PhD,1
6347,Machine Learning Engineer,Medium,Technology,Singapore,Hybrid,Entry,6,Master,1
6348,AI Engineer,MNC,Technology,Singapore,Onsite,Entry,11,PhD,1
6349,Machine Learning Engineer,Startup,Technology,Singapore,Onsite,Mid,4,PhD,0
6350,Data Engineer,Enterprise,Healthcare,Germany,Remote,Entry,14,PhD,1
6351,Data Analyst,Startup,Finance,Singapore,Remote,Entry,5,Master,0
6352,AI Engineer,Medium,Technology,India,Remote,Mid,4,Master,0
6353,Machine Learning Engineer,Medium,Technology,India,Hybrid,Senior,11,Master,0
6354,Business Analyst,Medium,E-commerce,Australia,Hybrid,Entry,12,PhD,1
6355,AI Engineer,MNC,Technology,Australia,Remote,Entry,1,PhD,0
6356,Machine Learning Engineer,Enterprise,Education,Germany,Onsite,Senior,10,PhD,0
6357,Business Analyst,MNC,Finance,Germany,Remote,Mid,4,PhD,0
6358,Data Engineer,Startup,Finance,USA,Remote,Mid,2,PhD,1
6359,AI Engineer,Enterprise,Education,India,Hybrid,Senior,2,PhD,0
6360,AI Engineer,MNC,Technology,India,Hybrid,Senior,0,Master,0
6361,AI Engineer,Startup,Finance,Germany,Hybrid,Entry,13,Master,1
6362,Data Engineer,Startup,Retail,Germany,Remote,Senior,6,Bachelor,0
6363,Data Scientist,Medium,Technology,Canada,Remote,Entry,7,Master,0
6364,Business Analyst,Enterprise,Finance,Australia,Onsite,Senior,7,Master,0
6365,Machine Learning Engineer,Enterprise,Technology,Australia,Hybrid,Entry,8,PhD,1
6366,Data Engineer,Medium,Retail,Australia,Remote,Entry,7,Master,0
6367,Data Analyst,Enterprise,E-commerce,Australia,Remote,Senior,7,Bachelor,1
6368,Machine Learning Engineer,Enterprise,Technology,Australia,Hybrid,Mid,3,Master,0
6369,Machine Learning Engineer,Medium,Healthcare,Australia,Hybrid,Mid,2,Bachelor,0
6370,Data Engineer,Medium,Education,Singapore,Onsite,Mid,14,PhD,0
6371,AI Engineer,MNC,E-commerce,Canada,Remote,Entry,12,PhD,0
6372,Data Analyst,Startup,Education,India,Onsite,Entry,7,Master,1
6373,AI Engineer,Enterprise,Education,USA,Onsite,Entry,6,Bachelor,0
6374,Data Engineer,Enterprise,Finance,Singapore,Hybrid,Senior,9,PhD,1
6375,Business Analyst,MNC,Finance,USA,Hybrid,Senior,2,Bachelor,0
6376,Business Analyst,MNC,Technology,India,Hybrid,Mid,9,PhD,1
6377,Data Scientist,Medium,Healthcare,Germany,Remote,Mid,9,Master,0
6378,Data Engineer,MNC,Technology,USA,Onsite,Entry,6,Bachelor,0
6379,AI Engineer,MNC,Technology,Singapore,Onsite,Mid,5,PhD,1
6380,Machine Learning Engineer,MNC,Healthcare,India,Remote,Entry,3,Master,1
6381,Data Scientist,Startup,Technology,Germany,Onsite,Senior,10,Master,0
6382,Data Engineer,Medium,Retail,UK,Remote,Mid,12,Bachelor,0
6383,AI Engineer,Medium,Technology,Australia,Hybrid,Entry,1,PhD,0
6384,Machine Learning Engineer,Medium,Healthcare,USA,Remote,Entry,6,Master,0
6385,Machine Learning Engineer,Medium,Healthcare,India,Remote,Mid,11,PhD,0
6386,Machine Learning Engineer,Enterprise,Healthcare,Canada,Onsite,Mid,8,Bachelor,0
6387,Data Analyst,Startup,Technology,Singapore,Remote,Mid,11,Bachelor,1
6388,Data Scientist,MNC,Retail,UK,Hybrid,Senior,1,Bachelor,0
6389,Data Engineer,Startup,Finance,USA,Onsite,Mid,12,PhD,0
6390,Business Analyst,Startup,Retail,India,Hybrid,Entry,10,PhD,0
6391,Data Analyst,Startup,E-commerce,Singapore,Onsite,Mid,2,Master,0
6392,Data Scientist,Enterprise,Finance,Germany,Remote,Mid,1,PhD,1
6393,Data Scientist,Enterprise,Education,UK,Remote,Entry,1,Bachelor,0
6394,Data Scientist,Medium,Education,UK,Hybrid,Entry,9,Bachelor,0
6395,Data Scientist,MNC,Technology,UK,Onsite,Senior,8,Master,0
6396,Data Analyst,MNC,Finance,India,Hybrid,Mid,9,PhD,1
6397,AI Engineer,MNC,Technology,Canada,Hybrid,Senior,6,PhD,0
6398,Data Engineer,Startup,Finance,UK,Hybrid,Mid,12,Bachelor,1
6399,Business Analyst,Medium,Healthcare,Singapore,Hybrid,Senior,1,PhD,1
6400,Data Engineer,Medium,Finance,USA,Onsite,Entry,12,PhD,0
6401,Business Analyst,Enterprise,Education,India,Hybrid,Mid,7,PhD,0
6402,AI Engineer,Enterprise,E-commerce,Singapore,Onsite,Entry,14,PhD,0
6403,Data Engineer,Enterprise,E-commerce,India,Hybrid,Entry,3,PhD,1
6404,Business Analyst,MNC,Education,Singapore,Remote,Mid,10,Master,1
6405,Data Engineer,Enterprise,E-commerce,USA,Hybrid,Mid,10,PhD,1
6406,Data Scientist,Medium,Retail,Canada,Onsite,Mid,6,Master,0
6407,AI Engineer,Medium,Finance,Singapore,Remote,Mid,11,Master,1
6408,Business Analyst,Enterprise,Healthcare,Australia,Onsite,Senior,11,PhD,1
6409,AI Engineer,Startup,Healthcare,UK,Hybrid,Mid,5,Master,1
6410,Data Scientist,Enterprise,E-commerce,India,Hybrid,Entry,10,Bachelor,0
6411,Data Engineer,MNC,Education,Germany,Onsite,Entry,4,PhD,0
6412,Machine Learning Engineer,Enterprise,Healthcare,Canada,Hybrid,Mid,0,Master,0
6413,Data Engineer,Enterprise,Education,India,Remote,Entry,7,Bachelor,1
6414,Data Scientist,Medium,Retail,Germany,Onsite,Entry,10,Bachelor,0
6415,Machine Learning Engineer,Startup,E-commerce,India,Onsite,Mid,7,Master,1
6416,Data Analyst,Medium,Healthcare,Germany,Onsite,Mid,12,Master,0
6417,AI Engineer,Enterprise,Education,India,Remote,Mid,2,Master,0
6418,Data Scientist,Medium,Finance,USA,Remote,Senior,9,Bachelor,0
6419,Machine Learning Engineer,Startup,Technology,USA,Onsite,Mid,4,Bachelor,1
6420,Machine Learning Engineer,MNC,Education,Australia,Remote,Entry,11,PhD,0
6421,Business Analyst,Medium,E-commerce,Germany,Hybrid,Mid,9,PhD,1
6422,Machine Learning Engineer,Enterprise,Education,Germany,Onsite,Senior,10,Bachelor,0
6423,Business Analyst,MNC,E-commerce,Canada,Remote,Entry,4,Master,1
6424,AI Engineer,Enterprise,E-commerce,Singapore,Hybrid,Senior,2,PhD,0
6425,Machine Learning Engineer,Enterprise,Healthcare,Singapore,Onsite,Entry,3,PhD,0
6426,Business Analyst,Medium,E-commerce,Germany,Onsite,Mid,0,Bachelor,1
6427,Data Engineer,Startup,Technology,India,Remote,Entry,13,PhD,0
6428,AI Engineer,MNC,E-commerce,Australia,Onsite,Entry,2,Master,1
6429,Data Scientist,Medium,Finance,Canada,Hybrid,Entry,7,Bachelor,0
6430,Data Analyst,MNC,Education,Australia,Onsite,Mid,9,Master,1
6431,Data Analyst,Medium,Healthcare,UK,Remote,Entry,1,PhD,1
6432,Data Analyst,Medium,Retail,USA,Remote,Mid,13,PhD,1
6433,Data Analyst,Medium,Healthcare,UK,Remote,Entry,2,Bachelor,1
6434,Business Analyst,MNC,Finance,India,Remote,Entry,9,PhD,0
6435,Machine Learning Engineer,Enterprise,Retail,Australia,Remote,Mid,3,PhD,1
6436,Data Analyst,MNC,Education,Singapore,Onsite,Entry,14,Bachelor,0
6437,Data Analyst,Enterprise,Retail,Germany,Onsite,Entry,13,Bachelor,1
6438,Business Analyst,Enterprise,Healthcare,Australia,Onsite,Senior,12,Master,0
6439,Data Engineer,Startup,Healthcare,Singapore,Remote,Mid,13,Bachelor,1
6440,Data Scientist,Startup,Education,Singapore,Hybrid,Mid,1,Master,0
6441,AI Engineer,Medium,Technology,Canada,Remote,Mid,7,PhD,0
6442,Data Analyst,MNC,Education,India,Hybrid,Mid,12,Bachelor,1
6443,Machine Learning Engineer,MNC,Retail,India,Remote,Entry,11,Master,0
6444,Data Scientist,MNC,Technology,Singapore,Remote,Senior,2,Master,1
6445,Data Analyst,Medium,Education,Germany,Hybrid,Entry,4,PhD,0
6446,Business Analyst,MNC,Healthcare,USA,Hybrid,Entry,14,PhD,0
6447,Business Analyst,Medium,Technology,Canada,Remote,Entry,11,Bachelor,0
6448,AI Engineer,Startup,Education,Canada,Remote,Senior,8,Master,1
6449,Business Analyst,Startup,Technology,Australia,Hybrid,Mid,13,Master,0
6450,Data Scientist,MNC,Education,Australia,Remote,Entry,10,Master,0
6451,Data Analyst,Enterprise,Retail,Germany,Remote,Mid,6,Bachelor,1
6452,Machine Learning Engineer,MNC,Healthcare,Singapore,Hybrid,Senior,4,Master,1
6453,Data Engineer,Startup,Technology,Australia,Hybrid,Mid,1,Bachelor,1
6454,Machine Learning Engineer,Enterprise,E-commerce,USA,Onsite,Senior,14,Master,1
6455,Data Scientist,Enterprise,Retail,India,Onsite,Senior,1,Master,0
6456,Data Scientist,Enterprise,Healthcare,Australia,Onsite,Entry,6,Master,0
6457,Data Scientist,Startup,Healthcare,UK,Hybrid,Senior,13,PhD,0
6458,Data Analyst,Medium,Healthcare,Singapore,Onsite,Mid,13,PhD,0
6459,Machine Learning Engineer,Startup,Finance,UK,Hybrid,Senior,0,Bachelor,1
6460,Data Scientist,MNC,Finance,Singapore,Remote,Mid,5,Master,0
6461,Data Analyst,Startup,Technology,USA,Hybrid,Entry,13,Master,0
6462,Data Analyst,MNC,Technology,India,Hybrid,Mid,4,Master,1
6463,Machine Learning Engineer,Enterprise,Education,Canada,Remote,Entry,11,Master,1
6464,Business Analyst,MNC,Education,Canada,Remote,Senior,8,Bachelor,0
6465,Data Scientist,Medium,Technology,Canada,Onsite,Mid,0,Master,1
6466,Data Scientist,Enterprise,E-commerce,UK,Remote,Entry,2,PhD,1
6467,Business Analyst,Enterprise,Technology,India,Onsite,Senior,0,Bachelor,1
6468,Business Analyst,Enterprise,E-commerce,India,Hybrid,Entry,7,Master,0
6469,Machine Learning Engineer,Startup,Education,USA,Remote,Senior,14,Master,1
6470,Business Analyst,MNC,Technology,USA,Hybrid,Senior,1,PhD,0
6471,Data Engineer,Enterprise,E-commerce,Australia,Hybrid,Mid,8,PhD,1
6472,Business Analyst,MNC,Healthcare,Australia,Remote,Senior,3,Master,0
6473,Business Analyst,Startup,Healthcare,UK,Hybrid,Entry,7,Master,0
6474,Machine Learning Engineer,Startup,Healthcare,Canada,Onsite,Entry,6,PhD,1
6475,Data Analyst,Startup,Finance,USA,Hybrid,Entry,4,Bachelor,1
6476,Machine Learning Engineer,Medium,E-commerce,Australia,Remote,Senior,6,Bachelor,0
6477,Data Scientist,Startup,Education,Singapore,Remote,Entry,8,PhD,0
6478,Data Engineer,Startup,Retail,Singapore,Remote,Entry,12,Master,0
6479,Data Analyst,Medium,Technology,India,Onsite,Mid,14,Bachelor,1
6480,Data Analyst,MNC,Healthcare,India,Remote,Mid,13,Bachelor,0
6481,Machine Learning Engineer,MNC,Retail,Singapore,Hybrid,Senior,6,Bachelor,0
6482,Data Analyst,Startup,E-commerce,Germany,Remote,Mid,4,Bachelor,0
6483,Data Scientist,Medium,E-commerce,Canada,Remote,Mid,9,Master,1
6484,Business Analyst,Startup,Technology,USA,Onsite,Entry,3,Bachelor,0
6485,AI Engineer,Medium,Finance,Germany,Onsite,Entry,2,PhD,1
6486,Data Engineer,MNC,Healthcare,Canada,Hybrid,Mid,4,Bachelor,0
6487,Data Scientist,MNC,Retail,Australia,Remote,Senior,0,PhD,1
6488,Data Engineer,Startup,Finance,Canada,Onsite,Mid,12,Master,1
6489,Machine Learning Engineer,Enterprise,Technology,India,Onsite,Entry,8,PhD,1
6490,Data Analyst,Startup,Technology,India,Onsite,Entry,10,Master,1
6491,Machine Learning Engineer,Medium,Finance,USA,Remote,Entry,0,Master,1
6492,Data Engineer,Startup,Technology,India,Hybrid,Mid,12,PhD,0
6493,Business Analyst,Startup,Healthcare,Canada,Remote,Senior,9,Bachelor,0
6494,Machine Learning Engineer,MNC,Healthcare,Canada,Hybrid,Entry,3,PhD,1
6495,Data Analyst,MNC,E-commerce,Australia,Remote,Entry,0,PhD,0
6496,Business Analyst,Medium,Finance,Germany,Remote,Entry,10,PhD,0
6497,Data Scientist,MNC,Technology,Canada,Hybrid,Senior,12,Bachelor,0
6498,Business Analyst,MNC,Healthcare,Germany,Remote,Mid,8,Bachelor,0
6499,Data Analyst,MNC,Healthcare,USA,Onsite,Mid,0,PhD,1
6500,AI Engineer,Enterprise,Technology,Germany,Onsite,Senior,12,Master,0
6501,Machine Learning Engineer,MNC,Finance,USA,Remote,Senior,14,Bachelor,0
6502,AI Engineer,Startup,Retail,Singapore,Remote,Senior,11,Master,0
6503,Machine Learning Engineer,Enterprise,Technology,USA,Hybrid,Entry,8,PhD,0
6504,Data Scientist,Startup,Retail,Australia,Onsite,Entry,13,Bachelor,1
6505,Machine Learning Engineer,Startup,E-commerce,Singapore,Onsite,Entry,2,PhD,0
6506,Data Engineer,Startup,Retail,Germany,Hybrid,Mid,11,PhD,0
6507,Data Engineer,MNC,E-commerce,Australia,Hybrid,Entry,6,Bachelor,1
6508,Machine Learning Engineer,Startup,Healthcare,Singapore,Onsite,Senior,5,Bachelor,1
6509,Data Engineer,Enterprise,E-commerce,India,Onsite,Entry,2,PhD,0
6510,Data Scientist,MNC,Retail,Canada,Hybrid,Mid,5,Master,0
6511,Machine Learning Engineer,MNC,Education,Singapore,Remote,Entry,1,PhD,1
6512,Business Analyst,Medium,Healthcare,Canada,Onsite,Senior,4,Master,1
6513,Data Analyst,Startup,Retail,USA,Onsite,Entry,9,Master,0
6514,Business Analyst,Enterprise,Healthcare,UK,Hybrid,Senior,2,Master,0
6515,Data Analyst,Medium,Retail,UK,Remote,Senior,8,PhD,1
6516,Data Scientist,Medium,Technology,Australia,Onsite,Entry,5,PhD,0
6517,Machine Learning Engineer,Medium,Technology,Canada,Onsite,Mid,1,Bachelor,1
6518,Machine Learning Engineer,Startup,Healthcare,Australia,Remote,Senior,4,PhD,0
6519,Data Analyst,Startup,Technology,India,Hybrid,Entry,14,Bachelor,0
6520,Machine Learning Engineer,MNC,Education,Canada,Hybrid,Senior,9,Bachelor,1
6521,Business Analyst,Enterprise,E-commerce,India,Remote,Senior,13,Master,0
6522,Data Engineer,Startup,Education,Singapore,Hybrid,Senior,9,Bachelor,0
6523,Data Engineer,Medium,E-commerce,Canada,Remote,Entry,0,Master,1
6524,Data Engineer,Enterprise,Finance,UK,Hybrid,Mid,4,PhD,1
6525,Machine Learning Engineer,MNC,Retail,Germany,Onsite,Mid,10,PhD,0
6526,Data Scientist,Medium,Finance,Singapore,Remote,Mid,14,Bachelor,1
6527,Data Scientist,Enterprise,Finance,Canada,Remote,Senior,14,Master,1
6528,Data Analyst,Enterprise,Healthcare,Australia,Onsite,Mid,12,PhD,0
6529,Machine Learning Engineer,Medium,Education,Australia,Onsite,Entry,8,Master,1
6530,Machine Learning Engineer,MNC,E-commerce,Australia,Hybrid,Mid,6,Master,0
6531,Business Analyst,MNC,E-commerce,Canada,Hybrid,Entry,5,Bachelor,1
6532,Data Engineer,MNC,Education,Australia,Hybrid,Mid,6,PhD,0
6533,Data Engineer,Startup,Technology,Germany,Onsite,Mid,13,Master,1
6534,AI Engineer,Startup,Retail,Canada,Onsite,Senior,14,Master,1
6535,Business Analyst,Enterprise,Technology,USA,Onsite,Entry,1,Bachelor,0
6536,Data Scientist,Medium,Retail,USA,Onsite,Mid,0,Bachelor,0
6537,Data Scientist,Startup,E-commerce,UK,Onsite,Mid,5,Master,1
6538,Data Analyst,Medium,E-commerce,Australia,Hybrid,Senior,12,Master,1
6539,Machine Learning Engineer,Enterprise,Retail,UK,Remote,Entry,8,Master,0
6540,AI Engineer,MNC,Education,USA,Hybrid,Mid,2,Master,1
6541,Data Analyst,Enterprise,Technology,UK,Onsite,Entry,5,Master,1
6542,Data Scientist,MNC,Technology,USA,Hybrid,Entry,9,Master,1
6543,Data Analyst,Enterprise,Education,Canada,Remote,Senior,5,Master,0
6544,Data Engineer,Enterprise,Education,USA,Remote,Entry,0,Master,1
6545,AI Engineer,Enterprise,Finance,Germany,Hybrid,Mid,5,PhD,1
6546,AI Engineer,Enterprise,E-commerce,Australia,Remote,Mid,1,Bachelor,1
6547,Data Scientist,Startup,Technology,USA,Hybrid,Senior,8,Master,0
6548,Data Engineer,Enterprise,Technology,Australia,Remote,Mid,4,Master,1
6549,Business Analyst,MNC,Finance,USA,Onsite,Senior,9,PhD,0
6550,Data Scientist,Enterprise,E-commerce,Germany,Onsite,Mid,14,Bachelor,0
6551,Data Engineer,Medium,E-commerce,Australia,Hybrid,Mid,7,Bachelor,1
6552,Data Analyst,Enterprise,Retail,USA,Hybrid,Entry,0,PhD,1
6553,AI Engineer,Enterprise,Education,UK,Remote,Senior,6,Master,1
6554,Data Engineer,Medium,Education,Singapore,Onsite,Entry,3,Bachelor,0
6555,Data Scientist,MNC,E-commerce,India,Onsite,Senior,14,Bachelor,1
6556,Business Analyst,MNC,E-commerce,Singapore,Remote,Entry,10,Bachelor,1
6557,Data Engineer,Enterprise,Education,India,Onsite,Senior,3,Master,0
6558,Data Engineer,Startup,Technology,Germany,Remote,Mid,0,Master,0
6559,Business Analyst,MNC,E-commerce,USA,Onsite,Senior,6,PhD,0
6560,Machine Learning Engineer,Startup,Education,UK,Remote,Entry,14,Master,1
6561,Data Engineer,Startup,Finance,Canada,Onsite,Senior,2,PhD,0
6562,Data Scientist,Medium,Technology,USA,Remote,Mid,13,PhD,1
6563,Business Analyst,Medium,Technology,USA,Hybrid,Senior,8,PhD,1
6564,Data Analyst,Medium,Technology,India,Remote,Entry,7,Master,0
6565,Data Analyst,Startup,Retail,UK,Onsite,Mid,1,PhD,0
6566,Data Scientist,Enterprise,Healthcare,Singapore,Remote,Mid,9,PhD,1
6567,Machine Learning Engineer,Enterprise,E-commerce,Canada,Hybrid,Entry,8,PhD,0
6568,Machine Learning Engineer,Enterprise,E-commerce,UK,Remote,Mid,13,PhD,0
6569,Data Analyst,Medium,E-commerce,Canada,Onsite,Entry,6,Bachelor,1
6570,AI Engineer,Startup,Finance,Australia,Hybrid,Entry,13,Master,0
6571,Business Analyst,Startup,Retail,Canada,Remote,Entry,6,Bachelor,1
6572,Data Scientist,Medium,Retail,Singapore,Remote,Mid,2,Master,1
6573,Data Scientist,Startup,Retail,Singapore,Onsite,Entry,5,PhD,1
6574,Business Analyst,Medium,E-commerce,Canada,Onsite,Entry,14,Master,0
6575,AI Engineer,Enterprise,Healthcare,India,Remote,Entry,10,Bachelor,1
6576,Data Scientist,MNC,Technology,Germany,Hybrid,Entry,2,PhD,1
6577,Business Analyst,Enterprise,Technology,Canada,Hybrid,Entry,11,PhD,1
6578,Business Analyst,Startup,Education,UK,Onsite,Senior,4,Bachelor,0
6579,Data Analyst,Enterprise,E-commerce,USA,Hybrid,Entry,14,Master,1
6580,Data Analyst,Medium,Technology,Canada,Onsite,Mid,3,Master,1
6581,Machine Learning Engineer,Enterprise,Finance,Canada,Onsite,Senior,0,Master,1
6582,Data Analyst,Enterprise,Healthcare,India,Hybrid,Entry,14,Master,0
6583,Machine Learning Engineer,MNC,Technology,UK,Onsite,Senior,4,Bachelor,0
6584,Machine Learning Engineer,Enterprise,Technology,India,Hybrid,Senior,7,Master,1
6585,AI Engineer,Enterprise,Technology,Singapore,Remote,Senior,10,Master,0
6586,Business Analyst,Startup,E-commerce,Singapore,Remote,Entry,11,PhD,1
6587,Data Engineer,Enterprise,Technology,UK,Hybrid,Mid,5,Master,0
6588,Machine Learning Engineer,Enterprise,Retail,UK,Hybrid,Entry,14,Bachelor,1
6589,Business Analyst,Startup,Finance,Canada,Remote,Senior,7,Master,0
6590,Data Engineer,MNC,Finance,Canada,Remote,Mid,11,Bachelor,0
6591,Machine Learning Engineer,MNC,Retail,India,Remote,Entry,2,PhD,0
6592,AI Engineer,Startup,Finance,Canada,Remote,Entry,7,Bachelor,0
6593,AI Engineer,Medium,Finance,Singapore,Remote,Entry,5,Bachelor,1
6594,Business Analyst,MNC,Finance,Australia,Hybrid,Mid,9,PhD,0
6595,Data Scientist,Medium,Education,Singapore,Hybrid,Senior,5,PhD,1
6596,AI Engineer,Startup,Healthcare,Germany,Hybrid,Senior,1,Master,1
6597,Business Analyst,Startup,Finance,USA,Onsite,Entry,2,PhD,0
6598,Data Analyst,Startup,Technology,USA,Onsite,Mid,4,PhD,1
6599,Data Analyst,Startup,E-commerce,UK,Onsite,Entry,2,Bachelor,1
6600,Machine Learning Engineer,Enterprise,Technology,UK,Remote,Mid,3,PhD,1
6601,Machine Learning Engineer,Medium,Healthcare,Germany,Remote,Entry,9,Master,0
6602,AI Engineer,Enterprise,E-commerce,India,Remote,Mid,4,Master,1
6603,Data Engineer,Medium,Finance,UK,Onsite,Entry,7,Bachelor,0
6604,Machine Learning Engineer,Medium,Finance,USA,Onsite,Mid,2,PhD,1
6605,Data Engineer,Startup,Education,Singapore,Remote,Mid,2,Bachelor,0
6606,Data Scientist,Enterprise,Technology,Canada,Remote,Entry,10,PhD,1
6607,Data Analyst,Enterprise,Healthcare,Canada,Onsite,Entry,1,PhD,0
6608,Data Analyst,MNC,Finance,Canada,Remote,Senior,7,Bachelor,1
6609,Data Analyst,Enterprise,E-commerce,Singapore,Hybrid,Senior,11,Bachelor,1
6610,AI Engineer,Enterprise,Technology,Germany,Remote,Entry,1,PhD,0
6611,AI Engineer,Enterprise,Technology,Canada,Hybrid,Entry,0,Master,1
6612,Data Engineer,Medium,Finance,Germany,Remote,Entry,11,PhD,1
6613,Data Engineer,Medium,Healthcare,India,Remote,Senior,13,PhD,0
6614,Data Engineer,Enterprise,Retail,USA,Hybrid,Mid,11,Master,0
6615,Data Engineer,Startup,Retail,Canada,Onsite,Senior,14,Bachelor,0
6616,AI Engineer,Enterprise,Education,Australia,Remote,Senior,2,PhD,1
6617,Business Analyst,Enterprise,E-commerce,Australia,Hybrid,Mid,10,Bachelor,1
6618,Data Engineer,Startup,E-commerce,USA,Remote,Entry,0,PhD,1
6619,AI Engineer,Enterprise,Education,Singapore,Hybrid,Mid,4,Master,0
6620,Data Engineer,Medium,Healthcare,India,Remote,Senior,13,PhD,0
6621,Data Scientist,Startup,Technology,Germany,Remote,Senior,12,Master,1
6622,Data Analyst,MNC,Finance,India,Remote,Mid,3,Master,0
6623,Data Engineer,Enterprise,Finance,Singapore,Remote,Entry,3,PhD,0
6624,Machine Learning Engineer,Medium,Technology,Australia,Hybrid,Entry,12,Master,0
6625,Data Engineer,Medium,Education,Germany,Hybrid,Senior,4,Master,1
6626,AI Engineer,MNC,Technology,USA,Remote,Entry,13,Bachelor,0
6627,Data Analyst,Startup,Education,UK,Onsite,Entry,13,PhD,0
6628,Data Engineer,Medium,Finance,Australia,Remote,Senior,7,Bachelor,1
6629,Data Engineer,MNC,Healthcare,Canada,Onsite,Mid,8,PhD,1
6630,Machine Learning Engineer,Medium,Retail,Canada,Remote,Mid,1,PhD,0
6631,Machine Learning Engineer,Enterprise,Finance,Canada,Hybrid,Senior,9,Bachelor,0
6632,Machine Learning Engineer,Startup,Healthcare,Germany,Hybrid,Entry,6,Bachelor,1
6633,Machine Learning Engineer,MNC,Retail,Australia,Remote,Senior,2,Master,1
6634,Business Analyst,Startup,Education,Canada,Onsite,Entry,4,Bachelor,0
6635,Business Analyst,Enterprise,Education,Germany,Remote,Entry,5,Master,1
6636,Business Analyst,Medium,Technology,Germany,Hybrid,Mid,4,Master,0
6637,Machine Learning Engineer,Startup,Healthcare,India,Remote,Mid,3,PhD,1
6638,Data Scientist,Startup,Finance,USA,Hybrid,Senior,7,Bachelor,1
6639,Machine Learning Engineer,Startup,Finance,UK,Onsite,Entry,14,Bachelor,0
6640,Data Analyst,Startup,Finance,Canada,Hybrid,Senior,13,PhD,1
6641,Data Engineer,MNC,Healthcare,UK,Onsite,Senior,4,PhD,1
6642,Data Scientist,MNC,Retail,Australia,Onsite,Entry,6,Bachelor,1
6643,Business Analyst,Medium,E-commerce,USA,Hybrid,Senior,5,PhD,1
6644,Data Scientist,Medium,E-commerce,UK,Remote,Senior,11,Master,1
6645,Machine Learning Engineer,MNC,Education,UK,Remote,Senior,3,Bachelor,1
6646,Business Analyst,Startup,Finance,Singapore,Onsite,Senior,5,PhD,0
6647,Data Analyst,Startup,Healthcare,Australia,Remote,Mid,0,PhD,0
6648,Machine Learning Engineer,MNC,Retail,Germany,Hybrid,Entry,11,Master,0
6649,AI Engineer,Medium,Retail,Germany,Onsite,Entry,8,Master,0
6650,Machine Learning Engineer,MNC,Retail,Australia,Hybrid,Senior,2,Master,0
6651,AI Engineer,Startup,Technology,Singapore,Hybrid,Mid,9,Bachelor,1
6652,Business Analyst,Medium,Finance,Canada,Onsite,Mid,4,Bachelor,1
6653,AI Engineer,MNC,Finance,Singapore,Remote,Mid,5,PhD,0
6654,AI Engineer,Enterprise,Retail,Australia,Onsite,Mid,11,Master,0
6655,Business Analyst,Medium,Finance,USA,Remote,Entry,7,Master,1
6656,Machine Learning Engineer,MNC,Retail,Australia,Onsite,Entry,3,PhD,1
6657,Business Analyst,MNC,Education,USA,Remote,Entry,1,Master,1
6658,Machine Learning Engineer,Startup,Retail,Germany,Onsite,Entry,1,Master,0
6659,Business Analyst,MNC,Education,Australia,Onsite,Mid,7,PhD,1
6660,Business Analyst,Startup,Finance,Canada,Remote,Senior,6,Bachelor,0
6661,Data Scientist,Medium,Retail,UK,Onsite,Senior,10,Master,1
6662,Data Scientist,Startup,Finance,Canada,Hybrid,Mid,11,Master,0
6663,Data Scientist,Enterprise,E-commerce,USA,Hybrid,Senior,11,Bachelor,0
6664,Machine Learning Engineer,Medium,Healthcare,India,Remote,Senior,4,Master,0
6665,Machine Learning Engineer,Startup,Finance,India,Onsite,Entry,1,Bachelor,0
6666,Business Analyst,Startup,Healthcare,Singapore,Hybrid,Senior,11,Master,0
6667,Data Engineer,Enterprise,Education,UK,Onsite,Entry,1,Master,1
6668,Business Analyst,Enterprise,Retail,UK,Remote,Mid,4,Master,0
6669,AI Engineer,Enterprise,Retail,Singapore,Remote,Mid,2,PhD,1
6670,Data Analyst,Startup,Finance,Singapore,Remote,Mid,5,Bachelor,0
6671,Business Analyst,Enterprise,Education,Australia,Remote,Mid,11,Master,0
6672,AI Engineer,MNC,E-commerce,Germany,Onsite,Senior,14,Bachelor,1
6673,AI Engineer,MNC,Healthcare,USA,Hybrid,Entry,2,PhD,0
6674,Data Analyst,Enterprise,Education,UK,Onsite,Senior,10,Bachelor,0
6675,Data Scientist,Medium,E-commerce,UK,Hybrid,Entry,14,PhD,1
6676,AI Engineer,Medium,Education,UK,Onsite,Senior,0,Bachelor,0
6677,Machine Learning Engineer,Medium,Finance,Australia,Remote,Entry,10,Master,0
6678,Machine Learning Engineer,Enterprise,Technology,Australia,Remote,Senior,11,PhD,0
6679,Data Scientist,MNC,E-commerce,UK,Hybrid,Entry,7,Bachelor,1
6680,AI Engineer,MNC,Healthcare,Germany,Remote,Mid,2,PhD,0
6681,Data Engineer,MNC,Education,Germany,Hybrid,Senior,4,Master,1
6682,Data Analyst,Enterprise,Healthcare,Germany,Remote,Senior,12,Bachelor,0
6683,Machine Learning Engineer,Enterprise,Technology,UK,Hybrid,Senior,9,PhD,0
6684,AI Engineer,MNC,Finance,Germany,Remote,Mid,7,Bachelor,1
6685,Machine Learning Engineer,Enterprise,Technology,Germany,Remote,Senior,1,PhD,0
6686,Machine Learning Engineer,Medium,Education,Singapore,Onsite,Entry,11,Bachelor,1
6687,Data Scientist,MNC,Education,Australia,Hybrid,Entry,0,PhD,0
6688,Data Engineer,Startup,Healthcare,Australia,Remote,Entry,0,Master,0
6689,Machine Learning Engineer,Medium,Education,USA,Remote,Entry,4,Master,1
6690,Data Engineer,MNC,Finance,Canada,Onsite,Mid,6,Bachelor,1
6691,Data Scientist,Startup,Education,Australia,Remote,Senior,11,PhD,1
6692,Data Engineer,MNC,Retail,India,Remote,Senior,12,PhD,1
6693,Data Analyst,Startup,Education,USA,Onsite,Entry,13,PhD,0
6694,Machine Learning Engineer,MNC,Education,Australia,Remote,Entry,1,PhD,1
6695,AI Engineer,Startup,Finance,USA,Hybrid,Senior,13,Bachelor,1
6696,Machine Learning Engineer,MNC,Retail,UK,Onsite,Senior,8,Master,1
6697,Data Engineer,MNC,Healthcare,Singapore,Onsite,Entry,4,PhD,0
6698,Machine Learning Engineer,Medium,Finance,India,Onsite,Senior,11,Master,1
6699,Data Engineer,Enterprise,Retail,UK,Onsite,Entry,2,PhD,0
6700,Data Analyst,Medium,Retail,UK,Hybrid,Mid,0,Bachelor,1
6701,AI Engineer,MNC,E-commerce,Australia,Remote,Mid,4,Master,1
6702,Data Analyst,Enterprise,Finance,India,Hybrid,Senior,1,PhD,1
6703,Data Analyst,MNC,Finance,India,Onsite,Senior,0,Bachelor,0
6704,Business Analyst,Enterprise,Finance,India,Hybrid,Mid,11,Bachelor,0
6705,Machine Learning Engineer,MNC,Education,India,Remote,Mid,3,Bachelor,1
6706,Business Analyst,Startup,Education,Canada,Onsite,Mid,14,Master,0
6707,Data Analyst,Medium,Retail,Australia,Onsite,Senior,14,PhD,1
6708,Machine Learning Engineer,MNC,Retail,Australia,Onsite,Senior,0,Bachelor,0
6709,AI Engineer,Startup,Technology,India,Hybrid,Senior,9,Master,0
6710,Data Scientist,Startup,Technology,Singapore,Onsite,Entry,3,Bachelor,0
6711,Business Analyst,MNC,Retail,Canada,Remote,Entry,11,Master,1
6712,Data Engineer,Medium,Finance,Singapore,Hybrid,Senior,7,Master,1
6713,Machine Learning Engineer,Startup,Education,Australia,Hybrid,Mid,12,PhD,1
6714,Machine Learning Engineer,Enterprise,Education,Singapore,Onsite,Entry,12,Bachelor,0
6715,Data Scientist,Enterprise,Healthcare,India,Hybrid,Senior,11,PhD,0
6716,AI Engineer,Startup,Finance,Germany,Hybrid,Mid,4,Bachelor,0
6717,Data Engineer,Medium,Healthcare,USA,Remote,Senior,1,Master,1
6718,AI Engineer,MNC,Healthcare,Singapore,Hybrid,Senior,3,Bachelor,1
6719,Machine Learning Engineer,Medium,E-commerce,India,Onsite,Senior,8,Bachelor,0
6720,AI Engineer,Startup,Technology,Singapore,Remote,Mid,7,Master,0
6721,Business Analyst,Startup,Retail,USA,Onsite,Senior,0,Master,1
6722,Machine Learning Engineer,Medium,Finance,Canada,Hybrid,Entry,14,PhD,1
6723,Business Analyst,Startup,Education,Australia,Onsite,Senior,5,PhD,0
6724,AI Engineer,Startup,Healthcare,USA,Remote,Senior,10,PhD,0
6725,Machine Learning Engineer,Startup,Education,India,Hybrid,Mid,6,PhD,0
6726,Business Analyst,Medium,Education,Singapore,Onsite,Mid,12,Bachelor,1
6727,Data Analyst,Enterprise,Healthcare,Canada,Remote,Senior,8,PhD,0
6728,AI Engineer,Startup,Education,India,Hybrid,Entry,12,PhD,0
6729,Data Engineer,Enterprise,E-commerce,Germany,Hybrid,Senior,8,PhD,1
6730,Data Engineer,MNC,Retail,India,Hybrid,Senior,4,Bachelor,0
6731,Machine Learning Engineer,MNC,Technology,India,Onsite,Senior,8,Master,0
6732,Data Analyst,Medium,Finance,India,Onsite,Entry,13,Master,1
6733,Data Scientist,Startup,Technology,Canada,Remote,Entry,5,PhD,0
6734,Data Engineer,Startup,Education,Australia,Onsite,Mid,14,PhD,0
6735,Data Analyst,Startup,Education,UK,Remote,Senior,1,Bachelor,0
6736,Data Scientist,MNC,Education,USA,Remote,Senior,12,Master,0
6737,Data Analyst,MNC,Education,UK,Remote,Senior,6,Master,0
6738,Data Analyst,Medium,Finance,USA,Onsite,Entry,0,Master,0
6739,Data Engineer,Enterprise,Technology,Australia,Onsite,Entry,14,PhD,0
6740,AI Engineer,Medium,Technology,Australia,Remote,Entry,14,Master,1
6741,Data Engineer,MNC,E-commerce,Australia,Remote,Mid,7,Bachelor,0
6742,Machine Learning Engineer,Medium,Technology,Canada,Remote,Mid,10,Bachelor,1
6743,Machine Learning Engineer,MNC,Education,UK,Onsite,Mid,4,Master,0
6744,Data Engineer,Medium,Technology,Canada,Remote,Mid,1,Master,1
6745,Machine Learning Engineer,Medium,Finance,Australia,Remote,Entry,14,PhD,1
6746,AI Engineer,Medium,Technology,Canada,Hybrid,Senior,0,Bachelor,0
6747,Data Engineer,Startup,Technology,Singapore,Onsite,Entry,10,Bachelor,1
6748,Data Engineer,MNC,Finance,Canada,Remote,Senior,5,Master,1
6749,Data Analyst,Startup,Retail,Canada,Remote,Entry,8,Master,1
6750,Business Analyst,Enterprise,Technology,Australia,Remote,Entry,0,Master,1
6751,AI Engineer,MNC,E-commerce,Canada,Remote,Entry,7,Bachelor,0
6752,Data Scientist,Enterprise,Retail,UK,Onsite,Entry,5,PhD,0
6753,Machine Learning Engineer,Startup,Technology,USA,Remote,Senior,1,PhD,0
6754,Data Analyst,MNC,Technology,Singapore,Onsite,Senior,1,PhD,0
6755,Data Analyst,Enterprise,Technology,Canada,Remote,Mid,1,Bachelor,1
6756,AI Engineer,MNC,E-commerce,Singapore,Remote,Entry,11,Master,0
6757,Data Analyst,Enterprise,Retail,Canada,Hybrid,Senior,1,Master,1
6758,AI Engineer,Medium,Education,Germany,Onsite,Entry,11,Bachelor,0
6759,Machine Learning Engineer,Startup,Finance,Germany,Hybrid,Mid,9,Master,0
6760,AI Engineer,Medium,Retail,Singapore,Onsite,Mid,8,PhD,1
6761,Business Analyst,MNC,E-commerce,Australia,Onsite,Senior,14,Bachelor,1
6762,Data Analyst,Enterprise,Retail,Singapore,Onsite,Entry,12,PhD,0
6763,Machine Learning Engineer,Startup,Healthcare,Singapore,Onsite,Senior,12,PhD,1
6764,AI Engineer,Startup,Finance,Australia,Onsite,Mid,13,Bachelor,1
6765,Machine Learning Engineer,MNC,Healthcare,Canada,Onsite,Entry,2,Master,1
6766,Data Engineer,Enterprise,Retail,USA,Hybrid,Entry,1,Bachelor,0
6767,Data Scientist,MNC,Education,Australia,Hybrid,Senior,6,Bachelor,1
6768,Machine Learning Engineer,MNC,Healthcare,India,Hybrid,Senior,8,Master,0
6769,Data Scientist,Medium,Finance,USA,Remote,Senior,0,PhD,0
6770,Machine Learning Engineer,Enterprise,Healthcare,USA,Remote,Entry,1,Bachelor,0
6771,AI Engineer,MNC,E-commerce,Canada,Onsite,Senior,1,PhD,1
6772,Data Analyst,Startup,Healthcare,Singapore,Hybrid,Entry,11,PhD,0
6773,Data Engineer,MNC,Healthcare,Canada,Remote,Mid,11,Bachelor,0
6774,AI Engineer,Enterprise,Finance,Canada,Remote,Senior,14,Bachelor,0
6775,Machine Learning Engineer,Enterprise,Finance,Singapore,Onsite,Senior,9,Bachelor,0
6776,Data Analyst,Medium,Finance,Germany,Remote,Entry,4,PhD,1
6777,AI Engineer,MNC,Finance,Australia,Remote,Entry,6,Bachelor,0
6778,AI Engineer,Medium,Education,Australia,Hybrid,Senior,12,Bachelor,1
6779,AI Engineer,MNC,Technology,UK,Hybrid,Mid,9,Master,0
6780,Data Analyst,Enterprise,E-commerce,UK,Hybrid,Entry,9,PhD,1
6781,AI Engineer,Medium,Finance,Singapore,Onsite,Senior,10,Bachelor,1
6782,Machine Learning Engineer,Enterprise,Finance,Australia,Onsite,Mid,4,Master,1
6783,Data Engineer,Enterprise,Healthcare,Germany,Remote,Entry,0,Master,0
6784,Data Engineer,Medium,Finance,Australia,Remote,Senior,14,Bachelor,1
6785,Business Analyst,Enterprise,Healthcare,USA,Onsite,Entry,1,Master,0
6786,Data Scientist,MNC,Retail,UK,Hybrid,Entry,11,PhD,1
6787,AI Engineer,MNC,Retail,India,Onsite,Entry,7,PhD,1
6788,AI Engineer,Medium,Education,Canada,Remote,Entry,3,Bachelor,0
6789,Machine Learning Engineer,Enterprise,Education,USA,Onsite,Mid,1,Bachelor,1
6790,Business Analyst,Enterprise,E-commerce,Canada,Onsite,Mid,9,Bachelor,1
6791,Business Analyst,MNC,Finance,Germany,Remote,Mid,12,Bachelor,0
6792,Data Engineer,Enterprise,Healthcare,Australia,Remote,Entry,7,Bachelor,1
6793,Business Analyst,Medium,E-commerce,UK,Onsite,Entry,2,Bachelor,0
6794,Data Scientist,Medium,E-commerce,Canada,Remote,Entry,13,Bachelor,0
6795,Data Engineer,Medium,Healthcare,UK,Hybrid,Mid,9,PhD,0
6796,Data Scientist,Startup,Healthcare,Singapore,Onsite,Entry,2,PhD,1
6797,Data Scientist,MNC,Finance,UK,Hybrid,Entry,13,PhD,0
6798,Data Engineer,Startup,Healthcare,Singapore,Hybrid,Entry,7,Bachelor,1
6799,Machine Learning Engineer,MNC,Education,UK,Hybrid,Entry,13,Bachelor,0
6800,Data Scientist,Medium,Education,Canada,Remote,Senior,1,Bachelor,1
6801,AI Engineer,MNC,Technology,Singapore,Remote,Mid,3,Bachelor,1
6802,Data Analyst,MNC,Finance,Singapore,Remote,Senior,8,Master,0
6803,Machine Learning Engineer,MNC,Technology,Germany,Remote,Entry,0,Master,0
6804,AI Engineer,Startup,Finance,UK,Remote,Entry,3,Master,1
6805,AI Engineer,Startup,Healthcare,UK,Remote,Mid,1,Master,0
6806,Business Analyst,MNC,Technology,Singapore,Onsite,Senior,11,PhD,1
6807,Machine Learning Engineer,Medium,Finance,USA,Onsite,Senior,9,Bachelor,0
6808,AI Engineer,MNC,Retail,Germany,Remote,Senior,7,Master,1
6809,Machine Learning Engineer,Enterprise,Education,Canada,Onsite,Senior,2,Master,1
6810,AI Engineer,Enterprise,Finance,USA,Onsite,Entry,6,Master,0
6811,Data Engineer,MNC,Education,Germany,Onsite,Senior,13,Bachelor,1
6812,Data Engineer,Enterprise,Education,Singapore,Remote,Senior,6,Bachelor,0
6813,Business Analyst,Medium,Retail,UK,Hybrid,Mid,14,PhD,1
6814,Data Engineer,Medium,Finance,UK,Hybrid,Senior,14,Master,1
6815,Data Scientist,Medium,Finance,Germany,Onsite,Senior,11,PhD,1
6816,Data Scientist,Startup,Technology,Germany,Remote,Entry,9,PhD,0
6817,Data Scientist,Enterprise,Education,Germany,Remote,Senior,0,Bachelor,1
6818,Data Analyst,Enterprise,Retail,UK,Onsite,Senior,5,PhD,0
6819,Machine Learning Engineer,Enterprise,Education,Australia,Remote,Mid,5,Bachelor,0
6820,Data Engineer,Medium,E-commerce,UK,Onsite,Senior,10,Master,0
6821,Data Scientist,Medium,Education,Australia,Onsite,Senior,12,PhD,0
6822,Data Analyst,MNC,Retail,Canada,Hybrid,Senior,13,Master,0
6823,Machine Learning Engineer,Startup,E-commerce,Australia,Remote,Entry,5,Bachelor,1
6824,Data Analyst,Enterprise,Education,UK,Remote,Senior,12,PhD,1
6825,Data Scientist,MNC,Healthcare,Canada,Onsite,Senior,13,Master,1
6826,Data Scientist,Medium,Finance,USA,Hybrid,Entry,0,PhD,1
6827,AI Engineer,MNC,Retail,USA,Hybrid,Mid,6,Master,0
6828,Business Analyst,Medium,Healthcare,Germany,Hybrid,Mid,0,PhD,0
6829,AI Engineer,Startup,Healthcare,Canada,Remote,Mid,4,Bachelor,0
6830,AI Engineer,Enterprise,Finance,UK,Onsite,Entry,8,Master,0
6831,Data Scientist,MNC,Education,Singapore,Remote,Senior,14,Master,1
6832,Data Scientist,MNC,E-commerce,Australia,Remote,Senior,12,Bachelor,1
6833,Data Engineer,Enterprise,Education,Germany,Onsite,Entry,3,PhD,1
6834,Data Analyst,Medium,Finance,USA,Hybrid,Senior,12,PhD,1
6835,Machine Learning Engineer,Medium,Healthcare,Singapore,Hybrid,Entry,7,PhD,0
6836,Business Analyst,Startup,Healthcare,Australia,Hybrid,Mid,14,PhD,0
6837,Data Engineer,Medium,Technology,India,Hybrid,Senior,10,Bachelor,0
6838,Data Engineer,Medium,Healthcare,Australia,Remote,Entry,2,Bachelor,0
6839,AI Engineer,Enterprise,Technology,Singapore,Hybrid,Entry,12,Master,1
6840,AI Engineer,Startup,E-commerce,UK,Remote,Entry,7,PhD,0
6841,AI Engineer,Enterprise,Retail,UK,Onsite,Entry,0,PhD,0
6842,Data Scientist,Startup,Education,India,Onsite,Senior,8,Bachelor,0
6843,Machine Learning Engineer,Startup,Retail,Australia,Onsite,Mid,14,Bachelor,0
6844,AI Engineer,Enterprise,Finance,Australia,Hybrid,Senior,14,PhD,1
6845,Machine Learning Engineer,Startup,Technology,Germany,Onsite,Senior,4,PhD,1
6846,Data Scientist,Medium,Technology,Singapore,Remote,Entry,0,Bachelor,1
6847,Data Analyst,Startup,E-commerce,Canada,Onsite,Senior,4,PhD,0
6848,AI Engineer,MNC,Healthcare,India,Onsite,Mid,11,Bachelor,0
6849,Data Analyst,MNC,Finance,Canada,Remote,Mid,1,PhD,1
6850,Data Scientist,Medium,E-commerce,USA,Remote,Mid,2,PhD,0
6851,Data Analyst,Medium,Technology,UK,Onsite,Entry,8,PhD,1
6852,Data Analyst,Startup,Technology,Germany,Remote,Mid,14,PhD,1
6853,Data Analyst,MNC,Technology,Germany,Hybrid,Mid,3,Master,1
6854,Data Engineer,Enterprise,Finance,Germany,Onsite,Mid,2,Master,0
6855,Data Analyst,Medium,Retail,UK,Hybrid,Entry,8,Bachelor,0
6856,Data Analyst,Medium,E-commerce,Singapore,Hybrid,Senior,7,Bachelor,0
6857,Data Engineer,Enterprise,E-commerce,USA,Onsite,Senior,12,PhD,1
6858,Data Scientist,Startup,Technology,USA,Remote,Entry,13,Bachelor,0
6859,AI Engineer,MNC,Education,Canada,Remote,Senior,3,PhD,0
6860,Data Engineer,Enterprise,Technology,UK,Hybrid,Senior,2,Master,1
6861,Data Engineer,Startup,Healthcare,Germany,Onsite,Entry,2,Bachelor,1
6862,AI Engineer,Startup,E-commerce,UK,Onsite,Mid,4,Master,0
6863,Business Analyst,Enterprise,E-commerce,Germany,Onsite,Mid,1,Bachelor,1
6864,AI Engineer,MNC,Retail,India,Remote,Mid,8,Master,1
6865,Business Analyst,Medium,E-commerce,Australia,Onsite,Senior,10,PhD,1
6866,Data Scientist,Enterprise,E-commerce,UK,Remote,Mid,0,Bachelor,0
6867,Machine Learning Engineer,Medium,Retail,Germany,Remote,Senior,8,PhD,0
6868,Data Engineer,Startup,Retail,Canada,Remote,Senior,6,Bachelor,1
6869,Data Engineer,MNC,Finance,Australia,Onsite,Mid,11,Bachelor,1
6870,Data Engineer,MNC,Finance,USA,Onsite,Entry,6,PhD,1
6871,Data Analyst,Startup,Retail,Canada,Hybrid,Senior,1,Master,1
6872,Data Engineer,Medium,Education,UK,Onsite,Mid,9,PhD,1
6873,Machine Learning Engineer,Startup,E-commerce,UK,Remote,Entry,13,PhD,0
6874,Data Scientist,Startup,Finance,Australia,Remote,Senior,11,Bachelor,1
6875,Data Engineer,Medium,E-commerce,Germany,Remote,Senior,9,Master,0
6876,Data Analyst,Startup,E-commerce,Australia,Onsite,Entry,0,Master,0
6877,Data Analyst,Medium,Healthcare,India,Onsite,Entry,2,Master,1
6878,Data Engineer,Medium,Finance,USA,Remote,Entry,5,PhD,1
6879,Machine Learning Engineer,Enterprise,Technology,Singapore,Onsite,Senior,9,PhD,0
6880,Business Analyst,Enterprise,Finance,Germany,Onsite,Mid,2,Bachelor,0
6881,Data Analyst,MNC,Healthcare,USA,Onsite,Mid,7,PhD,0
6882,Machine Learning Engineer,Enterprise,Technology,UK,Hybrid,Mid,4,Master,1
6883,AI Engineer,Enterprise,Education,Australia,Remote,Entry,10,Master,1
6884,Data Analyst,Medium,Education,India,Remote,Senior,5,Master,0
6885,Business Analyst,Medium,Retail,India,Onsite,Senior,8,Master,0
6886,Data Analyst,Medium,Education,Singapore,Onsite,Senior,10,Master,0
6887,Data Scientist,Enterprise,Technology,Canada,Hybrid,Senior,13,PhD,0
6888,Data Scientist,Medium,E-commerce,India,Hybrid,Mid,4,PhD,0
6889,Business Analyst,Enterprise,Technology,UK,Hybrid,Entry,13,Master,0
6890,Data Scientist,MNC,Finance,Canada,Hybrid,Senior,13,PhD,1
6891,Machine Learning Engineer,Enterprise,Healthcare,Singapore,Hybrid,Mid,11,PhD,0
6892,Data Scientist,Enterprise,Education,UK,Hybrid,Mid,1,PhD,1
6893,Business Analyst,MNC,Education,USA,Hybrid,Senior,10,PhD,0
6894,Data Engineer,Startup,E-commerce,USA,Onsite,Mid,6,Master,1
6895,Data Analyst,Startup,Retail,Singapore,Onsite,Senior,9,Master,0
6896,AI Engineer,Enterprise,Retail,USA,Remote,Entry,9,PhD,1
6897,Business Analyst,MNC,Retail,Germany,Hybrid,Senior,5,Bachelor,1
6898,Business Analyst,Enterprise,Finance,UK,Onsite,Senior,7,PhD,1
6899,Data Engineer,Startup,Healthcare,Australia,Remote,Entry,10,Bachelor,0
6900,Data Scientist,Medium,Retail,Canada,Hybrid,Senior,10,Master,1
6901,Data Scientist,Enterprise,Healthcare,USA,Hybrid,Entry,0,Master,1
6902,Machine Learning Engineer,MNC,Finance,Singapore,Remote,Entry,4,Bachelor,0
6903,AI Engineer,Startup,Retail,India,Hybrid,Mid,6,PhD,1
6904,Data Scientist,Medium,Finance,USA,Hybrid,Entry,10,Bachelor,0
6905,Data Scientist,Enterprise,Retail,Germany,Remote,Senior,11,PhD,1
6906,AI Engineer,MNC,Retail,Germany,Onsite,Senior,6,Bachelor,0
6907,AI Engineer,Startup,Healthcare,Germany,Hybrid,Senior,9,Master,1
6908,Data Scientist,Enterprise,E-commerce,USA,Remote,Entry,7,Bachelor,0
6909,AI Engineer,MNC,Education,Singapore,Hybrid,Senior,9,PhD,1
6910,Data Scientist,Enterprise,E-commerce,India,Remote,Entry,1,Master,0
6911,Data Analyst,MNC,Retail,Singapore,Remote,Entry,3,Bachelor,0
6912,Business Analyst,Startup,Technology,India,Onsite,Senior,9,Bachelor,0
6913,AI Engineer,Medium,Retail,USA,Remote,Senior,12,PhD,1
6914,Machine Learning Engineer,Startup,Finance,Australia,Remote,Mid,10,Bachelor,1
6915,Business Analyst,Startup,Healthcare,UK,Hybrid,Entry,10,Master,0
6916,Machine Learning Engineer,Startup,Finance,USA,Hybrid,Mid,0,PhD,0
6917,Data Scientist,MNC,Retail,UK,Remote,Entry,7,Bachelor,1
6918,Machine Learning Engineer,Startup,E-commerce,UK,Remote,Mid,0,PhD,0
6919,Machine Learning Engineer,Startup,E-commerce,India,Hybrid,Entry,0,PhD,1
6920,Data Analyst,Startup,Education,USA,Onsite,Senior,7,Bachelor,0
6921,Data Engineer,Medium,E-commerce,UK,Hybrid,Senior,9,Bachelor,1
6922,AI Engineer,MNC,Education,Canada,Remote,Entry,7,Bachelor,0
6923,Business Analyst,Startup,Finance,Singapore,Hybrid,Entry,5,Master,0
6924,AI Engineer,Medium,Retail,UK,Onsite,Entry,1,PhD,0
6925,Data Engineer,MNC,Education,Australia,Remote,Mid,14,PhD,0
6926,Data Engineer,Enterprise,Retail,India,Remote,Mid,6,Master,1
6927,Machine Learning Engineer,Startup,E-commerce,USA,Onsite,Senior,12,PhD,1
6928,Data Analyst,Medium,Retail,Singapore,Hybrid,Entry,3,Master,0
6929,Machine Learning Engineer,Medium,Education,USA,Hybrid,Mid,6,Bachelor,0
6930,AI Engineer,Medium,Education,Singapore,Remote,Mid,5,Master,1
6931,Data Engineer,Enterprise,Healthcare,Singapore,Hybrid,Mid,6,PhD,0
6932,Business Analyst,Enterprise,Finance,Australia,Onsite,Entry,2,Master,0
6933,Business Analyst,Enterprise,Finance,Canada,Remote,Entry,0,PhD,0
6934,AI Engineer,Medium,Education,UK,Remote,Mid,7,PhD,1
6935,AI Engineer,Enterprise,Finance,Australia,Hybrid,Mid,10,PhD,0
6936,Data Scientist,MNC,E-commerce,India,Hybrid,Senior,1,Master,0
6937,Data Scientist,MNC,Finance,India,Remote,Entry,5,Bachelor,1
6938,Data Engineer,Medium,Healthcare,UK,Hybrid,Mid,13,Bachelor,1
6939,AI Engineer,Medium,Technology,Germany,Remote,Mid,2,Bachelor,0
6940,Data Analyst,Startup,Retail,Canada,Remote,Senior,8,PhD,1
6941,Machine Learning Engineer,Medium,E-commerce,Canada,Hybrid,Entry,12,PhD,0
6942,Business Analyst,Startup,Retail,Canada,Onsite,Entry,7,PhD,1
6943,Data Scientist,Medium,Healthcare,Germany,Remote,Mid,11,Bachelor,0
6944,Data Engineer,Startup,Retail,Germany,Hybrid,Senior,8,Bachelor,0
6945,AI Engineer,Enterprise,Technology,India,Onsite,Senior,5,Bachelor,0
6946,Data Scientist,Enterprise,E-commerce,USA,Onsite,Entry,14,Bachelor,0
6947,Business Analyst,Startup,Technology,UK,Hybrid,Mid,6,Bachelor,0
6948,Data Engineer,Enterprise,Healthcare,Singapore,Onsite,Entry,0,Master,0
6949,AI Engineer,Enterprise,E-commerce,Australia,Remote,Senior,6,PhD,1
6950,Data Scientist,Enterprise,Education,India,Hybrid,Entry,8,Bachelor,1
6951,Business Analyst,Startup,Healthcare,Australia,Remote,Senior,2,PhD,1
6952,Data Analyst,Enterprise,E-commerce,Canada,Remote,Entry,10,Master,0
6953,Machine Learning Engineer,Startup,Healthcare,Germany,Remote,Entry,10,Bachelor,1
6954,Data Engineer,Enterprise,Technology,Canada,Onsite,Entry,0,PhD,1
6955,AI Engineer,Medium,Education,India,Onsite,Senior,2,PhD,1
6956,Business Analyst,MNC,Education,Singapore,Onsite,Entry,7,PhD,0
6957,Business Analyst,Medium,Technology,Germany,Hybrid,Entry,7,Bachelor,1
6958,Machine Learning Engineer,Startup,Education,UK,Hybrid,Mid,5,Master,1
6959,Data Analyst,Startup,Technology,Germany,Hybrid,Entry,4,PhD,1
6960,Business Analyst,MNC,Retail,Singapore,Hybrid,Entry,6,Bachelor,0
6961,Data Scientist,Enterprise,Finance,Canada,Hybrid,Mid,6,Bachelor,1
6962,AI Engineer,Enterprise,Education,Australia,Remote,Mid,9,Bachelor,1
6963,Business Analyst,Enterprise,Finance,Singapore,Onsite,Mid,1,Master,0
6964,Machine Learning Engineer,MNC,Education,Singapore,Hybrid,Senior,6,Master,0
6965,Business Analyst,Enterprise,Finance,Canada,Remote,Mid,3,PhD,1
6966,Data Scientist,Medium,Healthcare,Canada,Remote,Senior,11,PhD,0
6967,Data Engineer,MNC,Education,USA,Onsite,Senior,12,Master,1
6968,Business Analyst,Enterprise,Education,Germany,Hybrid,Senior,7,PhD,0
6969,Data Scientist,Medium,E-commerce,Canada,Hybrid,Senior,6,PhD,0
6970,AI Engineer,MNC,Technology,UK,Onsite,Senior,3,PhD,0
6971,Data Engineer,Enterprise,Finance,India,Hybrid,Senior,2,PhD,1
6972,Data Engineer,Medium,E-commerce,UK,Hybrid,Senior,4,PhD,1
6973,Data Scientist,Enterprise,Healthcare,Germany,Remote,Entry,3,Master,1
6974,Business Analyst,Medium,Technology,Singapore,Onsite,Mid,10,Master,1
6975,Business Analyst,Medium,E-commerce,India,Remote,Entry,8,Master,1
6976,Data Engineer,Startup,Retail,Singapore,Hybrid,Mid,1,PhD,1
6977,AI Engineer,Startup,Retail,Australia,Remote,Mid,8,Master,1
6978,Machine Learning Engineer,Medium,Healthcare,Germany,Remote,Senior,7,Master,0
6979,Data Engineer,Startup,Healthcare,India,Remote,Senior,13,Bachelor,1
6980,AI Engineer,Medium,Finance,India,Onsite,Senior,9,Bachelor,1
6981,AI Engineer,Startup,E-commerce,India,Onsite,Senior,6,PhD,1
6982,Data Scientist,Enterprise,Healthcare,India,Hybrid,Mid,1,PhD,0
6983,Data Scientist,Medium,Education,USA,Onsite,Entry,9,Bachelor,1
6984,Data Scientist,Startup,Finance,Australia,Remote,Senior,6,PhD,0
6985,Machine Learning Engineer,MNC,Education,UK,Hybrid,Entry,13,Bachelor,1
6986,Data Analyst,MNC,Finance,Australia,Remote,Mid,7,Master,0
6987,Data Analyst,Medium,Education,Australia,Hybrid,Senior,13,Bachelor,1
6988,Data Engineer,Medium,Finance,Germany,Onsite,Mid,7,Bachelor,1
6989,Machine Learning Engineer,Startup,E-commerce,Canada,Hybrid,Entry,0,Master,1
6990,Business Analyst,Startup,Retail,Australia,Hybrid,Mid,13,PhD,0
6991,Business Analyst,MNC,Finance,Canada,Hybrid,Mid,10,PhD,1
6992,Data Scientist,Medium,Education,USA,Remote,Mid,1,Bachelor,0
6993,AI Engineer,MNC,Retail,USA,Hybrid,Senior,8,Master,0
6994,AI Engineer,Medium,Finance,USA,Remote,Entry,12,PhD,1
6995,Data Scientist,Medium,Education,UK,Remote,Entry,12,Master,1
6996,Data Analyst,Medium,E-commerce,Singapore,Remote,Mid,0,Master,0
6997,Data Engineer,Enterprise,Education,Australia,Onsite,Senior,5,PhD,0
6998,Machine Learning Engineer,MNC,Technology,Canada,Onsite,Entry,12,Bachelor,0
6999,Business Analyst,MNC,Finance,Germany,Remote,Entry,11,Bachelor,1
7000,Data Engineer,Enterprise,Retail,Australia,Hybrid,Entry,12,Master,1
7001,Business Analyst,Medium,Technology,Singapore,Hybrid,Mid,13,PhD,0
7002,AI Engineer,MNC,Finance,Australia,Remote,Entry,8,Master,1
7003,AI Engineer,Startup,Finance,India,Remote,Entry,1,PhD,1
7004,Data Analyst,MNC,E-commerce,India,Onsite,Entry,12,Master,0
7005,Business Analyst,Enterprise,Education,UK,Hybrid,Entry,12,PhD,1
7006,Data Engineer,Medium,Healthcare,Australia,Onsite,Mid,7,Master,0
7007,Data Engineer,Medium,Healthcare,UK,Onsite,Entry,10,Bachelor,1
7008,Data Scientist,Startup,E-commerce,Canada,Remote,Entry,5,PhD,1
7009,Data Analyst,Startup,Finance,Canada,Onsite,Entry,14,PhD,0
7010,Business Analyst,Enterprise,Healthcare,UK,Hybrid,Mid,4,PhD,0
7011,Data Analyst,MNC,E-commerce,Canada,Hybrid,Entry,8,Bachelor,1
7012,Data Engineer,MNC,Healthcare,UK,Hybrid,Entry,13,PhD,0
7013,AI Engineer,Enterprise,E-commerce,Singapore,Onsite,Entry,12,Bachelor,1
7014,Data Scientist,Enterprise,Retail,USA,Remote,Entry,2,PhD,0
7015,AI Engineer,Enterprise,Finance,India,Hybrid,Senior,3,Master,0
7016,Data Analyst,MNC,Retail,UK,Hybrid,Mid,2,Bachelor,1
7017,Business Analyst,Enterprise,Healthcare,Germany,Onsite,Entry,11,Master,1
7018,Data Engineer,Enterprise,Healthcare,India,Onsite,Entry,0,PhD,0
7019,Business Analyst,Startup,E-commerce,Singapore,Remote,Entry,9,Master,0
7020,Machine Learning Engineer,Medium,Technology,UK,Hybrid,Entry,13,Bachelor,0
7021,Data Analyst,Enterprise,Finance,Germany,Hybrid,Mid,1,Master,0
7022,Business Analyst,Medium,E-commerce,USA,Remote,Mid,10,Bachelor,1
7023,Data Scientist,Enterprise,Technology,USA,Remote,Senior,14,Master,1
7024,Data Engineer,Startup,Finance,UK,Onsite,Entry,6,Master,1
7025,Machine Learning Engineer,MNC,Technology,Canada,Onsite,Entry,2,Master,1
7026,Machine Learning Engineer,Medium,Finance,Germany,Onsite,Mid,6,Bachelor,1
7027,Data Analyst,Startup,Finance,India,Remote,Entry,7,PhD,1
7028,Business Analyst,MNC,Education,India,Hybrid,Entry,8,PhD,0
7029,AI Engineer,Startup,Healthcare,Germany,Hybrid,Mid,5,Master,0
7030,Machine Learning Engineer,Medium,Technology,Singapore,Onsite,Entry,4,PhD,0
7031,Business Analyst,Enterprise,Healthcare,Australia,Hybrid,Mid,0,Master,1
7032,AI Engineer,MNC,E-commerce,USA,Onsite,Senior,13,PhD,0
7033,Data Analyst,Medium,Finance,Australia,Onsite,Mid,4,Master,1
7034,Machine Learning Engineer,Enterprise,Healthcare,UK,Remote,Entry,0,PhD,0
7035,Data Analyst,Startup,Finance,India,Onsite,Mid,10,Bachelor,1
7036,Data Analyst,Startup,Technology,India,Remote,Mid,7,Master,1
7037,Data Analyst,Startup,Healthcare,Australia,Remote,Mid,1,Bachelor,1
7038,Data Engineer,MNC,Healthcare,Singapore,Onsite,Entry,5,Bachelor,0
7039,Machine Learning Engineer,Startup,Education,Australia,Onsite,Senior,11,Bachelor,1
7040,Machine Learning Engineer,MNC,Retail,UK,Hybrid,Senior,3,Bachelor,0
7041,Data Analyst,MNC,Retail,Germany,Remote,Mid,9,Bachelor,0
7042,Data Engineer,Startup,Finance,UK,Hybrid,Mid,6,Master,1
7043,Data Engineer,Medium,E-commerce,Canada,Remote,Entry,9,PhD,1
7044,Machine Learning Engineer,MNC,Finance,Canada,Onsite,Mid,9,PhD,0
7045,Data Engineer,Enterprise,Technology,Australia,Onsite,Senior,0,Bachelor,1
7046,Data Engineer,MNC,Healthcare,Canada,Remote,Entry,3,Bachelor,0
7047,Data Engineer,MNC,E-commerce,USA,Remote,Entry,8,Bachelor,0
7048,Business Analyst,MNC,Retail,Singapore,Remote,Entry,0,PhD,0
7049,Machine Learning Engineer,Medium,Education,India,Remote,Mid,3,Master,0
7050,Data Engineer,Enterprise,E-commerce,Germany,Remote,Entry,10,Master,0
7051,Business Analyst,Enterprise,Education,Singapore,Hybrid,Mid,5,PhD,1
7052,Data Analyst,Startup,Education,USA,Remote,Mid,7,Bachelor,1
7053,Data Scientist,Medium,Retail,Australia,Hybrid,Senior,1,Bachelor,1
7054,Machine Learning Engineer,MNC,E-commerce,India,Hybrid,Mid,14,PhD,1
7055,Data Engineer,MNC,Education,UK,Remote,Senior,14,Bachelor,1
7056,Data Engineer,MNC,Retail,Canada,Hybrid,Senior,13,PhD,1
7057,Data Engineer,Enterprise,Healthcare,Canada,Onsite,Mid,8,Bachelor,1
7058,Business Analyst,Medium,Finance,India,Remote,Mid,10,Master,0
7059,Data Scientist,Medium,Finance,Australia,Hybrid,Mid,10,Master,0
7060,Business Analyst,Medium,E-commerce,Singapore,Hybrid,Mid,8,Master,0
7061,Machine Learning Engineer,Enterprise,Retail,Singapore,Onsite,Senior,7,Master,0
7062,AI Engineer,Medium,E-commerce,Germany,Remote,Mid,9,Master,0
7063,AI Engineer,Enterprise,Healthcare,Australia,Hybrid,Senior,2,Master,1
7064,Machine Learning Engineer,Startup,Retail,Singapore,Hybrid,Entry,10,Bachelor,0
7065,Data Analyst,Enterprise,Retail,Canada,Hybrid,Mid,14,Master,0
7066,AI Engineer,MNC,Finance,India,Onsite,Entry,14,PhD,0
7067,Data Scientist,Startup,Healthcare,Canada,Remote,Mid,5,PhD,1
7068,Data Engineer,MNC,Retail,India,Onsite,Entry,3,Master,0
7069,AI Engineer,Startup,Education,Canada,Hybrid,Entry,10,Bachelor,0
7070,Machine Learning Engineer,Enterprise,Technology,USA,Remote,Mid,9,PhD,0
7071,Data Scientist,Startup,Finance,Australia,Hybrid,Mid,6,Master,0
7072,Data Scientist,Medium,E-commerce,USA,Hybrid,Mid,0,Master,1
7073,Machine Learning Engineer,Enterprise,Technology,Australia,Remote,Senior,3,PhD,0
7074,Business Analyst,Enterprise,Technology,UK,Hybrid,Senior,8,Bachelor,0
7075,Data Analyst,Startup,Retail,Canada,Hybrid,Mid,7,PhD,0
7076,Machine Learning Engineer,Enterprise,Retail,Germany,Hybrid,Mid,12,Bachelor,0
7077,Business Analyst,MNC,Education,Singapore,Remote,Mid,0,PhD,1
7078,Data Scientist,Enterprise,Education,Singapore,Onsite,Senior,3,Master,0
7079,Data Analyst,Medium,Retail,UK,Remote,Senior,0,Bachelor,0
7080,Data Scientist,Enterprise,Retail,Australia,Remote,Senior,2,Bachelor,1
7081,Data Scientist,Enterprise,Finance,USA,Onsite,Mid,12,Bachelor,0
7082,AI Engineer,Enterprise,Healthcare,Germany,Onsite,Entry,3,Master,1
7083,Business Analyst,Startup,E-commerce,USA,Remote,Mid,4,Master,1
7084,Data Analyst,MNC,Education,Germany,Hybrid,Mid,12,Master,1
7085,Data Engineer,MNC,Education,Australia,Onsite,Mid,12,Master,1
7086,Data Scientist,Medium,Retail,Germany,Remote,Mid,2,Bachelor,0
7087,AI Engineer,MNC,E-commerce,USA,Remote,Mid,13,PhD,0
7088,Business Analyst,Startup,Finance,Germany,Onsite,Entry,7,Bachelor,0
7089,Data Engineer,Startup,Technology,Canada,Onsite,Mid,3,Bachelor,1
7090,Machine Learning Engineer,Enterprise,Finance,USA,Hybrid,Mid,4,PhD,0
7091,Machine Learning Engineer,MNC,Healthcare,USA,Remote,Senior,2,PhD,0
7092,Data Scientist,Startup,Finance,Singapore,Hybrid,Mid,2,Bachelor,1
7093,Business Analyst,Enterprise,Technology,Singapore,Remote,Mid,13,PhD,0
7094,Machine Learning Engineer,Enterprise,E-commerce,Canada,Onsite,Senior,0,PhD,1
7095,Machine Learning Engineer,MNC,Technology,USA,Onsite,Senior,11,Bachelor,1
7096,Business Analyst,Medium,Education,UK,Onsite,Senior,0,Bachelor,0
7097,Data Engineer,Startup,Healthcare,Singapore,Remote,Mid,3,Master,0
7098,Machine Learning Engineer,MNC,Finance,Singapore,Hybrid,Entry,0,PhD,1
7099,AI Engineer,Startup,Healthcare,India,Hybrid,Mid,7,PhD,1
7100,Data Analyst,Enterprise,E-commerce,USA,Hybrid,Senior,2,Master,0
7101,Data Scientist,MNC,Retail,UK,Hybrid,Entry,13,Bachelor,1
7102,Data Engineer,Medium,Finance,Germany,Remote,Mid,5,Bachelor,0
7103,Data Engineer,Enterprise,E-commerce,USA,Hybrid,Senior,12,PhD,1
7104,AI Engineer,MNC,Technology,India,Remote,Mid,6,Master,0
7105,Data Engineer,Enterprise,Healthcare,USA,Onsite,Entry,10,PhD,0
7106,AI Engineer,Startup,Healthcare,USA,Hybrid,Entry,3,Master,1
7107,AI Engineer,MNC,Education,Australia,Hybrid,Entry,12,Master,1
7108,AI Engineer,Enterprise,Finance,Germany,Onsite,Senior,3,PhD,0
7109,Data Scientist,Medium,Education,Singapore,Onsite,Entry,1,Bachelor,0
7110,Data Analyst,Enterprise,Technology,USA,Remote,Senior,1,Master,1
7111,Data Scientist,Enterprise,Healthcare,Singapore,Hybrid,Senior,11,PhD,0
7112,Business Analyst,Startup,Education,UK,Hybrid,Entry,1,Bachelor,0
7113,Business Analyst,Enterprise,Finance,USA,Onsite,Mid,4,PhD,0
7114,Data Analyst,Enterprise,E-commerce,India,Onsite,Mid,3,Master,0
7115,Business Analyst,Medium,Technology,USA,Onsite,Entry,11,Master,0
7116,Machine Learning Engineer,Enterprise,Finance,USA,Hybrid,Senior,3,Master,1
7117,Machine Learning Engineer,Startup,E-commerce,Germany,Hybrid,Mid,4,Bachelor,0
7118,Data Scientist,Medium,Retail,Australia,Onsite,Mid,10,PhD,0
7119,Data Engineer,Enterprise,Education,India,Onsite,Entry,5,Bachelor,0
7120,Machine Learning Engineer,Medium,E-commerce,UK,Remote,Entry,5,Master,0
7121,Business Analyst,Medium,Finance,USA,Onsite,Senior,14,PhD,0
7122,Business Analyst,MNC,Healthcare,UK,Remote,Senior,5,Bachelor,1
7123,Data Analyst,Medium,Retail,UK,Hybrid,Senior,0,PhD,0
7124,Data Engineer,MNC,Retail,Canada,Hybrid,Senior,8,Bachelor,0
7125,Data Engineer,MNC,E-commerce,India,Hybrid,Mid,10,Bachelor,0
7126,Business Analyst,Medium,Education,Germany,Remote,Senior,5,PhD,0
7127,Data Analyst,MNC,Education,Australia,Onsite,Entry,13,PhD,1
7128,Machine Learning Engineer,Enterprise,Education,USA,Onsite,Entry,3,Bachelor,0
7129,Data Scientist,Medium,Retail,Germany,Onsite,Entry,14,PhD,0
7130,Data Scientist,Enterprise,Technology,Australia,Onsite,Senior,14,Bachelor,1
7131,Data Engineer,MNC,Healthcare,Germany,Remote,Mid,8,Bachelor,0
7132,Machine Learning Engineer,MNC,Retail,Germany,Remote,Mid,11,Bachelor,0
7133,Data Scientist,Medium,E-commerce,USA,Hybrid,Mid,10,Bachelor,0
7134,Data Engineer,Startup,Healthcare,USA,Hybrid,Entry,4,PhD,0
7135,Data Engineer,Enterprise,E-commerce,Canada,Onsite,Mid,5,Master,1
7136,Machine Learning Engineer,Startup,Healthcare,UK,Hybrid,Senior,11,Master,1
7137,Business Analyst,Startup,Education,USA,Hybrid,Mid,6,Bachelor,0
7138,Data Analyst,Startup,Technology,Canada,Remote,Entry,6,Master,1
7139,Data Scientist,Medium,Healthcare,Australia,Remote,Senior,7,Bachelor,0
7140,Data Analyst,MNC,Finance,USA,Onsite,Senior,14,PhD,0
7141,Data Engineer,MNC,Technology,UK,Onsite,Mid,10,Bachelor,1
7142,Business Analyst,MNC,Education,Germany,Remote,Senior,13,Master,0
7143,Machine Learning Engineer,MNC,E-commerce,Singapore,Remote,Mid,13,PhD,0
7144,Data Analyst,MNC,Retail,Germany,Remote,Senior,13,PhD,0
7145,Data Engineer,Medium,Finance,Germany,Hybrid,Senior,5,Bachelor,1
7146,Business Analyst,Enterprise,E-commerce,Canada,Hybrid,Entry,8,Master,0
7147,Machine Learning Engineer,MNC,Finance,UK,Hybrid,Senior,11,Master,0
7148,Business Analyst,Startup,Education,Australia,Onsite,Senior,11,Master,1
7149,Data Analyst,MNC,Education,Canada,Hybrid,Senior,14,Bachelor,1
7150,Data Scientist,Startup,Retail,India,Onsite,Mid,10,Master,1
7151,Data Scientist,Enterprise,Finance,Singapore,Hybrid,Entry,8,Master,0
7152,Machine Learning Engineer,Medium,Retail,Germany,Hybrid,Mid,13,PhD,1
7153,AI Engineer,Enterprise,Technology,USA,Hybrid,Entry,13,PhD,0
7154,Data Analyst,Medium,Retail,UK,Onsite,Mid,5,PhD,0
7155,AI Engineer,Startup,E-commerce,UK,Onsite,Entry,4,PhD,0
7156,Business Analyst,MNC,Healthcare,USA,Onsite,Senior,3,Bachelor,1
7157,Machine Learning Engineer,Enterprise,Technology,UK,Onsite,Mid,6,Master,0
7158,AI Engineer,MNC,E-commerce,Singapore,Hybrid,Mid,7,Master,1
7159,Data Scientist,Startup,E-commerce,Australia,Remote,Entry,0,Master,0
7160,Data Analyst,Enterprise,Retail,Singapore,Hybrid,Senior,13,PhD,0
7161,Data Analyst,MNC,Retail,Canada,Hybrid,Entry,13,Master,1
7162,Machine Learning Engineer,Enterprise,Technology,Germany,Onsite,Mid,14,PhD,1
7163,Data Analyst,Startup,Education,Canada,Remote,Entry,3,Master,1
7164,Data Analyst,Enterprise,Retail,Australia,Onsite,Entry,11,PhD,0
7165,Data Analyst,Medium,E-commerce,Canada,Hybrid,Senior,2,Bachelor,1
7166,Data Analyst,Medium,E-commerce,USA,Remote,Mid,3,Master,0
7167,AI Engineer,Enterprise,E-commerce,UK,Hybrid,Senior,0,PhD,0
7168,Business Analyst,Enterprise,Finance,Canada,Onsite,Senior,10,Master,0
7169,Machine Learning Engineer,Startup,E-commerce,Germany,Hybrid,Entry,10,Master,1
7170,AI Engineer,Startup,E-commerce,India,Hybrid,Entry,3,PhD,1
7171,Business Analyst,MNC,Education,USA,Hybrid,Mid,9,Bachelor,1
7172,Data Engineer,Medium,Retail,USA,Remote,Mid,0,PhD,0
7173,AI Engineer,Enterprise,Education,India,Onsite,Mid,1,Bachelor,0
7174,Data Scientist,MNC,Finance,Singapore,Remote,Senior,14,Bachelor,1
7175,Data Engineer,Startup,Education,USA,Onsite,Senior,0,PhD,1
7176,Data Analyst,MNC,Retail,India,Onsite,Entry,5,Bachelor,0
7177,Data Scientist,Enterprise,Technology,UK,Onsite,Senior,7,Master,1
7178,AI Engineer,Startup,Finance,Singapore,Remote,Senior,12,Master,0
7179,Data Engineer,Enterprise,E-commerce,India,Onsite,Entry,3,Bachelor,1
7180,Data Engineer,Enterprise,Education,Singapore,Hybrid,Mid,0,PhD,0
7181,Data Analyst,Startup,Healthcare,Australia,Remote,Mid,3,Bachelor,1
7182,AI Engineer,Enterprise,Healthcare,Singapore,Remote,Entry,9,PhD,0
7183,Machine Learning Engineer,Medium,Healthcare,Germany,Remote,Senior,11,Master,1
7184,Machine Learning Engineer,Medium,Retail,India,Onsite,Entry,10,PhD,1
7185,Machine Learning Engineer,Startup,E-commerce,Canada,Hybrid,Mid,11,Bachelor,1
7186,Data Scientist,Startup,Finance,Germany,Hybrid,Mid,0,Master,1
7187,Machine Learning Engineer,Enterprise,Finance,UK,Hybrid,Senior,4,PhD,0
7188,Business Analyst,MNC,Finance,India,Onsite,Mid,9,Bachelor,1
7189,Data Scientist,Medium,Retail,Australia,Hybrid,Entry,9,Bachelor,1
7190,Business Analyst,Enterprise,Education,Germany,Onsite,Senior,14,PhD,1
7191,Business Analyst,Enterprise,E-commerce,USA,Hybrid,Senior,12,Master,0
7192,Business Analyst,MNC,Technology,India,Onsite,Entry,14,Master,0
7193,Machine Learning Engineer,Medium,Technology,Germany,Remote,Senior,0,Master,0
7194,Machine Learning Engineer,Startup,Technology,India,Hybrid,Mid,8,Bachelor,0
7195,Data Analyst,MNC,Education,USA,Remote,Senior,3,PhD,0
7196,Data Analyst,Enterprise,Retail,UK,Onsite,Mid,11,Master,1
7197,Data Scientist,MNC,Education,USA,Hybrid,Mid,8,PhD,1
7198,Business Analyst,Enterprise,E-commerce,UK,Onsite,Senior,12,PhD,0
7199,Data Scientist,Enterprise,Healthcare,Australia,Remote,Mid,11,Master,0
7200,Business Analyst,Startup,Education,USA,Onsite,Entry,10,Master,1
7201,Machine Learning Engineer,Enterprise,Technology,India,Onsite,Entry,5,Master,0
7202,AI Engineer,Medium,Technology,Canada,Remote,Senior,3,Bachelor,1
7203,Business Analyst,Medium,Finance,Singapore,Remote,Senior,8,Master,1
7204,Data Scientist,Startup,Healthcare,Germany,Remote,Mid,8,Bachelor,0
7205,Business Analyst,Medium,Education,UK,Onsite,Entry,3,Master,0
7206,AI Engineer,MNC,Retail,UK,Remote,Entry,2,Bachelor,0
7207,Data Analyst,Startup,Technology,Germany,Hybrid,Entry,12,PhD,1
7208,Machine Learning Engineer,Medium,E-commerce,India,Onsite,Senior,10,PhD,0
7209,Data Scientist,Enterprise,Retail,UK,Onsite,Senior,3,PhD,0
7210,AI Engineer,Startup,E-commerce,UK,Onsite,Entry,1,Master,1
7211,AI Engineer,Startup,Technology,Germany,Onsite,Entry,6,PhD,0
7212,AI Engineer,MNC,Retail,Germany,Hybrid,Senior,5,Bachelor,0
7213,AI Engineer,MNC,E-commerce,Germany,Remote,Mid,5,Master,0
7214,Data Engineer,MNC,Retail,UK,Onsite,Entry,2,Master,0
7215,AI Engineer,Startup,Education,India,Hybrid,Entry,14,Bachelor,1
7216,Business Analyst,Startup,Education,Canada,Hybrid,Entry,2,PhD,1
7217,Data Engineer,Enterprise,Finance,UK,Remote,Entry,8,PhD,1
7218,Data Scientist,Medium,Education,USA,Hybrid,Senior,0,Master,1
7219,Business Analyst,Startup,Finance,Canada,Onsite,Entry,12,Master,1
7220,AI Engineer,Startup,Education,Australia,Hybrid,Entry,9,Bachelor,0
7221,Data Engineer,Enterprise,Technology,UK,Onsite,Entry,4,Bachelor,0
7222,AI Engineer,Medium,Technology,Singapore,Onsite,Entry,1,Master,1
7223,Business Analyst,Startup,Finance,UK,Onsite,Senior,8,Master,0
7224,Data Analyst,Medium,Healthcare,Germany,Hybrid,Entry,14,Bachelor,0
7225,Business Analyst,Startup,Healthcare,UK,Onsite,Entry,4,Master,1
7226,Business Analyst,Startup,Retail,USA,Remote,Mid,1,Master,1
7227,Machine Learning Engineer,Enterprise,Technology,Germany,Hybrid,Mid,4,Master,1
7228,AI Engineer,Startup,E-commerce,India,Hybrid,Senior,0,PhD,1
7229,Data Engineer,Medium,Healthcare,UK,Remote,Entry,7,Master,1
7230,Data Engineer,MNC,Retail,Singapore,Onsite,Mid,12,Bachelor,0
7231,Business Analyst,Startup,Healthcare,UK,Remote,Senior,14,PhD,1
7232,Data Engineer,MNC,Healthcare,India,Remote,Senior,8,Bachelor,0
7233,Data Analyst,Medium,Education,India,Remote,Entry,11,Master,0
7234,Data Scientist,Medium,Technology,Australia,Hybrid,Entry,10,Master,1
7235,Data Engineer,MNC,Education,UK,Remote,Senior,3,Bachelor,0
7236,Data Scientist,Startup,Healthcare,India,Onsite,Entry,11,Master,1
7237,Data Scientist,Medium,E-commerce,Australia,Onsite,Mid,14,PhD,0
7238,Data Analyst,Enterprise,Retail,Singapore,Hybrid,Entry,9,Bachelor,0
7239,Data Analyst,Startup,Finance,USA,Hybrid,Senior,6,Master,0
7240,Data Engineer,Startup,Technology,USA,Remote,Mid,1,PhD,1
7241,Data Scientist,Enterprise,Technology,UK,Remote,Mid,3,PhD,0
7242,Machine Learning Engineer,Startup,Education,India,Hybrid,Entry,1,PhD,0
7243,Data Scientist,Medium,Finance,Singapore,Remote,Senior,11,Bachelor,0
7244,Data Analyst,Medium,Retail,Australia,Remote,Mid,4,Bachelor,0
7245,Machine Learning Engineer,MNC,Technology,Canada,Hybrid,Entry,0,PhD,0
7246,Machine Learning Engineer,MNC,Healthcare,Singapore,Hybrid,Entry,5,Master,0
7247,Machine Learning Engineer,Medium,Retail,Canada,Remote,Entry,7,Master,1
7248,Machine Learning Engineer,Medium,Education,Australia,Hybrid,Senior,12,PhD,1
7249,AI Engineer,Startup,Retail,Germany,Onsite,Mid,10,Master,0
7250,Machine Learning Engineer,Startup,E-commerce,Germany,Remote,Senior,9,Bachelor,0
7251,Data Engineer,MNC,Finance,Singapore,Hybrid,Mid,4,PhD,1
7252,Data Analyst,Startup,Technology,India,Remote,Senior,6,Bachelor,0
7253,AI Engineer,MNC,Healthcare,India,Remote,Mid,2,Bachelor,0
7254,Data Scientist,MNC,Finance,Singapore,Remote,Entry,1,Bachelor,1
7255,Machine Learning Engineer,Enterprise,Education,Germany,Hybrid,Senior,8,PhD,1
7256,Data Analyst,Enterprise,Retail,Germany,Remote,Mid,5,Master,1
7257,Machine Learning Engineer,MNC,Finance,Singapore,Onsite,Mid,4,Bachelor,1
7258,AI Engineer,Enterprise,Technology,UK,Hybrid,Entry,12,Master,0
7259,Machine Learning Engineer,Medium,Retail,UK,Onsite,Senior,11,Master,0
7260,AI Engineer,Startup,E-commerce,UK,Remote,Senior,1,Bachelor,1
7261,Machine Learning Engineer,MNC,E-commerce,Singapore,Hybrid,Senior,14,PhD,0
7262,Data Scientist,MNC,E-commerce,UK,Hybrid,Entry,1,PhD,0
7263,Business Analyst,Startup,Education,UK,Remote,Senior,7,PhD,1
7264,Business Analyst,MNC,Technology,USA,Remote,Mid,2,PhD,1
7265,Data Analyst,MNC,E-commerce,Australia,Hybrid,Entry,12,PhD,1
7266,Data Analyst,MNC,Healthcare,Australia,Remote,Entry,2,PhD,0
7267,Data Engineer,MNC,Education,Germany,Remote,Entry,10,Master,0
7268,Data Scientist,MNC,Healthcare,Germany,Onsite,Entry,6,Master,1
7269,Business Analyst,MNC,Retail,UK,Remote,Mid,12,PhD,0
7270,Data Analyst,Medium,Retail,Australia,Remote,Senior,3,PhD,1
7271,Data Scientist,MNC,Healthcare,Australia,Remote,Entry,5,PhD,1
7272,Data Scientist,Startup,Healthcare,India,Onsite,Mid,9,Bachelor,1
7273,Data Analyst,Enterprise,Finance,UK,Remote,Mid,6,PhD,1
7274,Business Analyst,MNC,Healthcare,Australia,Remote,Entry,8,Master,0
7275,Business Analyst,Startup,Healthcare,Germany,Hybrid,Entry,10,Bachelor,1
7276,Machine Learning Engineer,Medium,Technology,Germany,Remote,Entry,0,PhD,1
7277,Business Analyst,Startup,Finance,USA,Onsite,Entry,13,PhD,0
7278,AI Engineer,Enterprise,E-commerce,Germany,Hybrid,Entry,10,Bachelor,1
7279,Machine Learning Engineer,Enterprise,Healthcare,India,Remote,Mid,1,Master,1
7280,Data Engineer,Startup,Retail,Germany,Remote,Senior,11,Bachelor,1
7281,Machine Learning Engineer,Medium,Finance,UK,Remote,Senior,5,Bachelor,1
7282,Data Analyst,Startup,Technology,Canada,Hybrid,Mid,1,PhD,0
7283,Data Analyst,Enterprise,Education,Germany,Remote,Senior,1,Master,1
7284,Business Analyst,MNC,Finance,Australia,Remote,Senior,4,PhD,0
7285,Data Scientist,MNC,Technology,UK,Hybrid,Mid,0,Master,0
7286,Business Analyst,Startup,E-commerce,USA,Remote,Entry,9,PhD,0
7287,Business Analyst,Enterprise,Finance,Canada,Hybrid,Mid,2,Bachelor,0
7288,Data Analyst,MNC,Finance,USA,Hybrid,Entry,5,Bachelor,0
7289,Machine Learning Engineer,Medium,Finance,Canada,Remote,Mid,6,Master,0
7290,Business Analyst,Enterprise,Finance,Canada,Onsite,Senior,4,Bachelor,1
7291,AI Engineer,MNC,Finance,Australia,Remote,Entry,8,PhD,1
7292,Machine Learning Engineer,MNC,Finance,Australia,Onsite,Mid,2,PhD,0
7293,Data Analyst,Medium,Retail,UK,Remote,Senior,5,Bachelor,1
7294,Data Scientist,MNC,Technology,India,Hybrid,Senior,9,Bachelor,0
7295,Data Engineer,MNC,Retail,Germany,Remote,Entry,11,Master,0
7296,AI Engineer,Medium,Technology,India,Remote,Senior,4,PhD,0
7297,Data Engineer,Enterprise,Finance,USA,Hybrid,Mid,14,Master,0
7298,Data Scientist,Medium,Technology,India,Hybrid,Senior,5,Bachelor,1
7299,Business Analyst,Startup,E-commerce,UK,Remote,Entry,10,PhD,1
7300,Machine Learning Engineer,MNC,Technology,UK,Hybrid,Mid,10,Master,1
7301,Data Scientist,Enterprise,Technology,Australia,Remote,Senior,13,Bachelor,1
7302,Machine Learning Engineer,MNC,Healthcare,India,Hybrid,Mid,6,Bachelor,1
7303,Business Analyst,Startup,Technology,India,Onsite,Senior,8,PhD,0
7304,Data Engineer,Startup,Technology,India,Hybrid,Mid,3,PhD,0
7305,Data Scientist,Medium,Education,Australia,Hybrid,Entry,0,Master,0
7306,Data Engineer,Enterprise,E-commerce,Singapore,Onsite,Senior,9,PhD,0
7307,Business Analyst,Startup,Technology,USA,Hybrid,Senior,9,PhD,1
7308,Data Engineer,Startup,Retail,USA,Remote,Mid,13,PhD,0
7309,Machine Learning Engineer,MNC,E-commerce,Singapore,Onsite,Mid,0,Master,1
7310,Machine Learning Engineer,Startup,E-commerce,Canada,Hybrid,Senior,13,Master,1
7311,Data Engineer,MNC,Healthcare,Australia,Onsite,Mid,5,PhD,0
7312,Machine Learning Engineer,MNC,E-commerce,USA,Onsite,Entry,6,Master,0
7313,Business Analyst,MNC,Healthcare,India,Remote,Mid,14,Bachelor,1
7314,AI Engineer,Medium,Education,Germany,Hybrid,Mid,12,Bachelor,0
7315,AI Engineer,Enterprise,Healthcare,Singapore,Hybrid,Entry,12,PhD,1
7316,AI Engineer,MNC,E-commerce,Canada,Onsite,Mid,2,PhD,1
7317,Business Analyst,Enterprise,Education,Canada,Hybrid,Mid,13,PhD,0
7318,Data Analyst,Startup,Finance,UK,Onsite,Entry,9,PhD,1
7319,AI Engineer,Startup,Technology,Germany,Remote,Senior,1,Master,0
7320,AI Engineer,MNC,Education,Australia,Onsite,Mid,14,Bachelor,0
7321,Data Analyst,Startup,E-commerce,USA,Remote,Senior,12,PhD,0
7322,Business Analyst,Enterprise,Finance,Canada,Remote,Mid,7,PhD,0
7323,Business Analyst,Medium,Finance,Singapore,Onsite,Senior,8,Master,1
7324,Machine Learning Engineer,Enterprise,Finance,Australia,Onsite,Entry,3,Master,1
7325,AI Engineer,Startup,Education,Australia,Onsite,Entry,14,Master,1
7326,Data Engineer,Startup,Healthcare,Singapore,Hybrid,Entry,8,Master,0
7327,Business Analyst,Medium,E-commerce,India,Onsite,Mid,10,PhD,1
7328,AI Engineer,MNC,E-commerce,Australia,Onsite,Senior,6,Master,1
7329,Machine Learning Engineer,Medium,Technology,Germany,Remote,Entry,5,PhD,1
7330,Data Engineer,MNC,E-commerce,Singapore,Remote,Senior,12,Master,0
7331,Business Analyst,Medium,Healthcare,Australia,Remote,Mid,12,Bachelor,1
7332,Data Analyst,Enterprise,E-commerce,Australia,Hybrid,Senior,5,PhD,1
7333,AI Engineer,MNC,Retail,Canada,Hybrid,Senior,1,Bachelor,1
7334,AI Engineer,Enterprise,Education,Canada,Onsite,Senior,4,Master,0
7335,Data Analyst,Startup,Education,India,Hybrid,Mid,13,Master,1
7336,Machine Learning Engineer,Medium,E-commerce,Singapore,Hybrid,Mid,6,Bachelor,0
7337,Data Analyst,Startup,Healthcare,Australia,Hybrid,Senior,3,PhD,0
7338,Data Scientist,MNC,E-commerce,India,Onsite,Senior,1,Bachelor,0
7339,Data Engineer,Medium,Finance,USA,Onsite,Entry,1,PhD,1
7340,Data Analyst,Startup,E-commerce,Australia,Hybrid,Entry,10,PhD,0
7341,AI Engineer,Startup,Technology,UK,Hybrid,Entry,11,Bachelor,0
7342,Data Engineer,Startup,Technology,Canada,Hybrid,Senior,5,Bachelor,1
7343,Data Analyst,Startup,Education,India,Hybrid,Entry,10,Bachelor,0
7344,Data Scientist,Enterprise,Retail,Germany,Onsite,Senior,13,Master,0
7345,Business Analyst,Startup,Healthcare,Singapore,Hybrid,Entry,10,Master,0
7346,Data Engineer,Enterprise,Education,USA,Onsite,Senior,6,Master,1
7347,Business Analyst,MNC,Finance,USA,Remote,Mid,0,Master,0
7348,Business Analyst,MNC,Healthcare,India,Hybrid,Mid,0,Bachelor,0
7349,AI Engineer,Enterprise,Finance,Germany,Onsite,Entry,0,Master,0
7350,Data Engineer,Medium,Finance,UK,Hybrid,Entry,6,PhD,0
7351,AI Engineer,MNC,Finance,USA,Remote,Mid,1,Bachelor,0
7352,AI Engineer,Startup,E-commerce,Singapore,Hybrid,Mid,2,PhD,1
7353,Business Analyst,Startup,Finance,Australia,Onsite,Mid,0,PhD,1
7354,Business Analyst,Startup,Technology,USA,Remote,Mid,14,Master,1
7355,Machine Learning Engineer,Enterprise,Retail,Canada,Remote,Mid,5,Bachelor,1
7356,Machine Learning Engineer,Startup,Technology,UK,Hybrid,Senior,3,PhD,1
7357,Machine Learning Engineer,Enterprise,E-commerce,Germany,Remote,Mid,10,PhD,0
7358,Data Scientist,Medium,Finance,India,Onsite,Entry,2,PhD,1
7359,Machine Learning Engineer,Startup,Education,India,Hybrid,Entry,2,Bachelor,0
7360,Data Engineer,Medium,Technology,India,Hybrid,Mid,9,Master,1
7361,Machine Learning Engineer,Enterprise,Retail,Canada,Hybrid,Senior,1,PhD,1
7362,Business Analyst,MNC,Healthcare,Germany,Remote,Senior,0,PhD,1
7363,Business Analyst,MNC,Technology,Australia,Onsite,Senior,7,Master,1
7364,Business Analyst,Startup,Finance,India,Remote,Entry,11,PhD,1
7365,AI Engineer,Medium,Retail,Australia,Remote,Mid,8,PhD,1
7366,Business Analyst,Startup,E-commerce,India,Hybrid,Entry,1,Bachelor,1
7367,Data Analyst,Enterprise,Education,USA,Onsite,Mid,12,Master,0
7368,Data Scientist,Enterprise,Education,Australia,Hybrid,Mid,5,Master,0
7369,Business Analyst,MNC,Retail,Singapore,Hybrid,Mid,5,PhD,1
7370,Data Analyst,Medium,Healthcare,Singapore,Remote,Mid,9,Bachelor,0
7371,Data Analyst,Enterprise,Retail,USA,Hybrid,Mid,4,PhD,1
7372,Data Scientist,Medium,Retail,India,Hybrid,Mid,11,Master,1
7373,AI Engineer,Medium,Education,UK,Remote,Entry,8,PhD,0
7374,Machine Learning Engineer,Startup,E-commerce,UK,Remote,Entry,13,PhD,0
7375,Machine Learning Engineer,Enterprise,Finance,USA,Hybrid,Entry,12,Master,0
7376,Data Analyst,Medium,Healthcare,India,Remote,Senior,12,PhD,1
7377,Machine Learning Engineer,MNC,Retail,Canada,Hybrid,Entry,11,PhD,0
7378,AI Engineer,Startup,Education,USA,Hybrid,Senior,6,Master,1
7379,Data Engineer,Medium,Retail,UK,Hybrid,Mid,12,PhD,0
7380,Data Engineer,Enterprise,Retail,India,Remote,Senior,10,Bachelor,0
7381,Data Analyst,MNC,Education,Singapore,Hybrid,Mid,2,Master,1
7382,Business Analyst,Startup,Technology,India,Remote,Mid,1,Master,1
7383,Machine Learning Engineer,Enterprise,Education,Canada,Onsite,Mid,10,PhD,0
7384,AI Engineer,MNC,Technology,Germany,Onsite,Senior,0,Master,1
7385,Machine Learning Engineer,Medium,Technology,Germany,Hybrid,Mid,1,PhD,1
7386,Data Engineer,Startup,E-commerce,USA,Onsite,Mid,12,PhD,1
7387,AI Engineer,Startup,Education,Germany,Remote,Senior,14,Bachelor,1
7388,Data Scientist,Startup,Healthcare,USA,Onsite,Senior,12,Master,1
7389,Data Scientist,Enterprise,Technology,UK,Remote,Mid,0,Bachelor,0
7390,AI Engineer,Enterprise,Finance,Canada,Hybrid,Senior,1,PhD,1
7391,Machine Learning Engineer,Enterprise,Education,Singapore,Hybrid,Mid,2,Bachelor,0
7392,Data Analyst,MNC,Technology,Canada,Onsite,Entry,5,PhD,0
7393,Business Analyst,MNC,Technology,Singapore,Remote,Senior,5,Bachelor,1
7394,Data Analyst,Enterprise,Retail,UK,Remote,Senior,2,PhD,0
7395,Data Scientist,MNC,E-commerce,Australia,Onsite,Senior,5,PhD,1
7396,AI Engineer,Medium,E-commerce,Canada,Hybrid,Entry,1,Bachelor,1
7397,Machine Learning Engineer,MNC,Healthcare,Australia,Remote,Entry,3,Master,0
7398,Data Engineer,Medium,Education,USA,Hybrid,Senior,14,Bachelor,1
7399,Data Analyst,MNC,Healthcare,Germany,Remote,Entry,3,Bachelor,0
7400,Business Analyst,Enterprise,Healthcare,Germany,Onsite,Entry,13,PhD,1
7401,Data Scientist,Medium,E-commerce,Singapore,Hybrid,Senior,2,Master,0
7402,Business Analyst,Startup,Technology,Australia,Onsite,Entry,5,Master,1
7403,Business Analyst,Enterprise,E-commerce,Germany,Remote,Senior,13,Master,1
7404,Business Analyst,MNC,Education,Canada,Onsite,Entry,5,Bachelor,1
7405,Data Analyst,Medium,Retail,USA,Remote,Entry,7,Bachelor,1
7406,Machine Learning Engineer,Startup,Healthcare,Australia,Remote,Mid,8,PhD,0
7407,Data Analyst,Medium,Healthcare,USA,Onsite,Senior,9,Master,0
7408,Data Analyst,MNC,Finance,UK,Hybrid,Senior,8,Master,0
7409,Business Analyst,Medium,Technology,India,Onsite,Senior,10,Bachelor,1
7410,Data Scientist,Medium,Healthcare,India,Hybrid,Mid,10,Bachelor,0
7411,Data Analyst,Medium,Finance,Singapore,Remote,Mid,0,Master,0
7412,Data Scientist,Enterprise,Retail,Germany,Hybrid,Senior,10,PhD,1
7413,AI Engineer,Enterprise,E-commerce,USA,Remote,Senior,4,Bachelor,1
7414,Machine Learning Engineer,Enterprise,Retail,Singapore,Remote,Senior,2,PhD,0
7415,Machine Learning Engineer,Enterprise,Retail,Singapore,Hybrid,Senior,13,Master,1
7416,Business Analyst,Medium,Education,USA,Remote,Entry,8,PhD,1
7417,Data Analyst,MNC,Technology,Germany,Remote,Senior,9,PhD,0
7418,AI Engineer,Medium,Technology,UK,Hybrid,Senior,6,Bachelor,0
7419,Business Analyst,Startup,Finance,India,Remote,Senior,1,PhD,1
7420,AI Engineer,MNC,E-commerce,Canada,Hybrid,Entry,1,Master,1
7421,Business Analyst,MNC,Technology,India,Remote,Entry,6,Bachelor,0
7422,Data Engineer,MNC,Education,India,Remote,Senior,3,Master,0
7423,Data Analyst,Medium,Retail,Australia,Hybrid,Senior,6,PhD,0
7424,AI Engineer,Medium,Education,Australia,Hybrid,Mid,6,Master,1
7425,Data Scientist,Startup,E-commerce,Australia,Onsite,Mid,4,Master,1
7426,Data Scientist,MNC,Technology,Australia,Onsite,Entry,3,Bachelor,1
7427,Machine Learning Engineer,MNC,Healthcare,India,Onsite,Mid,8,Master,0
7428,Data Analyst,Startup,Retail,Germany,Onsite,Senior,7,Bachelor,0
7429,Data Scientist,Enterprise,Finance,UK,Remote,Mid,8,Master,1
7430,Data Scientist,Enterprise,Education,Singapore,Onsite,Mid,13,Master,1
7431,Business Analyst,Startup,Healthcare,UK,Onsite,Senior,11,Master,0
7432,Data Scientist,Enterprise,Healthcare,USA,Hybrid,Entry,4,PhD,0
7433,Data Engineer,Enterprise,Healthcare,Australia,Onsite,Entry,12,Master,1
7434,Machine Learning Engineer,MNC,E-commerce,India,Hybrid,Entry,12,Bachelor,1
7435,Data Scientist,Startup,E-commerce,Germany,Remote,Senior,12,Master,0
7436,Business Analyst,Medium,Finance,Singapore,Onsite,Senior,12,PhD,1
7437,Data Engineer,Medium,Education,Australia,Remote,Mid,6,Bachelor,1
7438,Data Analyst,MNC,Education,Australia,Remote,Entry,9,Bachelor,0
7439,Business Analyst,Medium,Finance,USA,Onsite,Entry,8,PhD,1
7440,Business Analyst,Medium,Finance,India,Remote,Senior,2,Bachelor,1
7441,Business Analyst,MNC,Finance,Singapore,Onsite,Entry,9,Master,0
7442,Data Analyst,Startup,Education,Singapore,Remote,Mid,1,Master,1
7443,Data Analyst,Medium,Finance,Germany,Hybrid,Entry,14,Bachelor,1
7444,AI Engineer,Enterprise,E-commerce,Canada,Onsite,Entry,3,Bachelor,1
7445,AI Engineer,MNC,Retail,Canada,Remote,Entry,0,Master,1
7446,Data Analyst,MNC,E-commerce,Germany,Onsite,Mid,7,Master,1
7447,Business Analyst,MNC,Healthcare,UK,Hybrid,Entry,0,PhD,1
7448,Data Analyst,MNC,Education,Australia,Hybrid,Entry,6,Master,1
7449,Data Scientist,Medium,Technology,USA,Onsite,Senior,1,Master,0
7450,Data Engineer,Startup,Retail,Australia,Onsite,Entry,10,PhD,0
7451,Data Analyst,MNC,Technology,India,Remote,Senior,1,PhD,0
7452,AI Engineer,MNC,Healthcare,Australia,Remote,Entry,2,Master,1
7453,Machine Learning Engineer,Medium,Healthcare,Germany,Onsite,Senior,13,Bachelor,0
7454,AI Engineer,Medium,Finance,Australia,Hybrid,Mid,4,PhD,0
7455,Data Analyst,Medium,Finance,India,Remote,Senior,8,Master,1
7456,Data Engineer,Startup,Healthcare,Germany,Onsite,Senior,3,PhD,0
7457,Data Scientist,Startup,Education,Canada,Remote,Senior,5,PhD,1
7458,Business Analyst,Medium,Healthcare,USA,Hybrid,Mid,14,Bachelor,0
7459,Data Scientist,MNC,Healthcare,USA,Remote,Mid,7,Bachelor,0
7460,Data Engineer,Enterprise,E-commerce,USA,Remote,Entry,11,PhD,0
7461,Machine Learning Engineer,Startup,Technology,Australia,Onsite,Mid,6,Master,0
7462,AI Engineer,Enterprise,E-commerce,USA,Hybrid,Senior,3,PhD,0
7463,Data Engineer,MNC,Finance,India,Remote,Entry,9,Bachelor,0
7464,Data Analyst,MNC,Healthcare,India,Onsite,Entry,7,Master,0
7465,AI Engineer,Medium,E-commerce,USA,Hybrid,Entry,6,PhD,1
7466,Data Engineer,Medium,Education,Australia,Remote,Senior,3,Master,0
7467,Data Scientist,Startup,Healthcare,India,Hybrid,Senior,13,PhD,0
7468,Data Scientist,Medium,Healthcare,Canada,Onsite,Mid,1,Master,1
7469,Business Analyst,Enterprise,E-commerce,Germany,Hybrid,Entry,6,Bachelor,1
7470,Business Analyst,Medium,Healthcare,Germany,Onsite,Senior,8,Bachelor,1
7471,Business Analyst,Enterprise,Healthcare,Canada,Onsite,Entry,6,Bachelor,0
7472,Data Scientist,Startup,Education,Canada,Hybrid,Mid,7,Master,0
7473,AI Engineer,Startup,Healthcare,Germany,Hybrid,Entry,11,PhD,1
7474,Business Analyst,Enterprise,Retail,Singapore,Onsite,Entry,7,Bachelor,0
7475,Data Engineer,MNC,E-commerce,Germany,Remote,Entry,7,PhD,1
7476,Business Analyst,Medium,Retail,USA,Remote,Senior,4,Master,0
7477,Data Engineer,MNC,E-commerce,Singapore,Onsite,Mid,12,PhD,1
7478,Machine Learning Engineer,Startup,Finance,UK,Onsite,Entry,6,PhD,0
7479,Machine Learning Engineer,Startup,Finance,USA,Remote,Mid,2,Bachelor,1
7480,Data Scientist,MNC,Retail,USA,Hybrid,Senior,5,PhD,0
7481,Data Analyst,Medium,Technology,Singapore,Onsite,Mid,10,Bachelor,1
7482,Data Engineer,MNC,E-commerce,Singapore,Hybrid,Mid,5,Master,1
7483,AI Engineer,Medium,Healthcare,USA,Remote,Entry,13,Bachelor,1
7484,Data Engineer,Enterprise,Retail,Germany,Onsite,Entry,11,Master,0
7485,Data Analyst,Startup,E-commerce,Australia,Onsite,Entry,5,PhD,1
7486,Data Analyst,MNC,Education,India,Onsite,Entry,13,PhD,1
7487,Data Scientist,Startup,Education,Australia,Remote,Mid,9,Bachelor,0
7488,AI Engineer,Enterprise,Finance,Australia,Remote,Senior,8,Bachelor,1
7489,Data Engineer,Enterprise,Retail,India,Onsite,Entry,12,Bachelor,0
7490,Machine Learning Engineer,Medium,Retail,Australia,Hybrid,Entry,14,Master,0
7491,AI Engineer,Startup,Retail,Canada,Remote,Entry,11,PhD,1
7492,AI Engineer,MNC,Finance,UK,Remote,Senior,11,Bachelor,0
7493,Data Scientist,Startup,Finance,India,Remote,Mid,4,Master,0
7494,Machine Learning Engineer,Medium,Retail,Canada,Hybrid,Entry,7,Master,0
7495,Data Scientist,Enterprise,Retail,Germany,Hybrid,Mid,7,Bachelor,0
7496,Business Analyst,Enterprise,Technology,Germany,Remote,Mid,12,PhD,0
7497,Data Analyst,Startup,Technology,Germany,Hybrid,Senior,7,Bachelor,1
7498,Data Analyst,Enterprise,Healthcare,UK,Remote,Mid,9,PhD,1
7499,Data Scientist,Startup,E-commerce,Canada,Onsite,Entry,11,PhD,1
7500,AI Engineer,MNC,Education,Singapore,Remote,Entry,9,PhD,1
7501,Machine Learning Engineer,Medium,Technology,Singapore,Hybrid,Senior,14,Bachelor,1
7502,Machine Learning Engineer,MNC,Technology,USA,Remote,Senior,7,Bachelor,1
7503,Data Analyst,MNC,Retail,Singapore,Remote,Senior,12,PhD,0
7504,Machine Learning Engineer,Enterprise,Retail,Australia,Remote,Entry,3,Master,1
7505,AI Engineer,Medium,Retail,Australia,Hybrid,Mid,7,PhD,1
7506,Machine Learning Engineer,Startup,Healthcare,UK,Remote,Mid,3,Bachelor,1
7507,Data Scientist,Startup,Healthcare,Germany,Remote,Senior,10,Master,1
7508,Machine Learning Engineer,Startup,Technology,USA,Hybrid,Entry,7,Master,0
7509,Business Analyst,Medium,Education,USA,Onsite,Senior,1,Bachelor,1
7510,Data Analyst,MNC,Finance,USA,Onsite,Entry,10,PhD,1
7511,Data Engineer,Enterprise,Retail,Singapore,Remote,Mid,0,PhD,1
7512,Business Analyst,MNC,Technology,UK,Remote,Mid,0,Bachelor,1
7513,Business Analyst,Enterprise,Technology,Germany,Hybrid,Mid,9,Bachelor,1
7514,Data Analyst,Enterprise,Retail,UK,Remote,Senior,2,Master,1
7515,Machine Learning Engineer,Enterprise,Finance,Singapore,Onsite,Mid,12,PhD,1
7516,Machine Learning Engineer,Startup,Education,UK,Remote,Senior,7,Master,1
7517,Data Engineer,Enterprise,E-commerce,Singapore,Hybrid,Entry,1,Master,1
7518,Business Analyst,Startup,Healthcare,USA,Hybrid,Mid,10,PhD,0
7519,Machine Learning Engineer,MNC,Healthcare,USA,Onsite,Mid,4,Bachelor,0
7520,Data Analyst,Medium,Retail,Germany,Hybrid,Entry,13,Bachelor,1
7521,Business Analyst,Medium,Education,Singapore,Onsite,Mid,8,Bachelor,0
7522,AI Engineer,MNC,Retail,India,Hybrid,Senior,13,PhD,1
7523,Machine Learning Engineer,Startup,Retail,Australia,Onsite,Entry,2,Master,0
7524,Business Analyst,Startup,Education,Australia,Remote,Entry,13,PhD,0
7525,Data Analyst,Startup,Retail,Germany,Onsite,Senior,12,Bachelor,1
7526,AI Engineer,MNC,Healthcare,UK,Onsite,Mid,3,Bachelor,0
7527,Machine Learning Engineer,Enterprise,Finance,UK,Onsite,Senior,10,Bachelor,1
7528,Data Analyst,Startup,E-commerce,USA,Hybrid,Senior,5,Bachelor,1
7529,Business Analyst,MNC,Education,USA,Hybrid,Mid,5,Bachelor,0
7530,AI Engineer,Startup,Education,Australia,Onsite,Senior,3,PhD,1
7531,Machine Learning Engineer,Enterprise,E-commerce,UK,Hybrid,Mid,10,PhD,1
7532,Machine Learning Engineer,MNC,E-commerce,Singapore,Hybrid,Entry,14,PhD,0
7533,Data Analyst,Startup,Education,Singapore,Onsite,Mid,10,Master,0
7534,Machine Learning Engineer,MNC,Finance,Singapore,Remote,Mid,9,PhD,1
7535,AI Engineer,Enterprise,Retail,Australia,Hybrid,Entry,4,PhD,0
7536,Data Engineer,Medium,Healthcare,India,Hybrid,Senior,14,Master,0
7537,Data Analyst,Enterprise,Finance,USA,Hybrid,Entry,1,Master,0
7538,Data Analyst,Medium,Retail,Australia,Remote,Senior,1,Bachelor,0
7539,Data Analyst,Enterprise,Finance,Canada,Hybrid,Senior,13,Master,0
7540,Business Analyst,Enterprise,Finance,Canada,Onsite,Entry,12,Master,0
7541,Data Analyst,Enterprise,Finance,UK,Hybrid,Mid,0,Master,0
7542,Data Scientist,Enterprise,Education,Singapore,Onsite,Mid,10,Master,1
7543,Data Engineer,MNC,Education,Singapore,Remote,Senior,1,Bachelor,0
7544,Data Scientist,Medium,Education,USA,Remote,Senior,2,Bachelor,0
7545,Machine Learning Engineer,Medium,Healthcare,Canada,Remote,Mid,14,Master,1
7546,Machine Learning Engineer,Enterprise,Finance,Canada,Hybrid,Entry,11,Bachelor,0
7547,AI Engineer,MNC,E-commerce,India,Hybrid,Senior,12,Bachelor,0
7548,Business Analyst,Startup,Healthcare,Canada,Hybrid,Entry,5,Bachelor,1
7549,Business Analyst,Enterprise,E-commerce,Canada,Onsite,Entry,1,Master,1
7550,Data Engineer,Startup,Technology,Canada,Onsite,Senior,5,PhD,1
7551,Business Analyst,Medium,E-commerce,USA,Hybrid,Senior,10,Bachelor,0
7552,Data Analyst,Startup,E-commerce,Australia,Hybrid,Senior,7,PhD,0
7553,Data Analyst,Medium,Finance,Singapore,Onsite,Entry,13,PhD,1
7554,Data Engineer,Startup,Retail,Canada,Hybrid,Entry,10,Bachelor,0
7555,Business Analyst,MNC,Technology,India,Onsite,Mid,1,PhD,0
7556,Data Scientist,Startup,Finance,India,Remote,Entry,6,Master,0
7557,AI Engineer,Startup,Education,Germany,Remote,Mid,9,PhD,0
7558,Business Analyst,Enterprise,Technology,Germany,Hybrid,Mid,2,PhD,0
7559,AI Engineer,Medium,Education,Singapore,Onsite,Senior,7,PhD,0
7560,Machine Learning Engineer,Medium,Technology,Australia,Hybrid,Senior,4,Bachelor,1
7561,Data Engineer,Enterprise,E-commerce,Canada,Remote,Mid,7,Master,1
7562,Business Analyst,MNC,Technology,India,Hybrid,Entry,0,Master,1
7563,Data Engineer,Startup,Retail,Canada,Hybrid,Senior,10,PhD,1
7564,Business Analyst,Startup,Healthcare,India,Hybrid,Senior,9,Master,1
7565,Data Engineer,MNC,Healthcare,India,Onsite,Entry,4,PhD,0
7566,Data Engineer,Medium,Finance,Canada,Hybrid,Entry,3,PhD,0
7567,Machine Learning Engineer,Enterprise,Education,UK,Onsite,Entry,11,Master,1
7568,Machine Learning Engineer,Enterprise,E-commerce,UK,Onsite,Entry,11,PhD,1
7569,Data Engineer,MNC,Technology,Germany,Hybrid,Entry,9,Master,1
7570,Data Engineer,MNC,Finance,Canada,Onsite,Entry,12,Bachelor,0
7571,Business Analyst,Startup,Retail,India,Hybrid,Entry,5,PhD,1
7572,Data Engineer,Startup,Education,UK,Onsite,Senior,4,Bachelor,1
7573,Data Analyst,Enterprise,Retail,Australia,Hybrid,Senior,13,PhD,1
7574,Data Engineer,MNC,Education,Singapore,Onsite,Entry,7,Bachelor,1
7575,Machine Learning Engineer,Medium,Healthcare,Singapore,Hybrid,Entry,9,PhD,1
7576,Data Analyst,Startup,Education,Canada,Onsite,Entry,9,PhD,0
7577,Data Engineer,Startup,Retail,Canada,Onsite,Entry,14,Master,1
7578,Business Analyst,Startup,Technology,Australia,Hybrid,Entry,11,Master,0
7579,Business Analyst,Medium,Finance,Canada,Remote,Senior,14,PhD,0
7580,Machine Learning Engineer,Startup,Finance,UK,Remote,Senior,9,Bachelor,0
7581,Business Analyst,MNC,Technology,India,Remote,Mid,11,PhD,0
7582,Data Scientist,Medium,Technology,Australia,Onsite,Senior,2,Master,0
7583,AI Engineer,Enterprise,Healthcare,India,Onsite,Senior,3,Bachelor,0
7584,Data Analyst,Enterprise,Technology,Australia,Onsite,Mid,8,Master,1
7585,AI Engineer,MNC,Education,Germany,Onsite,Entry,9,Master,0
7586,Business Analyst,Medium,Retail,Australia,Remote,Mid,7,PhD,1
7587,AI Engineer,Enterprise,Technology,UK,Remote,Mid,11,Bachelor,0
7588,Business Analyst,Medium,Healthcare,USA,Remote,Senior,4,PhD,1
7589,Data Engineer,Enterprise,Education,India,Remote,Entry,8,PhD,1
7590,Data Analyst,Startup,Technology,UK,Onsite,Mid,13,Bachelor,1
7591,Business Analyst,Startup,Technology,India,Onsite,Senior,5,Bachelor,0
7592,Data Scientist,MNC,Education,Australia,Hybrid,Entry,4,Bachelor,0
7593,Data Engineer,Medium,Finance,Germany,Remote,Entry,11,Bachelor,0
7594,Data Scientist,Startup,Retail,Singapore,Onsite,Mid,5,Bachelor,1
7595,AI Engineer,MNC,Healthcare,Australia,Remote,Mid,4,PhD,0
7596,AI Engineer,Medium,Education,UK,Onsite,Entry,2,PhD,1
7597,Data Analyst,Startup,Healthcare,Canada,Remote,Senior,10,Master,0
7598,Data Engineer,Enterprise,E-commerce,Canada,Onsite,Entry,13,PhD,1
7599,Data Analyst,Medium,Healthcare,Singapore,Remote,Senior,5,PhD,1
7600,Data Engineer,MNC,Education,Canada,Remote,Senior,2,Master,1
7601,Data Scientist,Enterprise,E-commerce,Singapore,Onsite,Entry,2,Bachelor,0
7602,Business Analyst,Medium,Technology,Singapore,Remote,Entry,9,Master,1
7603,Data Analyst,Medium,Finance,Germany,Remote,Mid,9,PhD,1
7604,Data Analyst,MNC,Healthcare,USA,Remote,Entry,13,PhD,1
7605,Business Analyst,Enterprise,Retail,India,Hybrid,Senior,0,PhD,0
7606,Business Analyst,Medium,E-commerce,India,Remote,Entry,3,Bachelor,1
7607,Data Scientist,MNC,E-commerce,UK,Remote,Entry,7,Master,0
7608,Data Scientist,Startup,Technology,India,Hybrid,Mid,1,PhD,1
7609,Data Analyst,MNC,Retail,Singapore,Hybrid,Senior,8,Master,1
7610,Data Analyst,Startup,E-commerce,Germany,Remote,Entry,2,PhD,1
7611,Business Analyst,MNC,Finance,Australia,Onsite,Entry,13,PhD,1
7612,Business Analyst,Startup,Healthcare,India,Onsite,Entry,4,PhD,1
7613,Data Analyst,Startup,Retail,Singapore,Onsite,Senior,6,Master,0
7614,AI Engineer,Medium,E-commerce,Canada,Onsite,Mid,6,PhD,0
7615,Business Analyst,MNC,Finance,UK,Hybrid,Senior,8,Master,0
7616,Data Engineer,Startup,Education,Canada,Remote,Mid,7,Master,0
7617,Data Engineer,Enterprise,E-commerce,India,Hybrid,Entry,0,PhD,0
7618,Data Engineer,Startup,Healthcare,Canada,Onsite,Senior,12,Master,0
7619,Data Engineer,Enterprise,Finance,USA,Remote,Entry,4,Bachelor,1
7620,Machine Learning Engineer,MNC,Retail,Singapore,Onsite,Entry,10,Master,0
7621,Data Scientist,MNC,Healthcare,Australia,Onsite,Entry,12,Master,1
7622,Data Scientist,Enterprise,Education,UK,Onsite,Senior,8,Master,1
7623,Data Engineer,Enterprise,Healthcare,USA,Hybrid,Mid,10,PhD,1
7624,Data Scientist,MNC,Education,Australia,Onsite,Senior,5,PhD,0
7625,Data Scientist,Startup,Retail,Singapore,Remote,Entry,0,PhD,1
7626,Data Engineer,Startup,Healthcare,Germany,Remote,Senior,14,Master,1
7627,Data Analyst,Enterprise,Finance,Australia,Remote,Mid,8,PhD,1
7628,Data Engineer,Enterprise,Healthcare,Canada,Remote,Senior,9,PhD,1
7629,Data Engineer,Medium,E-commerce,Singapore,Remote,Mid,10,PhD,1
7630,Business Analyst,MNC,Healthcare,Singapore,Hybrid,Mid,13,PhD,1
7631,Business Analyst,Medium,Retail,Singapore,Hybrid,Mid,2,Master,1
7632,Data Scientist,Enterprise,Technology,Germany,Onsite,Senior,8,Master,1
7633,Data Analyst,MNC,Healthcare,Canada,Onsite,Entry,3,Master,0
7634,Data Scientist,Medium,Finance,Australia,Hybrid,Mid,6,Master,1
7635,AI Engineer,Medium,Retail,India,Remote,Mid,10,Bachelor,1
7636,Data Scientist,Enterprise,Healthcare,Canada,Onsite,Senior,9,Master,0
7637,AI Engineer,Startup,Retail,Canada,Hybrid,Senior,14,Master,0
7638,Data Engineer,MNC,Finance,Australia,Onsite,Entry,9,Master,0
7639,Machine Learning Engineer,Enterprise,Education,USA,Remote,Senior,10,Master,1
7640,AI Engineer,Medium,Technology,Australia,Hybrid,Entry,14,Master,1
7641,Data Analyst,MNC,E-commerce,Canada,Remote,Mid,13,Bachelor,0
7642,AI Engineer,Medium,Finance,UK,Hybrid,Entry,9,PhD,1
7643,Data Analyst,Enterprise,Healthcare,India,Onsite,Entry,2,Bachelor,1
7644,Data Scientist,MNC,Education,USA,Remote,Mid,0,PhD,1
7645,Business Analyst,Enterprise,E-commerce,UK,Hybrid,Mid,11,PhD,0
7646,Business Analyst,Startup,Finance,Germany,Remote,Senior,10,Bachelor,0
7647,Business Analyst,MNC,Healthcare,Singapore,Hybrid,Entry,2,PhD,0
7648,Data Analyst,Startup,Finance,Australia,Remote,Mid,4,Bachelor,0
7649,Business Analyst,Startup,Technology,Germany,Onsite,Mid,10,Bachelor,0
7650,Machine Learning Engineer,Enterprise,Finance,Australia,Remote,Entry,7,Master,0
7651,AI Engineer,Enterprise,E-commerce,India,Hybrid,Senior,4,Master,1
7652,Data Analyst,Enterprise,Retail,Germany,Hybrid,Senior,0,Bachelor,1
7653,Business Analyst,Startup,Retail,UK,Onsite,Senior,7,PhD,1
7654,Data Engineer,Enterprise,Education,USA,Remote,Mid,13,PhD,1
7655,Machine Learning Engineer,Medium,Technology,UK,Onsite,Entry,7,PhD,1
7656,Data Scientist,Enterprise,Healthcare,UK,Hybrid,Senior,10,Master,1
7657,Data Analyst,Enterprise,Finance,USA,Onsite,Entry,9,Bachelor,1
7658,Business Analyst,Medium,Technology,India,Remote,Mid,9,Bachelor,0
7659,Business Analyst,MNC,Education,Canada,Hybrid,Entry,3,Master,0
7660,Data Engineer,Enterprise,E-commerce,Singapore,Remote,Senior,10,Master,0
7661,Business Analyst,Enterprise,Finance,USA,Hybrid,Senior,12,Bachelor,1
7662,Machine Learning Engineer,Enterprise,E-commerce,Germany,Hybrid,Entry,13,Master,1
7663,Machine Learning Engineer,MNC,Finance,Singapore,Onsite,Mid,14,Bachelor,1
7664,Data Engineer,Enterprise,Retail,UK,Onsite,Entry,10,Bachelor,0
7665,Data Analyst,Medium,Technology,India,Onsite,Entry,1,Bachelor,1
7666,Data Engineer,MNC,Technology,Singapore,Remote,Mid,5,Bachelor,0
7667,Data Scientist,Startup,Finance,UK,Remote,Mid,11,Master,1
7668,Data Analyst,MNC,Retail,UK,Remote,Entry,2,Master,1
7669,Data Engineer,Startup,Retail,India,Onsite,Senior,8,Master,0
7670,Data Analyst,Startup,Healthcare,UK,Remote,Entry,8,Master,1
7671,Business Analyst,MNC,Finance,Australia,Hybrid,Mid,6,PhD,0
7672,Data Engineer,Medium,Healthcare,UK,Remote,Senior,3,Bachelor,1
7673,Data Analyst,MNC,Education,Singapore,Onsite,Entry,12,Master,0
7674,AI Engineer,Startup,Finance,Australia,Remote,Entry,2,Bachelor,1
7675,Data Analyst,Enterprise,Finance,Germany,Onsite,Mid,1,Master,1
7676,Data Engineer,Startup,Healthcare,Singapore,Remote,Senior,2,Bachelor,0
7677,Business Analyst,Startup,E-commerce,Canada,Onsite,Entry,1,Bachelor,0
7678,Data Engineer,Medium,E-commerce,USA,Remote,Senior,2,Master,0
7679,AI Engineer,Startup,Healthcare,USA,Onsite,Senior,3,PhD,1
7680,Data Scientist,Enterprise,Technology,Canada,Hybrid,Senior,0,Bachelor,0
7681,Business Analyst,MNC,Healthcare,Singapore,Remote,Mid,4,Master,0
7682,Business Analyst,Enterprise,E-commerce,UK,Remote,Entry,9,Bachelor,1
7683,AI Engineer,MNC,Education,UK,Onsite,Entry,4,Master,1
7684,Machine Learning Engineer,Medium,Technology,USA,Hybrid,Senior,11,Master,0
7685,Business Analyst,Enterprise,E-commerce,UK,Remote,Senior,9,Master,1
7686,Business Analyst,Medium,Technology,Germany,Hybrid,Senior,7,Bachelor,1
7687,AI Engineer,Medium,Healthcare,India,Onsite,Mid,5,Master,0
7688,Business Analyst,Enterprise,Finance,Singapore,Remote,Senior,0,Bachelor,0
7689,Business Analyst,Startup,Finance,USA,Remote,Mid,1,Bachelor,0
7690,Data Scientist,Enterprise,Healthcare,Australia,Onsite,Entry,6,PhD,1
7691,Data Engineer,Startup,Finance,Australia,Onsite,Mid,5,Bachelor,1
7692,Data Analyst,Startup,E-commerce,India,Remote,Senior,11,Master,0
7693,Data Engineer,Startup,E-commerce,Singapore,Remote,Entry,9,Master,0
7694,AI Engineer,Startup,Retail,Germany,Remote,Mid,10,Master,0
7695,Business Analyst,Enterprise,Finance,UK,Onsite,Entry,3,Bachelor,1
7696,Data Engineer,MNC,Technology,Australia,Remote,Senior,0,Bachelor,0
7697,Data Engineer,Startup,Retail,UK,Hybrid,Senior,8,PhD,1
7698,Machine Learning Engineer,MNC,Healthcare,Canada,Hybrid,Mid,0,PhD,0
7699,AI Engineer,Startup,Healthcare,India,Onsite,Senior,12,Bachelor,1
7700,Data Analyst,Medium,Technology,Singapore,Onsite,Entry,1,Master,0
7701,Machine Learning Engineer,Medium,Education,Canada,Remote,Entry,2,Master,0
7702,Machine Learning Engineer,Startup,Finance,Australia,Onsite,Mid,2,Master,0
7703,Data Engineer,Enterprise,Finance,USA,Onsite,Senior,3,PhD,1
7704,Machine Learning Engineer,Startup,Finance,UK,Hybrid,Senior,8,Bachelor,0
7705,Machine Learning Engineer,Medium,Technology,Singapore,Remote,Mid,11,Master,0
7706,Data Analyst,Medium,Technology,UK,Remote,Senior,1,Master,1
7707,Data Engineer,MNC,Healthcare,Germany,Onsite,Entry,7,Bachelor,1
7708,Business Analyst,Startup,Technology,Australia,Hybrid,Senior,11,Master,0
7709,Business Analyst,Enterprise,Healthcare,Canada,Hybrid,Entry,3,Bachelor,0
7710,Business Analyst,Enterprise,E-commerce,UK,Remote,Entry,2,Bachelor,0
7711,AI Engineer,Startup,Technology,Australia,Remote,Mid,3,PhD,0
7712,AI Engineer,Startup,E-commerce,India,Onsite,Senior,13,Bachelor,1
7713,Data Analyst,Medium,Education,Singapore,Onsite,Entry,0,Master,0
7714,Data Analyst,Enterprise,Healthcare,Germany,Remote,Mid,9,Master,0
7715,AI Engineer,Startup,Healthcare,Australia,Hybrid,Entry,5,PhD,1
7716,Data Scientist,Enterprise,Technology,India,Onsite,Mid,5,PhD,0
7717,Business Analyst,Medium,Finance,Australia,Onsite,Entry,3,Master,0
7718,AI Engineer,MNC,Healthcare,Australia,Hybrid,Senior,1,Master,1
7719,AI Engineer,Medium,Finance,Germany,Remote,Entry,13,Master,1
7720,Machine Learning Engineer,Startup,Retail,Australia,Remote,Mid,12,PhD,1
7721,Machine Learning Engineer,MNC,Healthcare,Canada,Remote,Senior,7,Bachelor,0
7722,Machine Learning Engineer,Enterprise,Technology,Canada,Hybrid,Senior,9,Master,0
7723,AI Engineer,MNC,Technology,USA,Remote,Senior,4,Bachelor,1
7724,Data Scientist,Enterprise,E-commerce,Singapore,Onsite,Entry,10,Master,0
7725,Data Engineer,Enterprise,E-commerce,Canada,Hybrid,Entry,0,PhD,0
7726,AI Engineer,Startup,E-commerce,UK,Onsite,Mid,11,PhD,1
7727,AI Engineer,Startup,Retail,Singapore,Onsite,Senior,3,Bachelor,1
7728,Data Analyst,Startup,Healthcare,Singapore,Onsite,Mid,7,PhD,1
7729,Data Scientist,Startup,E-commerce,Germany,Hybrid,Mid,9,Bachelor,0
7730,Data Engineer,Enterprise,E-commerce,Singapore,Remote,Mid,0,Bachelor,0
7731,Data Analyst,MNC,Technology,Singapore,Hybrid,Senior,4,PhD,1
7732,Data Engineer,MNC,Healthcare,Australia,Hybrid,Entry,1,Bachelor,0
7733,Data Scientist,MNC,Healthcare,Australia,Hybrid,Entry,9,Master,1
7734,Data Analyst,Enterprise,Healthcare,UK,Onsite,Senior,12,PhD,1
7735,AI Engineer,Startup,Technology,USA,Hybrid,Senior,14,PhD,1
7736,AI Engineer,Startup,E-commerce,Australia,Remote,Entry,10,PhD,0
7737,Machine Learning Engineer,MNC,Retail,Singapore,Remote,Mid,7,Bachelor,1
7738,Machine Learning Engineer,Medium,Healthcare,Singapore,Onsite,Entry,9,Master,1
7739,AI Engineer,MNC,Healthcare,Singapore,Hybrid,Entry,4,PhD,1
7740,Data Engineer,Enterprise,Healthcare,Germany,Onsite,Entry,11,Bachelor,1
7741,Data Scientist,Startup,Technology,Australia,Hybrid,Senior,0,Bachelor,1
7742,Business Analyst,Enterprise,Healthcare,Germany,Onsite,Senior,10,PhD,0
7743,AI Engineer,Startup,Finance,Canada,Remote,Mid,8,Master,1
7744,Data Engineer,Medium,Finance,Germany,Hybrid,Mid,9,Bachelor,1
7745,AI Engineer,Enterprise,Finance,Singapore,Remote,Senior,1,Bachelor,1
7746,Business Analyst,MNC,Retail,Australia,Remote,Entry,3,PhD,1
7747,Business Analyst,Startup,Technology,Canada,Remote,Entry,1,Bachelor,1
7748,Data Scientist,MNC,Finance,Canada,Remote,Mid,14,Bachelor,0
7749,Machine Learning Engineer,Medium,E-commerce,UK,Onsite,Senior,1,Bachelor,0
7750,Data Analyst,MNC,E-commerce,Singapore,Onsite,Senior,5,PhD,1
7751,AI Engineer,Medium,Technology,USA,Onsite,Entry,5,Master,1
7752,Data Engineer,Medium,E-commerce,India,Remote,Entry,0,PhD,1
7753,Business Analyst,Startup,Healthcare,India,Hybrid,Entry,4,Master,1
7754,AI Engineer,Medium,Healthcare,Germany,Remote,Senior,8,PhD,0
7755,Business Analyst,MNC,Education,UK,Hybrid,Entry,8,Bachelor,1
7756,Data Engineer,Startup,E-commerce,Singapore,Hybrid,Senior,1,Master,1
7757,Data Analyst,Startup,Retail,Australia,Remote,Entry,6,PhD,0
7758,AI Engineer,Enterprise,Education,Germany,Remote,Entry,6,Master,1
7759,Data Engineer,MNC,Finance,India,Remote,Mid,2,Master,1
7760,AI Engineer,Medium,Education,Canada,Onsite,Entry,3,Master,0
7761,Data Scientist,Startup,Finance,Australia,Remote,Entry,6,PhD,0
7762,AI Engineer,Enterprise,Finance,India,Onsite,Entry,0,PhD,0
7763,Data Engineer,MNC,Finance,USA,Onsite,Mid,10,Bachelor,0
7764,Data Engineer,Startup,E-commerce,Singapore,Hybrid,Senior,13,PhD,1
7765,Business Analyst,Medium,Retail,Canada,Remote,Senior,14,Bachelor,1
7766,Data Analyst,Startup,E-commerce,Australia,Remote,Mid,9,Master,0
7767,AI Engineer,Startup,Healthcare,Canada,Onsite,Senior,12,Master,0
7768,Machine Learning Engineer,Startup,E-commerce,USA,Onsite,Mid,0,Bachelor,1
7769,Data Analyst,Enterprise,Technology,UK,Onsite,Senior,11,Master,1
7770,Data Engineer,Medium,Finance,UK,Onsite,Entry,1,Master,0
7771,Business Analyst,Medium,Education,UK,Onsite,Mid,11,PhD,1
7772,Data Scientist,MNC,Finance,India,Onsite,Entry,13,Master,1
7773,Data Analyst,Startup,E-commerce,USA,Remote,Entry,4,Master,0
7774,AI Engineer,Enterprise,Education,UK,Onsite,Entry,5,PhD,0
7775,Data Analyst,MNC,Healthcare,Germany,Onsite,Senior,14,Bachelor,0
7776,Data Scientist,MNC,Finance,USA,Remote,Entry,5,Master,1
7777,Data Engineer,Startup,Healthcare,UK,Hybrid,Mid,3,Master,0
7778,Business Analyst,Medium,Education,Singapore,Remote,Senior,13,Master,1
7779,AI Engineer,Startup,Retail,India,Hybrid,Entry,12,Master,1
7780,Data Engineer,Medium,Finance,UK,Remote,Mid,6,Bachelor,0
7781,Data Analyst,Startup,E-commerce,Germany,Remote,Mid,8,PhD,0
7782,AI Engineer,MNC,Retail,India,Onsite,Mid,4,Master,1
7783,Business Analyst,MNC,Healthcare,India,Hybrid,Senior,6,Bachelor,1
7784,Data Analyst,Medium,Healthcare,Canada,Hybrid,Senior,14,Bachelor,0
7785,Data Analyst,Startup,Education,UK,Hybrid,Senior,4,Master,0
7786,Data Scientist,MNC,Healthcare,Germany,Onsite,Mid,4,Bachelor,0
7787,Business Analyst,Medium,Education,Australia,Hybrid,Mid,9,PhD,0
7788,Data Engineer,MNC,Healthcare,India,Onsite,Mid,11,PhD,1
7789,Data Scientist,Startup,Healthcare,India,Remote,Entry,2,PhD,1
7790,AI Engineer,Medium,Healthcare,Singapore,Remote,Senior,8,Bachelor,1
7791,Data Scientist,Medium,Technology,UK,Remote,Entry,4,PhD,1
7792,Machine Learning Engineer,MNC,Technology,Germany,Remote,Mid,6,Master,1
7793,Data Analyst,Medium,Healthcare,Canada,Hybrid,Entry,12,Bachelor,0
7794,Data Scientist,Startup,Retail,Australia,Onsite,Mid,13,Bachelor,1
7795,Business Analyst,MNC,Technology,UK,Remote,Entry,9,PhD,1
7796,AI Engineer,MNC,Finance,UK,Hybrid,Mid,7,Master,0
7797,Data Scientist,MNC,E-commerce,Singapore,Hybrid,Mid,12,Bachelor,0
7798,Data Scientist,MNC,E-commerce,UK,Onsite,Entry,11,Master,1
7799,AI Engineer,MNC,Finance,Australia,Remote,Mid,8,PhD,0
7800,Machine Learning Engineer,MNC,E-commerce,India,Onsite,Entry,7,Master,0
7801,Data Analyst,Enterprise,Education,UK,Remote,Entry,2,Master,0
7802,Data Analyst,Medium,Retail,UK,Onsite,Senior,9,Master,0
7803,Data Engineer,MNC,Finance,Singapore,Hybrid,Senior,12,Master,0
7804,Business Analyst,Enterprise,Retail,Australia,Hybrid,Entry,8,Master,0
7805,Business Analyst,Medium,E-commerce,Australia,Hybrid,Entry,12,Bachelor,0
7806,Data Scientist,Enterprise,Retail,India,Onsite,Entry,0,Bachelor,1
7807,Machine Learning Engineer,MNC,Healthcare,Australia,Onsite,Mid,0,Master,1
7808,Business Analyst,MNC,Technology,UK,Onsite,Entry,0,Master,0
7809,Business Analyst,MNC,Healthcare,USA,Onsite,Mid,9,Bachelor,0
7810,Data Scientist,Startup,Finance,Singapore,Onsite,Mid,1,PhD,0
7811,Machine Learning Engineer,Enterprise,Technology,Germany,Hybrid,Entry,9,PhD,0
7812,Data Engineer,Medium,Finance,Canada,Onsite,Mid,8,PhD,1
7813,AI Engineer,Medium,Education,Singapore,Remote,Senior,8,PhD,0
7814,Data Analyst,Startup,Retail,Germany,Onsite,Entry,9,Master,1
7815,Business Analyst,Enterprise,Technology,Singapore,Onsite,Senior,2,Master,0
7816,Data Analyst,Medium,Healthcare,Germany,Remote,Mid,4,Bachelor,1
7817,Data Engineer,Startup,Technology,Australia,Hybrid,Senior,0,PhD,1
7818,Data Scientist,Medium,Retail,Singapore,Hybrid,Mid,3,Bachelor,1
7819,Data Engineer,Startup,Finance,Singapore,Remote,Senior,10,Master,1
7820,Data Analyst,Startup,Healthcare,Singapore,Hybrid,Senior,4,Bachelor,0
7821,Business Analyst,Startup,E-commerce,UK,Hybrid,Entry,9,Master,1
7822,Data Analyst,Startup,Retail,Canada,Remote,Entry,12,Master,0
7823,AI Engineer,Enterprise,Healthcare,USA,Remote,Mid,6,Bachelor,0
7824,Business Analyst,Enterprise,Technology,Singapore,Onsite,Senior,2,Master,1
7825,Business Analyst,MNC,E-commerce,USA,Hybrid,Senior,2,Master,0
7826,Machine Learning Engineer,Medium,Technology,USA,Remote,Entry,3,Master,1
7827,AI Engineer,Startup,Education,Singapore,Remote,Senior,12,Master,1
7828,Data Engineer,Medium,Healthcare,Germany,Onsite,Entry,2,PhD,1
7829,AI Engineer,Enterprise,Healthcare,USA,Onsite,Senior,5,Master,1
7830,Business Analyst,Medium,E-commerce,India,Onsite,Entry,10,Master,0
7831,Machine Learning Engineer,Startup,Healthcare,USA,Remote,Mid,1,Master,0
7832,AI Engineer,Medium,Healthcare,Canada,Onsite,Mid,6,Bachelor,1
7833,Business Analyst,Medium,E-commerce,Germany,Remote,Senior,0,Master,1
7834,Machine Learning Engineer,Enterprise,Retail,Germany,Hybrid,Entry,8,Bachelor,0
7835,Business Analyst,Medium,Finance,Australia,Onsite,Entry,9,Bachelor,1
7836,Machine Learning Engineer,Medium,Finance,Germany,Onsite,Senior,12,Master,1
7837,AI Engineer,Startup,Healthcare,Australia,Hybrid,Mid,9,PhD,0
7838,Data Scientist,Medium,Finance,Germany,Remote,Senior,6,PhD,1
7839,Data Analyst,Medium,Finance,India,Hybrid,Senior,2,Master,1
7840,Data Engineer,Enterprise,Healthcare,USA,Onsite,Senior,14,PhD,1
7841,Business Analyst,MNC,Education,UK,Onsite,Entry,11,Master,0
7842,Data Analyst,Medium,Healthcare,Australia,Hybrid,Entry,5,Master,1
7843,Data Analyst,MNC,Healthcare,Canada,Hybrid,Entry,5,Master,1
7844,Data Engineer,MNC,E-commerce,Australia,Remote,Entry,13,Master,0
7845,Business Analyst,Medium,Healthcare,Australia,Hybrid,Senior,0,Master,0
7846,Data Engineer,Startup,Finance,UK,Remote,Mid,6,Bachelor,0
7847,Data Scientist,Enterprise,Retail,India,Onsite,Senior,8,Bachelor,0
7848,Data Engineer,Medium,Education,USA,Onsite,Mid,3,Bachelor,0
7849,Machine Learning Engineer,Startup,Retail,India,Remote,Senior,8,Bachelor,1
7850,AI Engineer,Startup,Healthcare,USA,Onsite,Mid,14,Bachelor,1
7851,AI Engineer,Startup,E-commerce,India,Remote,Entry,5,PhD,1
7852,Data Analyst,MNC,Finance,Germany,Remote,Senior,10,Master,0
7853,Data Scientist,Enterprise,E-commerce,Canada,Remote,Mid,7,Master,1
7854,Data Scientist,Startup,Education,USA,Hybrid,Senior,10,Master,1
7855,Machine Learning Engineer,MNC,Healthcare,Germany,Hybrid,Senior,14,Bachelor,1
7856,Data Analyst,Startup,E-commerce,UK,Hybrid,Mid,3,Master,0
7857,Machine Learning Engineer,Startup,Retail,Singapore,Hybrid,Entry,9,Bachelor,1
7858,Data Analyst,MNC,E-commerce,Singapore,Hybrid,Mid,8,PhD,1
7859,Machine Learning Engineer,Medium,Healthcare,Germany,Onsite,Mid,4,Master,0
7860,AI Engineer,MNC,Education,Germany,Hybrid,Senior,8,Bachelor,1
7861,Business Analyst,Startup,Finance,Australia,Remote,Senior,14,Master,1
7862,Data Scientist,Medium,Retail,USA,Hybrid,Senior,5,PhD,1
7863,Machine Learning Engineer,Medium,Technology,Singapore,Onsite,Entry,13,Master,1
7864,Data Engineer,MNC,Retail,Australia,Remote,Mid,3,PhD,1
7865,AI Engineer,Enterprise,Retail,Australia,Remote,Senior,5,Master,0
7866,Data Scientist,Startup,Technology,India,Remote,Senior,10,Bachelor,0
7867,Data Engineer,Medium,Healthcare,UK,Remote,Senior,7,PhD,0
7868,Data Engineer,Enterprise,Technology,Germany,Remote,Senior,12,Bachelor,1
7869,Business Analyst,Medium,Technology,India,Onsite,Senior,10,Bachelor,1
7870,Business Analyst,Enterprise,Healthcare,Germany,Onsite,Entry,1,Master,1
7871,AI Engineer,Medium,Technology,Singapore,Hybrid,Senior,8,Bachelor,1
7872,Machine Learning Engineer,MNC,Healthcare,USA,Hybrid,Mid,5,Bachelor,1
7873,Data Analyst,Enterprise,Education,Germany,Onsite,Senior,4,Bachelor,0
7874,AI Engineer,Startup,Technology,UK,Hybrid,Mid,4,Master,0
7875,Business Analyst,Medium,Finance,Canada,Onsite,Mid,13,Bachelor,1
7876,Machine Learning Engineer,MNC,Education,Australia,Onsite,Senior,13,Master,1
7877,Data Engineer,Enterprise,E-commerce,Singapore,Onsite,Mid,3,PhD,0
7878,Data Engineer,Medium,E-commerce,Australia,Hybrid,Entry,7,Master,0
7879,AI Engineer,Enterprise,Finance,UK,Hybrid,Senior,8,Bachelor,1
7880,Machine Learning Engineer,Startup,Healthcare,Singapore,Remote,Mid,12,Master,0
7881,Data Engineer,Startup,Healthcare,Singapore,Hybrid,Senior,5,Bachelor,0
7882,Data Engineer,Startup,Education,UK,Hybrid,Entry,0,Bachelor,0
7883,Data Analyst,Medium,Finance,India,Onsite,Mid,2,Master,1
7884,Machine Learning Engineer,Startup,Retail,USA,Hybrid,Entry,4,Bachelor,0
7885,Business Analyst,Enterprise,Technology,Australia,Hybrid,Entry,6,Master,0
7886,Data Scientist,Startup,Retail,Germany,Hybrid,Entry,6,Master,0
7887,Machine Learning Engineer,Startup,Education,India,Hybrid,Senior,14,Master,0
7888,Data Engineer,Enterprise,Retail,India,Onsite,Senior,7,Bachelor,0
7889,Business Analyst,Enterprise,Technology,Singapore,Onsite,Senior,9,Master,0
7890,Business Analyst,Medium,Technology,Australia,Hybrid,Senior,14,Master,1
7891,Data Scientist,MNC,Retail,Canada,Onsite,Mid,14,Bachelor,0
7892,Data Analyst,Medium,E-commerce,UK,Hybrid,Mid,9,Bachelor,0
7893,AI Engineer,MNC,Technology,Germany,Hybrid,Entry,8,PhD,1
7894,Business Analyst,Startup,Retail,Canada,Onsite,Entry,9,Bachelor,0
7895,Business Analyst,MNC,Finance,USA,Remote,Senior,12,Master,1
7896,AI Engineer,Startup,E-commerce,Germany,Hybrid,Senior,7,Bachelor,1
7897,Business Analyst,Medium,E-commerce,India,Onsite,Entry,3,Master,0
7898,Data Scientist,Startup,Healthcare,Germany,Remote,Senior,8,Bachelor,0
7899,AI Engineer,MNC,Technology,UK,Hybrid,Mid,9,Bachelor,1
7900,Machine Learning Engineer,Medium,Healthcare,Canada,Onsite,Mid,0,Bachelor,1
7901,Data Scientist,Medium,E-commerce,Canada,Remote,Mid,10,Bachelor,1
7902,Data Engineer,Startup,Retail,Germany,Hybrid,Mid,12,PhD,1
7903,Business Analyst,Startup,Healthcare,Australia,Hybrid,Senior,13,Master,1
7904,Data Analyst,MNC,Technology,Singapore,Onsite,Senior,11,Bachelor,0
7905,Data Analyst,MNC,Finance,UK,Hybrid,Senior,9,Bachelor,0
7906,AI Engineer,MNC,E-commerce,Australia,Hybrid,Mid,14,PhD,0
7907,Data Engineer,Startup,Technology,Singapore,Hybrid,Senior,1,Bachelor,1
7908,Machine Learning Engineer,Enterprise,Education,India,Remote,Senior,8,Bachelor,1
7909,Data Scientist,Medium,Healthcare,UK,Hybrid,Mid,8,Bachelor,1
7910,Business Analyst,MNC,Finance,Singapore,Onsite,Mid,1,Bachelor,1
7911,Machine Learning Engineer,MNC,Healthcare,India,Hybrid,Senior,7,PhD,1
7912,Data Engineer,Enterprise,Education,Singapore,Remote,Senior,4,Master,1
7913,Business Analyst,MNC,Technology,Canada,Hybrid,Senior,11,PhD,0
7914,Data Scientist,Medium,Education,India,Onsite,Entry,0,Bachelor,0
7915,Machine Learning Engineer,Medium,Technology,Germany,Remote,Entry,0,Master,0
7916,Data Scientist,MNC,E-commerce,Germany,Onsite,Entry,5,PhD,1
7917,Data Engineer,Enterprise,E-commerce,Singapore,Onsite,Senior,3,Master,1
7918,Data Analyst,Enterprise,Retail,USA,Hybrid,Senior,3,Master,0
7919,Data Analyst,Enterprise,Healthcare,Australia,Onsite,Senior,14,Bachelor,1
7920,Data Engineer,MNC,Healthcare,USA,Remote,Senior,0,Master,1
7921,Business Analyst,MNC,Finance,India,Hybrid,Senior,3,Bachelor,1
7922,Data Engineer,Enterprise,Retail,Canada,Onsite,Senior,9,Bachelor,0
7923,Data Scientist,Startup,Retail,Germany,Onsite,Senior,2,Master,0
7924,Data Scientist,Enterprise,Technology,Canada,Remote,Mid,9,PhD,0
7925,Machine Learning Engineer,Enterprise,Healthcare,UK,Onsite,Mid,3,Master,1
7926,Machine Learning Engineer,Medium,Retail,Singapore,Hybrid,Senior,4,Master,1
7927,Machine Learning Engineer,Medium,Retail,Australia,Hybrid,Mid,9,Master,1
7928,Machine Learning Engineer,MNC,Technology,Germany,Hybrid,Senior,11,PhD,1
7929,AI Engineer,Enterprise,Education,Canada,Remote,Senior,8,Master,1
7930,Data Scientist,Medium,Technology,Canada,Remote,Entry,11,PhD,1
7931,Data Analyst,Medium,Healthcare,Canada,Remote,Entry,10,Master,0
7932,AI Engineer,Startup,Healthcare,USA,Onsite,Senior,14,PhD,1
7933,Data Engineer,Medium,E-commerce,Germany,Remote,Senior,7,Master,1
7934,Business Analyst,Startup,Education,Germany,Onsite,Entry,7,PhD,1
7935,Data Engineer,MNC,Finance,India,Onsite,Mid,13,Bachelor,1
7936,Data Analyst,Enterprise,Retail,UK,Onsite,Senior,13,Bachelor,0
7937,Business Analyst,Startup,Education,Singapore,Hybrid,Senior,7,Master,0
7938,Data Engineer,Medium,Finance,Australia,Remote,Entry,5,Bachelor,1
7939,Data Scientist,Enterprise,Education,India,Onsite,Mid,13,Bachelor,1
7940,Business Analyst,Startup,Finance,Canada,Remote,Entry,10,PhD,1
7941,Business Analyst,MNC,Healthcare,India,Hybrid,Entry,12,PhD,1
7942,Data Analyst,Enterprise,Education,UK,Hybrid,Senior,4,Bachelor,1
7943,Data Analyst,Startup,E-commerce,USA,Remote,Senior,8,PhD,0
7944,AI Engineer,Startup,Healthcare,UK,Remote,Entry,1,Master,0
7945,Data Engineer,Enterprise,Education,UK,Hybrid,Entry,5,PhD,0
7946,Data Scientist,Medium,Education,Australia,Hybrid,Senior,6,Bachelor,0
7947,Business Analyst,Medium,Finance,Canada,Remote,Mid,9,PhD,1
7948,AI Engineer,MNC,Retail,Canada,Remote,Entry,4,Bachelor,1
7949,Business Analyst,Startup,Education,UK,Onsite,Senior,6,PhD,0
7950,AI Engineer,Enterprise,Education,Canada,Hybrid,Senior,8,Master,1
7951,Data Scientist,Medium,Technology,Germany,Remote,Mid,2,PhD,0
7952,Business Analyst,Enterprise,Healthcare,Singapore,Remote,Senior,5,Master,0
7953,Machine Learning Engineer,Medium,Education,USA,Onsite,Entry,3,Master,0
7954,Data Scientist,Enterprise,Healthcare,Australia,Remote,Senior,12,PhD,0
7955,AI Engineer,MNC,Healthcare,Canada,Onsite,Entry,14,Master,0
7956,Data Scientist,Medium,Healthcare,Australia,Hybrid,Entry,9,Master,1
7957,Data Analyst,Startup,Finance,Singapore,Hybrid,Senior,12,Master,0
7958,Machine Learning Engineer,Startup,Education,UK,Onsite,Mid,9,Master,0
7959,AI Engineer,Enterprise,Healthcare,Singapore,Remote,Senior,7,Bachelor,0
7960,Data Scientist,MNC,Healthcare,India,Remote,Senior,6,Master,1
7961,AI Engineer,Enterprise,Education,Singapore,Remote,Senior,3,Bachelor,1
7962,AI Engineer,Startup,Education,Canada,Remote,Mid,11,Bachelor,1
7963,AI Engineer,Enterprise,Technology,Germany,Remote,Mid,11,PhD,0
7964,Machine Learning Engineer,Medium,E-commerce,Singapore,Remote,Mid,6,PhD,1
7965,Data Engineer,Enterprise,Education,UK,Onsite,Entry,9,Master,0
7966,AI Engineer,MNC,Retail,India,Remote,Mid,12,Master,0
7967,Data Scientist,Medium,E-commerce,Australia,Remote,Mid,9,Master,0
7968,Data Scientist,MNC,Education,Canada,Remote,Senior,4,Master,1
7969,AI Engineer,Medium,Education,USA,Remote,Entry,12,Master,1
7970,Machine Learning Engineer,Medium,E-commerce,Germany,Remote,Entry,14,Bachelor,0
7971,Data Engineer,MNC,Retail,Canada,Remote,Entry,0,Bachelor,0
7972,Data Analyst,Medium,Technology,Canada,Remote,Entry,2,Master,0
7973,Data Engineer,MNC,Technology,Australia,Remote,Senior,6,PhD,1
7974,Data Analyst,Medium,Technology,Germany,Remote,Entry,4,PhD,0
7975,AI Engineer,Medium,Technology,USA,Onsite,Mid,13,Bachelor,0
7976,Data Scientist,Startup,Technology,UK,Hybrid,Senior,4,PhD,0
7977,Machine Learning Engineer,Medium,Education,UK,Hybrid,Mid,7,Master,0
7978,Data Analyst,Enterprise,Retail,Australia,Onsite,Entry,1,PhD,0
7979,Data Analyst,Medium,Finance,Canada,Remote,Entry,1,Master,1
7980,AI Engineer,Enterprise,Retail,USA,Onsite,Entry,13,PhD,1
7981,Business Analyst,Startup,Education,Singapore,Onsite,Mid,7,Bachelor,0
7982,AI Engineer,Enterprise,Technology,USA,Onsite,Senior,6,PhD,0
7983,AI Engineer,Enterprise,Education,USA,Remote,Entry,11,Bachelor,1
7984,Machine Learning Engineer,MNC,Education,UK,Hybrid,Mid,4,Master,1
7985,Data Engineer,Enterprise,Technology,Germany,Remote,Mid,11,Bachelor,0
7986,Data Scientist,MNC,E-commerce,USA,Hybrid,Entry,5,Master,0
7987,Business Analyst,MNC,E-commerce,Australia,Remote,Mid,1,Master,0
7988,Data Analyst,MNC,Education,Australia,Hybrid,Mid,8,Bachelor,1
7989,AI Engineer,Startup,E-commerce,Germany,Remote,Mid,2,PhD,1
7990,Data Scientist,Startup,Education,UK,Onsite,Mid,10,Bachelor,0
7991,AI Engineer,Medium,Technology,Singapore,Onsite,Mid,12,Bachelor,0
7992,Data Scientist,Medium,Healthcare,India,Hybrid,Entry,3,Master,0
7993,Business Analyst,MNC,Retail,USA,Onsite,Mid,1,PhD,0
7994,Data Scientist,MNC,Finance,Singapore,Remote,Mid,5,Master,1
7995,AI Engineer,Startup,Healthcare,USA,Remote,Mid,9,PhD,1
7996,Business Analyst,Enterprise,Technology,Singapore,Remote,Entry,0,PhD,0
7997,Machine Learning Engineer,Startup,E-commerce,Canada,Hybrid,Entry,2,Bachelor,0
7998,Business Analyst,Medium,Finance,Germany,Remote,Senior,13,Bachelor,0
7999,Business Analyst,Startup,Technology,UK,Onsite,Senior,9,PhD,1
8000,Data Scientist,Startup,Technology,Germany,Remote,Entry,5,Master,1
8001,Data Analyst,Enterprise,Healthcare,Australia,Hybrid,Mid,6,Bachelor,1
8002,Business Analyst,Enterprise,E-commerce,Singapore,Onsite,Mid,8,PhD,0
8003,Machine Learning Engineer,Medium,Healthcare,UK,Hybrid,Entry,7,Master,1
8004,Data Scientist,Startup,Education,Australia,Remote,Mid,14,Master,0
8005,Data Scientist,Medium,Technology,Australia,Remote,Entry,8,Bachelor,1
8006,Machine Learning Engineer,Startup,Technology,UK,Onsite,Entry,2,Bachelor,0
8007,Data Scientist,Enterprise,E-commerce,USA,Hybrid,Entry,13,Master,1
8008,Machine Learning Engineer,Enterprise,Finance,USA,Onsite,Entry,6,Bachelor,1
8009,Data Engineer,Startup,Retail,Singapore,Hybrid,Mid,6,Bachelor,1
8010,Machine Learning Engineer,Startup,Education,Australia,Onsite,Entry,6,Master,0
8011,Business Analyst,Medium,Retail,Canada,Hybrid,Entry,13,PhD,0
8012,Machine Learning Engineer,MNC,Education,Australia,Remote,Mid,6,PhD,1
8013,Data Scientist,MNC,Healthcare,USA,Hybrid,Senior,10,PhD,0
8014,Data Scientist,Medium,E-commerce,USA,Remote,Entry,6,PhD,0
8015,Data Scientist,Enterprise,Healthcare,Germany,Onsite,Entry,5,Master,1
8016,Business Analyst,Startup,Finance,Australia,Remote,Senior,2,Master,0
8017,Data Engineer,Startup,Technology,Germany,Hybrid,Entry,14,PhD,1
8018,AI Engineer,Medium,E-commerce,Australia,Onsite,Mid,6,Master,0
8019,AI Engineer,Medium,Healthcare,Canada,Hybrid,Entry,0,PhD,0
8020,AI Engineer,Enterprise,E-commerce,India,Remote,Senior,7,PhD,1
8021,Data Scientist,Medium,E-commerce,Canada,Onsite,Senior,4,PhD,1
8022,Machine Learning Engineer,Enterprise,E-commerce,USA,Onsite,Senior,3,Bachelor,0
8023,Data Scientist,Enterprise,E-commerce,Singapore,Onsite,Senior,10,Bachelor,1
8024,Machine Learning Engineer,MNC,E-commerce,Germany,Hybrid,Entry,14,Master,0
8025,Data Scientist,MNC,Finance,UK,Onsite,Entry,10,Master,0
8026,Data Analyst,Startup,Finance,Australia,Hybrid,Mid,11,Master,0
8027,Machine Learning Engineer,MNC,E-commerce,Australia,Hybrid,Mid,12,PhD,1
8028,Data Analyst,Enterprise,Healthcare,Canada,Hybrid,Mid,11,Bachelor,1
8029,Data Scientist,Startup,Retail,Singapore,Onsite,Mid,7,PhD,0
8030,Data Scientist,Startup,Retail,India,Remote,Mid,13,PhD,1
8031,Business Analyst,Medium,Education,UK,Onsite,Mid,3,Master,1
8032,AI Engineer,Startup,Finance,Singapore,Remote,Mid,11,PhD,0
8033,Data Engineer,Medium,Education,Germany,Hybrid,Senior,8,Master,0
8034,Data Engineer,Enterprise,Retail,Australia,Onsite,Entry,1,Master,0
8035,Business Analyst,Medium,Education,USA,Remote,Mid,1,Bachelor,1
8036,Data Scientist,Startup,Healthcare,India,Onsite,Senior,1,Bachelor,0
8037,Data Scientist,Startup,Finance,USA,Remote,Senior,5,Bachelor,1
8038,AI Engineer,Startup,Retail,India,Remote,Senior,5,Master,0
8039,Data Analyst,Enterprise,Education,USA,Hybrid,Senior,2,PhD,0
8040,Data Engineer,MNC,Technology,USA,Remote,Senior,1,Bachelor,1
8041,Data Scientist,MNC,E-commerce,UK,Remote,Entry,11,Bachelor,1
8042,Data Analyst,Medium,Technology,USA,Remote,Entry,10,Master,0
8043,Business Analyst,Medium,Education,Canada,Remote,Senior,8,PhD,1
8044,Data Analyst,MNC,Technology,Australia,Hybrid,Senior,8,Master,1
8045,Business Analyst,Enterprise,Technology,Singapore,Remote,Senior,11,PhD,1
8046,Data Engineer,Medium,Retail,Canada,Onsite,Mid,6,Bachelor,0
8047,Business Analyst,Enterprise,E-commerce,India,Onsite,Senior,0,Master,0
8048,Machine Learning Engineer,Startup,Education,India,Hybrid,Entry,3,Bachelor,1
8049,Data Engineer,Medium,Retail,USA,Onsite,Mid,4,Bachelor,0
8050,Data Engineer,Medium,E-commerce,Germany,Remote,Senior,8,Bachelor,0
8051,Machine Learning Engineer,Startup,Retail,India,Hybrid,Mid,3,Bachelor,1
8052,Data Engineer,Startup,E-commerce,India,Hybrid,Entry,9,Master,0
8053,Business Analyst,Startup,Retail,USA,Remote,Entry,11,PhD,1
8054,AI Engineer,Startup,Finance,Germany,Onsite,Entry,12,PhD,1
8055,Machine Learning Engineer,Medium,Retail,India,Remote,Senior,11,Bachelor,0
8056,Business Analyst,Enterprise,Technology,Canada,Onsite,Mid,7,Master,1
8057,Machine Learning Engineer,MNC,Healthcare,Australia,Remote,Entry,9,Master,1
8058,Data Scientist,MNC,Healthcare,India,Onsite,Senior,3,PhD,0
8059,Business Analyst,Medium,Healthcare,India,Hybrid,Mid,2,Master,0
8060,Business Analyst,Enterprise,E-commerce,UK,Hybrid,Mid,12,Bachelor,0
8061,Business Analyst,Enterprise,Technology,UK,Remote,Mid,12,Master,1
8062,Business Analyst,MNC,Healthcare,Australia,Remote,Senior,11,PhD,0
8063,Data Scientist,MNC,Technology,UK,Remote,Mid,12,PhD,0
8064,Data Analyst,MNC,E-commerce,Australia,Remote,Entry,3,Bachelor,1
8065,AI Engineer,MNC,Retail,UK,Onsite,Entry,11,Master,1
8066,AI Engineer,Startup,Retail,USA,Onsite,Entry,11,Master,0
8067,Data Engineer,Enterprise,Retail,UK,Hybrid,Senior,5,Bachelor,1
8068,Data Engineer,MNC,Finance,Australia,Onsite,Mid,8,Master,1
8069,Business Analyst,Startup,Finance,India,Hybrid,Mid,1,Master,1
8070,Business Analyst,Medium,Retail,India,Remote,Senior,13,Master,0
8071,Data Analyst,Startup,Technology,Canada,Remote,Senior,4,Bachelor,1
8072,Data Analyst,Startup,E-commerce,Canada,Hybrid,Entry,12,Master,0
8073,AI Engineer,MNC,Technology,UK,Remote,Entry,5,PhD,0
8074,Data Analyst,MNC,E-commerce,UK,Hybrid,Entry,2,Master,1
8075,Business Analyst,Enterprise,Education,Singapore,Remote,Mid,12,Bachelor,0
8076,AI Engineer,Startup,Finance,Canada,Onsite,Entry,9,PhD,1
8077,Data Analyst,Medium,E-commerce,Singapore,Remote,Entry,9,Bachelor,1
8078,AI Engineer,Medium,Retail,India,Onsite,Entry,7,Bachelor,0
8079,Data Engineer,MNC,Retail,India,Hybrid,Senior,3,PhD,0
8080,Data Scientist,MNC,Healthcare,USA,Onsite,Entry,14,Bachelor,1
8081,Data Engineer,Enterprise,Technology,Australia,Onsite,Entry,8,PhD,0
8082,AI Engineer,Enterprise,Education,Singapore,Remote,Mid,5,Master,1
8083,Data Scientist,Enterprise,Education,UK,Hybrid,Senior,2,Bachelor,0
8084,Machine Learning Engineer,MNC,Education,Singapore,Remote,Senior,3,Master,0
8085,Data Engineer,Startup,Finance,Canada,Onsite,Mid,8,Master,1
8086,Machine Learning Engineer,Enterprise,E-commerce,UK,Hybrid,Senior,14,PhD,1
8087,Data Analyst,Medium,E-commerce,India,Remote,Entry,5,Master,0
8088,Business Analyst,Medium,Retail,India,Onsite,Entry,4,Master,0
8089,Data Analyst,Medium,Healthcare,India,Remote,Mid,13,PhD,0
8090,Business Analyst,Enterprise,E-commerce,India,Onsite,Mid,5,PhD,0
8091,Data Scientist,Startup,Retail,India,Onsite,Mid,10,PhD,0
8092,Data Engineer,MNC,Finance,UK,Onsite,Mid,1,PhD,0
8093,Data Engineer,Enterprise,E-commerce,UK,Hybrid,Mid,2,Bachelor,1
8094,Machine Learning Engineer,Enterprise,Finance,India,Remote,Entry,10,Master,1
8095,Data Analyst,Startup,Technology,UK,Onsite,Mid,1,Bachelor,1
8096,Business Analyst,MNC,Finance,India,Onsite,Mid,2,PhD,0
8097,Data Scientist,Startup,Education,Singapore,Hybrid,Entry,8,Master,1
8098,Data Scientist,Medium,Education,Germany,Onsite,Mid,1,PhD,0
8099,AI Engineer,MNC,Technology,Singapore,Hybrid,Entry,3,PhD,0
8100,Business Analyst,Enterprise,E-commerce,Germany,Onsite,Senior,7,Bachelor,1
8101,AI Engineer,Enterprise,Technology,USA,Hybrid,Mid,2,PhD,1
8102,Business Analyst,Medium,Education,Canada,Hybrid,Mid,1,Master,0
8103,Business Analyst,Enterprise,Technology,India,Hybrid,Senior,6,Master,0
8104,Data Scientist,Enterprise,Healthcare,Germany,Hybrid,Mid,4,Master,0
8105,AI Engineer,Medium,Finance,USA,Remote,Mid,8,Master,1
8106,Business Analyst,MNC,Education,Canada,Remote,Mid,4,Bachelor,0
8107,Data Engineer,Startup,Healthcare,Canada,Hybrid,Senior,13,Bachelor,1
8108,Business Analyst,Startup,Retail,Canada,Remote,Senior,8,Bachelor,0
8109,Machine Learning Engineer,Enterprise,Retail,Canada,Remote,Senior,7,PhD,0
8110,Data Analyst,Startup,E-commerce,Australia,Onsite,Senior,0,Bachelor,1
8111,Business Analyst,Medium,Education,Australia,Hybrid,Entry,7,Bachelor,0
8112,Data Scientist,Medium,Healthcare,Canada,Onsite,Senior,4,Bachelor,1
8113,Machine Learning Engineer,MNC,Retail,Singapore,Remote,Senior,2,PhD,1
8114,Data Scientist,MNC,Retail,Germany,Hybrid,Senior,2,Master,0
8115,Business Analyst,Startup,Technology,UK,Onsite,Senior,11,PhD,0
8116,Data Analyst,MNC,Education,Germany,Onsite,Senior,2,PhD,0
8117,Data Engineer,MNC,Technology,India,Remote,Entry,9,Bachelor,0
8118,Data Scientist,Startup,Technology,Canada,Remote,Senior,8,Master,0
8119,Machine Learning Engineer,MNC,E-commerce,India,Remote,Mid,13,Master,1
8120,Data Analyst,Medium,E-commerce,USA,Hybrid,Mid,12,Master,0
8121,Machine Learning Engineer,MNC,Finance,India,Remote,Senior,4,PhD,1
8122,Data Analyst,Startup,E-commerce,USA,Hybrid,Mid,11,Bachelor,1
8123,Data Scientist,Medium,E-commerce,Singapore,Remote,Mid,3,Master,1
8124,Data Scientist,Startup,Technology,USA,Hybrid,Entry,7,Bachelor,1
8125,Data Scientist,Medium,Healthcare,India,Remote,Senior,12,PhD,1
8126,Machine Learning Engineer,Startup,Healthcare,USA,Onsite,Mid,5,Master,1
8127,AI Engineer,Medium,Healthcare,Germany,Remote,Mid,2,PhD,0
8128,Business Analyst,Enterprise,Healthcare,USA,Onsite,Senior,3,Bachelor,1
8129,Data Scientist,MNC,Education,Germany,Onsite,Senior,1,PhD,1
8130,Machine Learning Engineer,Enterprise,Healthcare,Germany,Remote,Mid,7,Master,1
8131,Data Analyst,MNC,Finance,USA,Hybrid,Entry,2,Bachelor,0
8132,Data Analyst,Startup,E-commerce,USA,Hybrid,Senior,8,PhD,0
8133,Business Analyst,Startup,Technology,UK,Remote,Senior,5,PhD,1
8134,Data Scientist,Medium,E-commerce,Australia,Hybrid,Entry,3,Bachelor,0
8135,Data Scientist,Startup,Retail,UK,Remote,Mid,0,PhD,1
8136,Data Scientist,Medium,Healthcare,Australia,Hybrid,Mid,12,Bachelor,1
8137,Data Analyst,MNC,Education,Australia,Onsite,Senior,1,PhD,1
8138,Machine Learning Engineer,Startup,Finance,Australia,Onsite,Entry,12,PhD,0
8139,Machine Learning Engineer,MNC,Technology,Australia,Remote,Entry,12,PhD,1
8140,Machine Learning Engineer,Enterprise,Healthcare,India,Onsite,Mid,8,PhD,0
8141,Machine Learning Engineer,MNC,Technology,Germany,Hybrid,Mid,7,Bachelor,0
8142,AI Engineer,Enterprise,Finance,UK,Onsite,Entry,0,PhD,0
8143,Data Engineer,MNC,E-commerce,Canada,Onsite,Mid,6,PhD,0
8144,Data Analyst,Startup,Technology,Canada,Onsite,Entry,5,Bachelor,1
8145,Data Analyst,MNC,Education,UK,Onsite,Senior,2,PhD,1
8146,Machine Learning Engineer,Enterprise,E-commerce,India,Hybrid,Senior,11,Bachelor,1
8147,AI Engineer,Startup,Healthcare,India,Onsite,Mid,3,PhD,1
8148,AI Engineer,Enterprise,E-commerce,Singapore,Remote,Mid,1,Master,1
8149,Data Engineer,MNC,Healthcare,USA,Remote,Entry,14,Bachelor,0
8150,Data Scientist,MNC,Finance,USA,Onsite,Mid,8,PhD,0
8151,Machine Learning Engineer,Startup,Finance,India,Onsite,Entry,14,PhD,1
8152,Machine Learning Engineer,MNC,E-commerce,Germany,Onsite,Entry,9,Bachelor,0
8153,AI Engineer,Enterprise,Healthcare,Canada,Onsite,Entry,11,PhD,0
8154,Machine Learning Engineer,MNC,Education,Germany,Remote,Entry,7,Master,1
8155,AI Engineer,Enterprise,Education,USA,Hybrid,Senior,12,PhD,1
8156,AI Engineer,Medium,Technology,Australia,Hybrid,Entry,1,PhD,0
8157,Business Analyst,Medium,Finance,Canada,Onsite,Senior,3,Master,1
8158,Machine Learning Engineer,Startup,Technology,Germany,Remote,Entry,7,PhD,0
8159,Machine Learning Engineer,Enterprise,Technology,Germany,Remote,Entry,11,PhD,0
8160,Business Analyst,Medium,Technology,USA,Remote,Entry,11,PhD,0
8161,Data Analyst,Startup,Healthcare,India,Remote,Senior,7,Bachelor,1
8162,Data Scientist,MNC,Finance,Australia,Onsite,Senior,11,Bachelor,0
8163,Machine Learning Engineer,Startup,Healthcare,UK,Remote,Mid,4,PhD,0
8164,Data Analyst,Startup,E-commerce,Canada,Remote,Entry,14,PhD,1
8165,AI Engineer,Enterprise,Healthcare,Singapore,Onsite,Senior,3,Master,1
8166,AI Engineer,Enterprise,Healthcare,Canada,Hybrid,Mid,5,PhD,1
8167,Data Analyst,Enterprise,Technology,Singapore,Onsite,Entry,3,PhD,0
8168,AI Engineer,Startup,Education,Germany,Onsite,Mid,8,PhD,0
8169,Business Analyst,Startup,Finance,Singapore,Onsite,Entry,4,Bachelor,0
8170,Data Scientist,MNC,Healthcare,Canada,Remote,Entry,1,Master,0
8171,Data Analyst,MNC,Retail,Germany,Remote,Entry,12,Bachelor,1
8172,AI Engineer,MNC,Finance,Singapore,Hybrid,Senior,7,PhD,1
8173,Machine Learning Engineer,Startup,Education,UK,Remote,Senior,8,Master,0
8174,Data Engineer,Medium,Healthcare,Australia,Hybrid,Entry,12,Master,1
8175,Data Engineer,Medium,Retail,USA,Remote,Entry,11,Bachelor,0
8176,Data Analyst,Startup,Education,Germany,Remote,Entry,10,Master,0
8177,AI Engineer,Medium,Retail,USA,Hybrid,Entry,13,Master,1
8178,Data Scientist,Medium,Technology,Australia,Onsite,Entry,2,Bachelor,1
8179,Data Analyst,MNC,Retail,Germany,Onsite,Entry,7,PhD,0
8180,Data Scientist,Enterprise,Education,Germany,Onsite,Mid,9,PhD,1
8181,Data Scientist,Enterprise,Education,Singapore,Hybrid,Entry,11,PhD,1
8182,Business Analyst,Enterprise,Finance,Germany,Remote,Senior,12,Master,0
8183,Data Engineer,Enterprise,Education,Germany,Hybrid,Entry,8,Bachelor,0
8184,Data Analyst,Startup,Retail,India,Hybrid,Entry,4,PhD,1
8185,Data Scientist,MNC,Retail,Germany,Onsite,Mid,13,Master,0
8186,Data Scientist,MNC,Education,UK,Onsite,Entry,0,Master,0
8187,Machine Learning Engineer,MNC,Technology,India,Onsite,Mid,9,PhD,0
8188,Data Analyst,Startup,Technology,UK,Onsite,Entry,7,PhD,0
8189,Data Engineer,Enterprise,Retail,UK,Remote,Senior,14,Master,1
8190,Data Analyst,Startup,Technology,UK,Remote,Entry,9,Master,1
8191,Data Analyst,Medium,E-commerce,UK,Hybrid,Entry,9,PhD,0
8192,Business Analyst,Startup,Healthcare,Germany,Onsite,Senior,1,PhD,1
8193,Data Scientist,Medium,Technology,Australia,Onsite,Entry,0,Bachelor,1
8194,AI Engineer,Medium,Healthcare,USA,Remote,Entry,6,Bachelor,0
8195,Data Scientist,MNC,Retail,India,Hybrid,Entry,3,Master,0
8196,Data Analyst,Medium,Finance,Germany,Hybrid,Senior,9,Bachelor,1
8197,Data Analyst,Enterprise,Education,Australia,Onsite,Entry,12,PhD,1
8198,Business Analyst,Medium,E-commerce,USA,Remote,Entry,1,Bachelor,0
8199,Data Engineer,Enterprise,Technology,Germany,Onsite,Mid,4,PhD,1
8200,Business Analyst,Startup,E-commerce,Singapore,Remote,Senior,1,Master,1
8201,Data Engineer,Medium,Finance,USA,Onsite,Entry,6,Master,0
8202,Business Analyst,Startup,E-commerce,Singapore,Hybrid,Senior,0,PhD,0
8203,AI Engineer,MNC,Retail,Singapore,Remote,Mid,2,Master,1
8204,Business Analyst,Enterprise,E-commerce,India,Remote,Senior,14,PhD,1
8205,Data Engineer,Enterprise,Healthcare,USA,Hybrid,Entry,1,PhD,1
8206,Data Scientist,MNC,Finance,Singapore,Hybrid,Mid,9,PhD,0
8207,Data Analyst,Medium,Technology,Canada,Onsite,Entry,2,Bachelor,0
8208,Data Scientist,MNC,Education,USA,Remote,Mid,2,PhD,0
8209,Data Engineer,Medium,Finance,India,Onsite,Mid,14,Bachelor,0
8210,Data Scientist,Medium,Technology,USA,Remote,Senior,1,Bachelor,1
8211,Machine Learning Engineer,Startup,Retail,USA,Hybrid,Entry,13,PhD,0
8212,Data Engineer,Enterprise,Finance,India,Hybrid,Entry,8,PhD,0
8213,Machine Learning Engineer,MNC,E-commerce,India,Remote,Entry,4,Bachelor,1
8214,AI Engineer,Enterprise,Technology,USA,Hybrid,Entry,9,PhD,0
8215,Data Scientist,Medium,E-commerce,Australia,Onsite,Senior,6,PhD,1
8216,AI Engineer,Startup,Education,USA,Remote,Mid,8,Bachelor,0
8217,Data Analyst,Startup,Healthcare,UK,Remote,Entry,13,Bachelor,0
8218,AI Engineer,Enterprise,Healthcare,Singapore,Onsite,Senior,1,Bachelor,1
8219,Data Engineer,MNC,Finance,Germany,Remote,Entry,4,Master,0
8220,Data Analyst,Enterprise,Technology,UK,Hybrid,Senior,2,Bachelor,0
8221,Business Analyst,MNC,Technology,Singapore,Onsite,Entry,10,Master,0
8222,Data Analyst,Startup,Retail,UK,Onsite,Entry,14,Bachelor,1
8223,Data Engineer,MNC,E-commerce,Singapore,Hybrid,Entry,8,Master,0
8224,Data Analyst,MNC,Technology,UK,Onsite,Mid,14,Master,0
8225,Machine Learning Engineer,Medium,Retail,India,Onsite,Senior,10,PhD,1
8226,Data Analyst,MNC,Finance,USA,Hybrid,Senior,6,Master,0
8227,Data Scientist,Medium,Healthcare,Germany,Remote,Mid,13,Bachelor,0
8228,Business Analyst,Startup,Technology,USA,Hybrid,Senior,11,PhD,0
8229,Machine Learning Engineer,Medium,Healthcare,Australia,Onsite,Entry,14,Master,0
8230,AI Engineer,Enterprise,Healthcare,Singapore,Onsite,Mid,12,Bachelor,1
8231,Data Engineer,Medium,Retail,Singapore,Remote,Entry,5,PhD,0
8232,Machine Learning Engineer,Startup,Healthcare,Singapore,Onsite,Mid,2,PhD,0
8233,Data Scientist,MNC,Technology,USA,Hybrid,Entry,1,Bachelor,1
8234,Data Scientist,Medium,Technology,UK,Hybrid,Mid,2,PhD,1
8235,Data Analyst,Medium,Retail,Australia,Onsite,Senior,12,Bachelor,1
8236,Machine Learning Engineer,Enterprise,Education,USA,Remote,Mid,0,Master,0
8237,Data Scientist,MNC,Finance,India,Hybrid,Senior,14,Bachelor,1
8238,Data Engineer,Medium,Education,Australia,Remote,Mid,2,PhD,0
8239,Data Scientist,Enterprise,Technology,Singapore,Hybrid,Senior,5,Master,0
8240,Data Analyst,Medium,Healthcare,Germany,Remote,Entry,9,PhD,0
8241,Business Analyst,MNC,Healthcare,Australia,Onsite,Senior,14,Bachelor,1
8242,AI Engineer,Medium,E-commerce,Canada,Onsite,Senior,6,PhD,1
8243,Data Engineer,MNC,Healthcare,Canada,Hybrid,Entry,1,Bachelor,1
8244,Machine Learning Engineer,MNC,Retail,UK,Remote,Senior,14,Bachelor,1
8245,Business Analyst,MNC,Education,Singapore,Remote,Senior,14,Master,0
8246,Machine Learning Engineer,MNC,Retail,Singapore,Onsite,Entry,13,Master,0
8247,Business Analyst,Startup,E-commerce,UK,Hybrid,Mid,7,PhD,1
8248,AI Engineer,MNC,Retail,UK,Remote,Entry,4,PhD,1
8249,AI Engineer,MNC,Retail,Australia,Onsite,Mid,13,Bachelor,0
8250,Data Scientist,Enterprise,Retail,UK,Hybrid,Mid,12,Master,1
8251,Data Analyst,Medium,E-commerce,Canada,Remote,Mid,10,Master,0
8252,Data Analyst,Enterprise,Technology,UK,Onsite,Senior,8,Bachelor,0
8253,Machine Learning Engineer,Startup,Finance,USA,Hybrid,Senior,0,Master,0
8254,Data Scientist,Medium,Technology,Germany,Remote,Senior,14,Master,1
8255,Data Scientist,Medium,Finance,USA,Hybrid,Entry,5,PhD,0
8256,Business Analyst,Startup,Healthcare,USA,Remote,Mid,3,Master,1
8257,Data Analyst,Startup,Healthcare,India,Onsite,Mid,2,PhD,1
8258,Business Analyst,Startup,E-commerce,Australia,Onsite,Senior,4,PhD,1
8259,Machine Learning Engineer,Medium,Technology,USA,Hybrid,Entry,9,Master,1
8260,Machine Learning Engineer,Medium,Finance,Singapore,Hybrid,Entry,0,Master,0
8261,Data Analyst,MNC,Healthcare,Singapore,Remote,Entry,3,PhD,0
8262,Machine Learning Engineer,MNC,Retail,India,Hybrid,Mid,3,Bachelor,1
8263,Data Scientist,Medium,Education,Germany,Hybrid,Entry,7,Bachelor,0
8264,Machine Learning Engineer,Enterprise,Technology,UK,Remote,Entry,7,Bachelor,1
8265,Data Analyst,Enterprise,E-commerce,Australia,Onsite,Entry,13,Master,1
8266,Machine Learning Engineer,Medium,Finance,Germany,Remote,Mid,14,PhD,0
8267,Data Engineer,Medium,E-commerce,Canada,Onsite,Entry,2,PhD,1
8268,Data Analyst,MNC,E-commerce,Singapore,Remote,Entry,12,Bachelor,0
8269,Machine Learning Engineer,MNC,Finance,Germany,Remote,Mid,0,Master,1
8270,Data Engineer,MNC,E-commerce,India,Remote,Entry,2,Bachelor,0
8271,AI Engineer,MNC,Healthcare,India,Hybrid,Entry,5,Master,0
8272,Data Engineer,MNC,Technology,Australia,Remote,Mid,5,PhD,0
8273,Data Scientist,Startup,Technology,India,Onsite,Senior,5,PhD,0
8274,Data Analyst,Medium,Retail,Singapore,Onsite,Mid,14,Master,0
8275,Machine Learning Engineer,Startup,Education,USA,Remote,Senior,2,Master,0
8276,Machine Learning Engineer,Startup,Healthcare,Germany,Onsite,Entry,1,Master,1
8277,Business Analyst,MNC,Technology,Canada,Onsite,Entry,0,Bachelor,0
8278,Data Engineer,Medium,Healthcare,Germany,Onsite,Senior,11,Bachelor,1
8279,Data Analyst,Startup,Healthcare,Germany,Hybrid,Mid,4,PhD,1
8280,Machine Learning Engineer,Medium,Healthcare,Australia,Onsite,Senior,0,Bachelor,0
8281,Machine Learning Engineer,Startup,E-commerce,UK,Onsite,Mid,14,Master,1
8282,Data Scientist,Medium,Technology,Canada,Remote,Entry,14,Bachelor,0
8283,Business Analyst,Startup,Healthcare,USA,Hybrid,Senior,7,PhD,0
8284,Data Scientist,Enterprise,Finance,Singapore,Remote,Mid,8,Master,0
8285,Business Analyst,Enterprise,Technology,Australia,Remote,Senior,0,Bachelor,0
8286,Data Analyst,MNC,Education,India,Onsite,Mid,1,PhD,1
8287,Data Engineer,Enterprise,E-commerce,India,Hybrid,Mid,11,Bachelor,0
8288,Data Scientist,MNC,Finance,Germany,Remote,Senior,9,PhD,1
8289,Business Analyst,Medium,Technology,Canada,Hybrid,Entry,11,Master,1
8290,AI Engineer,Medium,Healthcare,Australia,Onsite,Senior,8,PhD,0
8291,Data Analyst,Startup,Finance,Germany,Hybrid,Senior,11,PhD,1
8292,Data Engineer,Startup,Retail,Singapore,Hybrid,Entry,6,Master,0
8293,AI Engineer,MNC,Education,Canada,Hybrid,Entry,13,Master,1
8294,Data Engineer,Medium,Retail,USA,Onsite,Mid,9,Bachelor,1
8295,Data Analyst,MNC,E-commerce,Australia,Onsite,Senior,9,PhD,1
8296,Business Analyst,MNC,Education,UK,Remote,Senior,0,Master,1
8297,AI Engineer,Medium,Finance,Canada,Onsite,Mid,0,Bachelor,0
8298,Data Scientist,MNC,Healthcare,Canada,Onsite,Senior,5,Master,0
8299,AI Engineer,Enterprise,Education,Germany,Hybrid,Entry,11,PhD,1
8300,Data Engineer,Startup,E-commerce,Singapore,Remote,Mid,9,PhD,0
8301,Data Analyst,Startup,Healthcare,Germany,Onsite,Senior,10,PhD,0
8302,AI Engineer,Enterprise,E-commerce,India,Hybrid,Mid,12,Bachelor,0
8303,Business Analyst,Enterprise,Technology,India,Remote,Entry,14,PhD,0
8304,Business Analyst,MNC,Healthcare,Canada,Remote,Entry,12,Bachelor,0
8305,Machine Learning Engineer,Medium,E-commerce,India,Remote,Senior,6,Master,0
8306,Data Analyst,Medium,Retail,Australia,Onsite,Mid,1,PhD,0
8307,Machine Learning Engineer,Startup,Finance,USA,Onsite,Entry,5,PhD,0
8308,Data Analyst,Medium,Finance,Australia,Hybrid,Entry,9,PhD,0
8309,AI Engineer,Startup,E-commerce,Canada,Onsite,Mid,10,Bachelor,1
8310,Machine Learning Engineer,Enterprise,Healthcare,India,Hybrid,Entry,7,PhD,0
8311,Business Analyst,Enterprise,E-commerce,USA,Remote,Mid,3,Bachelor,1
8312,AI Engineer,Startup,Education,UK,Onsite,Senior,1,PhD,1
8313,Data Analyst,MNC,Retail,Singapore,Hybrid,Senior,5,Master,0
8314,Business Analyst,Medium,Retail,India,Onsite,Entry,12,Master,1
8315,Business Analyst,Enterprise,Finance,Singapore,Remote,Senior,2,Bachelor,1
8316,Data Engineer,Medium,E-commerce,India,Remote,Mid,0,Master,1
8317,AI Engineer,Medium,Education,Canada,Remote,Senior,6,PhD,0
8318,Business Analyst,MNC,Education,India,Onsite,Entry,13,Master,1
8319,Business Analyst,Enterprise,Healthcare,Singapore,Onsite,Entry,5,Bachelor,1
8320,AI Engineer,Enterprise,Technology,Canada,Onsite,Senior,11,Master,1
8321,Business Analyst,Enterprise,Healthcare,UK,Remote,Mid,13,PhD,1
8322,Data Analyst,MNC,Technology,Germany,Remote,Entry,4,Master,0
8323,Data Scientist,MNC,E-commerce,Singapore,Hybrid,Mid,8,PhD,0
8324,Data Analyst,Enterprise,Technology,Australia,Remote,Entry,5,Master,0
8325,Machine Learning Engineer,MNC,Retail,Germany,Hybrid,Senior,3,Bachelor,0
8326,Data Analyst,MNC,E-commerce,Germany,Hybrid,Senior,0,PhD,1
8327,Machine Learning Engineer,Startup,Healthcare,Germany,Onsite,Entry,5,Master,1
8328,Data Engineer,MNC,Finance,India,Onsite,Entry,9,Bachelor,0
8329,Data Analyst,Enterprise,E-commerce,USA,Onsite,Senior,3,Bachelor,0
8330,Machine Learning Engineer,Medium,E-commerce,UK,Hybrid,Mid,0,Master,1
8331,Machine Learning Engineer,MNC,Technology,Singapore,Hybrid,Senior,7,Master,1
8332,Business Analyst,Medium,Finance,Germany,Hybrid,Entry,13,PhD,0
8333,Machine Learning Engineer,Enterprise,Healthcare,Canada,Hybrid,Senior,7,PhD,0
8334,Data Analyst,Medium,Technology,Australia,Hybrid,Mid,12,Bachelor,0
8335,AI Engineer,Startup,E-commerce,India,Remote,Entry,5,Bachelor,0
8336,Data Engineer,Enterprise,E-commerce,Canada,Remote,Mid,1,Master,1
8337,AI Engineer,Startup,Technology,UK,Remote,Senior,13,Bachelor,0
8338,Data Analyst,Medium,Technology,UK,Remote,Senior,7,Bachelor,0
8339,Machine Learning Engineer,Startup,Healthcare,UK,Onsite,Entry,3,Bachelor,0
8340,Business Analyst,Enterprise,Technology,UK,Hybrid,Mid,8,PhD,1
8341,Business Analyst,MNC,Education,USA,Onsite,Mid,13,Master,0
8342,AI Engineer,Medium,Technology,Canada,Hybrid,Senior,10,Master,0
8343,Data Analyst,MNC,Retail,India,Onsite,Mid,12,PhD,0
8344,AI Engineer,Startup,Healthcare,Germany,Remote,Entry,13,Master,0
8345,Data Scientist,Enterprise,E-commerce,Singapore,Hybrid,Entry,7,Bachelor,0
8346,Data Scientist,MNC,Finance,Australia,Onsite,Entry,14,Bachelor,0
8347,Data Engineer,Startup,Technology,Canada,Onsite,Senior,3,Master,1
8348,Machine Learning Engineer,Enterprise,Technology,Australia,Onsite,Entry,5,PhD,1
8349,Data Analyst,MNC,Retail,Singapore,Hybrid,Senior,12,PhD,1
8350,Business Analyst,MNC,Education,India,Onsite,Entry,2,Bachelor,0
8351,Data Engineer,Medium,Education,Singapore,Remote,Mid,12,Master,1
8352,Data Engineer,Enterprise,Education,Canada,Remote,Entry,13,PhD,1
8353,Business Analyst,MNC,Healthcare,Australia,Hybrid,Senior,14,PhD,0
8354,Machine Learning Engineer,Startup,Technology,India,Onsite,Mid,6,Bachelor,0
8355,Business Analyst,Medium,Finance,India,Onsite,Mid,4,Master,1
8356,Data Analyst,Enterprise,Finance,Canada,Remote,Entry,11,Master,1
8357,AI Engineer,Startup,Healthcare,Singapore,Remote,Entry,9,Bachelor,1
8358,Business Analyst,Startup,Finance,Canada,Remote,Entry,10,PhD,0
8359,Data Engineer,Enterprise,E-commerce,Singapore,Onsite,Entry,6,Bachelor,1
8360,Data Analyst,Startup,Healthcare,UK,Hybrid,Mid,3,Master,1
8361,Data Analyst,Enterprise,Finance,Australia,Onsite,Entry,3,PhD,0
8362,Data Analyst,Enterprise,Retail,Singapore,Hybrid,Mid,6,PhD,0
8363,Data Engineer,Enterprise,Retail,India,Onsite,Mid,1,Master,0
8364,AI Engineer,Startup,Finance,Germany,Hybrid,Senior,4,Bachelor,0
8365,Data Analyst,MNC,Technology,Germany,Hybrid,Entry,3,Bachelor,1
8366,Machine Learning Engineer,MNC,Healthcare,India,Remote,Entry,12,Bachelor,0
8367,Machine Learning Engineer,Enterprise,Retail,Canada,Remote,Senior,3,PhD,1
8368,AI Engineer,Enterprise,E-commerce,UK,Onsite,Mid,7,PhD,1
8369,Data Analyst,MNC,E-commerce,India,Onsite,Senior,14,Bachelor,1
8370,Data Scientist,Medium,Healthcare,Singapore,Hybrid,Senior,10,PhD,0
8371,Business Analyst,Medium,Finance,Australia,Hybrid,Senior,12,Bachelor,1
8372,AI Engineer,Medium,E-commerce,India,Remote,Entry,8,Bachelor,1
8373,Machine Learning Engineer,MNC,Retail,India,Remote,Mid,2,Bachelor,0
8374,Data Engineer,Startup,Healthcare,Australia,Hybrid,Senior,5,PhD,0
8375,Machine Learning Engineer,Enterprise,Education,Australia,Hybrid,Entry,14,Bachelor,1
8376,Data Engineer,Medium,E-commerce,Canada,Remote,Entry,1,PhD,0
8377,AI Engineer,Enterprise,Technology,India,Onsite,Senior,10,PhD,1
8378,Business Analyst,Startup,Education,USA,Hybrid,Entry,10,PhD,0
8379,Machine Learning Engineer,MNC,Finance,Germany,Hybrid,Mid,6,PhD,1
8380,Data Scientist,MNC,Finance,UK,Onsite,Mid,14,PhD,1
8381,Machine Learning Engineer,Enterprise,Healthcare,Australia,Remote,Mid,8,PhD,0
8382,Business Analyst,Medium,Retail,India,Onsite,Senior,4,PhD,1
8383,AI Engineer,Enterprise,Retail,Germany,Onsite,Entry,0,PhD,0
8384,Business Analyst,Enterprise,Retail,Singapore,Remote,Senior,9,Master,0
8385,Data Engineer,Startup,Technology,Canada,Hybrid,Entry,2,PhD,1
8386,Business Analyst,Startup,Education,USA,Hybrid,Mid,1,Bachelor,1
8387,Business Analyst,Enterprise,Finance,Australia,Hybrid,Senior,0,PhD,0
8388,Data Analyst,Startup,Healthcare,Australia,Remote,Mid,12,Bachelor,0
8389,Data Analyst,Enterprise,Technology,UK,Remote,Mid,13,Master,0
8390,AI Engineer,Startup,E-commerce,Australia,Onsite,Senior,1,Bachelor,0
8391,Data Analyst,Enterprise,Education,Singapore,Remote,Mid,13,PhD,1
8392,AI Engineer,Startup,Finance,Canada,Remote,Senior,1,Bachelor,0
8393,Business Analyst,Enterprise,Healthcare,Singapore,Onsite,Senior,10,Master,0
8394,Business Analyst,Enterprise,Retail,Singapore,Remote,Mid,7,Master,1
8395,Data Analyst,Startup,Retail,Canada,Onsite,Senior,11,Bachelor,1
8396,Machine Learning Engineer,Startup,Healthcare,Australia,Hybrid,Senior,5,Bachelor,0
8397,Machine Learning Engineer,Enterprise,Education,Germany,Onsite,Mid,7,Bachelor,1
8398,Machine Learning Engineer,Startup,Technology,USA,Onsite,Mid,7,PhD,1
8399,Data Scientist,Medium,Finance,Germany,Onsite,Mid,7,PhD,1
8400,AI Engineer,Startup,Education,Canada,Remote,Entry,5,Bachelor,0
8401,Data Engineer,Enterprise,Education,Germany,Onsite,Senior,2,Master,0
8402,Data Engineer,MNC,Education,Germany,Remote,Entry,8,Bachelor,0
8403,Data Analyst,MNC,Healthcare,Germany,Onsite,Entry,5,Bachelor,0
8404,AI Engineer,Startup,Retail,Australia,Hybrid,Senior,14,PhD,0
8405,Business Analyst,Medium,Education,UK,Hybrid,Mid,13,PhD,0
8406,Machine Learning Engineer,Medium,Technology,Germany,Hybrid,Mid,10,PhD,0
8407,Machine Learning Engineer,Enterprise,Healthcare,Canada,Hybrid,Entry,7,Bachelor,1
8408,Data Scientist,Startup,E-commerce,Germany,Onsite,Mid,10,Master,0
8409,Data Analyst,Enterprise,E-commerce,India,Hybrid,Mid,10,Master,1
8410,Business Analyst,Enterprise,Finance,Singapore,Onsite,Mid,5,PhD,1
8411,Data Analyst,MNC,Finance,Germany,Remote,Entry,10,Master,1
8412,Data Scientist,Startup,Technology,Singapore,Hybrid,Senior,1,Master,0
8413,Business Analyst,Startup,Retail,USA,Hybrid,Entry,1,PhD,0
8414,Machine Learning Engineer,Medium,Finance,USA,Onsite,Entry,3,Bachelor,1
8415,AI Engineer,Enterprise,Technology,Singapore,Onsite,Mid,9,PhD,0
8416,Business Analyst,Startup,Healthcare,India,Hybrid,Mid,8,Master,1
8417,Data Scientist,Startup,Retail,Canada,Hybrid,Entry,14,Bachelor,0
8418,AI Engineer,Medium,Technology,Germany,Hybrid,Entry,10,Bachelor,1
8419,AI Engineer,MNC,Education,Germany,Hybrid,Senior,4,Bachelor,0
8420,Data Engineer,Medium,Technology,Germany,Hybrid,Senior,10,PhD,1
8421,AI Engineer,Enterprise,Education,UK,Onsite,Entry,12,Master,1
8422,Data Analyst,Startup,Technology,USA,Onsite,Entry,7,PhD,1
8423,Machine Learning Engineer,Startup,Healthcare,USA,Hybrid,Senior,7,Master,0
8424,Data Scientist,Medium,Healthcare,Germany,Onsite,Senior,14,Bachelor,0
8425,Data Analyst,Enterprise,E-commerce,Germany,Onsite,Entry,12,PhD,1
8426,Data Scientist,Medium,Healthcare,Canada,Hybrid,Senior,2,Master,1
8427,Data Engineer,Enterprise,E-commerce,UK,Onsite,Mid,2,PhD,1
8428,Data Analyst,Medium,Finance,Canada,Hybrid,Entry,12,Master,0
8429,AI Engineer,MNC,E-commerce,UK,Hybrid,Mid,2,PhD,1
8430,Data Scientist,Enterprise,Healthcare,India,Hybrid,Entry,1,Bachelor,1
8431,Data Scientist,Enterprise,Education,Germany,Hybrid,Mid,14,Master,1
8432,Business Analyst,Medium,E-commerce,UK,Onsite,Entry,13,Master,1
8433,Data Analyst,Enterprise,Retail,UK,Hybrid,Mid,0,PhD,0
8434,Data Scientist,Enterprise,E-commerce,Australia,Onsite,Senior,13,Bachelor,1
8435,AI Engineer,MNC,Finance,Australia,Remote,Mid,14,Bachelor,1
8436,AI Engineer,MNC,Finance,Germany,Onsite,Entry,9,Bachelor,0
8437,Data Analyst,Medium,Finance,Singapore,Onsite,Entry,13,Bachelor,0
8438,Data Scientist,Startup,Healthcare,Australia,Hybrid,Senior,14,Master,0
8439,Machine Learning Engineer,MNC,Education,USA,Hybrid,Entry,14,PhD,0
8440,Data Analyst,MNC,Retail,USA,Remote,Senior,6,Master,1
8441,Data Engineer,MNC,Finance,USA,Hybrid,Senior,12,Bachelor,0
8442,AI Engineer,Startup,Education,India,Hybrid,Entry,10,Master,0
8443,Business Analyst,MNC,E-commerce,India,Remote,Mid,1,Master,0
8444,Machine Learning Engineer,Enterprise,Healthcare,Australia,Onsite,Senior,9,Master,0
8445,AI Engineer,Startup,Healthcare,USA,Remote,Mid,3,Master,0
8446,Machine Learning Engineer,Enterprise,E-commerce,Singapore,Remote,Senior,3,Master,1
8447,Data Analyst,Enterprise,Healthcare,Australia,Hybrid,Senior,0,Master,1
8448,Data Scientist,Medium,Education,UK,Hybrid,Senior,7,PhD,0
8449,Business Analyst,Medium,Retail,India,Remote,Senior,4,Bachelor,0
8450,Machine Learning Engineer,Enterprise,Technology,Australia,Remote,Entry,5,Master,1
8451,Data Engineer,MNC,Retail,Singapore,Remote,Entry,11,Bachelor,0
8452,AI Engineer,Startup,Education,USA,Hybrid,Entry,2,Master,1
8453,Business Analyst,Enterprise,Retail,USA,Hybrid,Senior,4,Bachelor,1
8454,AI Engineer,MNC,Finance,Germany,Hybrid,Senior,0,PhD,1
8455,Data Engineer,Enterprise,E-commerce,Singapore,Onsite,Senior,3,Bachelor,0
8456,Data Engineer,MNC,E-commerce,UK,Onsite,Entry,8,Master,0
8457,Data Scientist,Startup,Finance,Canada,Hybrid,Senior,6,Master,0
8458,Machine Learning Engineer,Startup,Technology,USA,Onsite,Senior,13,PhD,0
8459,Business Analyst,Enterprise,E-commerce,Australia,Onsite,Senior,9,Bachelor,0
8460,Data Analyst,Enterprise,Healthcare,Singapore,Hybrid,Senior,6,Master,1
8461,Business Analyst,Enterprise,E-commerce,Canada,Remote,Mid,0,Master,0
8462,Data Analyst,MNC,Technology,Australia,Onsite,Senior,1,PhD,0
8463,Data Analyst,MNC,Finance,UK,Onsite,Senior,14,PhD,1
8464,Data Scientist,Startup,Technology,USA,Onsite,Entry,1,Master,0
8465,Data Scientist,Startup,E-commerce,Canada,Remote,Entry,9,Bachelor,0
8466,Business Analyst,Startup,E-commerce,UK,Onsite,Entry,3,Bachelor,1
8467,Data Analyst,Medium,Retail,Canada,Onsite,Senior,0,Bachelor,0
8468,Data Analyst,Enterprise,Healthcare,USA,Onsite,Entry,4,Master,0
8469,Business Analyst,Medium,Healthcare,Germany,Remote,Entry,9,Bachelor,1
8470,Data Scientist,Enterprise,Healthcare,Singapore,Hybrid,Senior,6,Bachelor,0
8471,AI Engineer,Startup,Technology,UK,Onsite,Mid,11,Master,0
8472,Data Scientist,Enterprise,Finance,UK,Onsite,Mid,7,Bachelor,0
8473,Data Analyst,Startup,Healthcare,Germany,Hybrid,Senior,2,PhD,0
8474,Machine Learning Engineer,Startup,Technology,Singapore,Hybrid,Senior,14,Master,0
8475,Business Analyst,Startup,Finance,USA,Remote,Entry,4,PhD,1
8476,Data Analyst,Enterprise,Technology,Canada,Hybrid,Senior,10,Master,1
8477,Data Engineer,Medium,Finance,India,Onsite,Entry,0,Bachelor,0
8478,Data Scientist,MNC,Finance,UK,Hybrid,Mid,7,PhD,1
8479,Machine Learning Engineer,Startup,Retail,Singapore,Onsite,Mid,0,Bachelor,0
8480,AI Engineer,Enterprise,Healthcare,Australia,Hybrid,Entry,5,Bachelor,0
8481,AI Engineer,Startup,E-commerce,India,Onsite,Entry,7,PhD,1
8482,AI Engineer,Startup,Retail,Germany,Remote,Senior,1,Master,0
8483,Business Analyst,Medium,Healthcare,Canada,Onsite,Entry,6,Master,1
8484,Business Analyst,MNC,Technology,Canada,Hybrid,Mid,11,PhD,1
8485,Data Analyst,MNC,Education,Australia,Onsite,Mid,7,Bachelor,1
8486,Machine Learning Engineer,Startup,Education,Germany,Remote,Mid,10,Bachelor,0
8487,AI Engineer,Startup,Healthcare,UK,Remote,Senior,5,Bachelor,1
8488,Machine Learning Engineer,MNC,Education,Germany,Hybrid,Mid,9,Master,0
8489,Data Analyst,Startup,Technology,USA,Onsite,Senior,9,Bachelor,0
8490,Data Scientist,Startup,Healthcare,Germany,Remote,Entry,10,Bachelor,0
8491,Data Scientist,Startup,Education,Canada,Onsite,Senior,14,PhD,1
8492,Data Engineer,MNC,E-commerce,Australia,Remote,Senior,8,PhD,0
8493,Business Analyst,Medium,Retail,Canada,Hybrid,Mid,3,PhD,1
8494,Data Engineer,MNC,Healthcare,Australia,Hybrid,Mid,9,Bachelor,0
8495,Data Analyst,Medium,Technology,USA,Onsite,Mid,12,Bachelor,0
8496,Machine Learning Engineer,Startup,E-commerce,Australia,Remote,Mid,2,Master,1
8497,Data Engineer,Medium,E-commerce,USA,Onsite,Mid,10,Master,1
8498,Machine Learning Engineer,MNC,Healthcare,UK,Remote,Senior,13,PhD,1
8499,Business Analyst,Startup,Retail,Germany,Onsite,Entry,1,PhD,1
8500,Data Engineer,Enterprise,Education,Australia,Remote,Mid,10,Master,1
8501,Machine Learning Engineer,Startup,Retail,UK,Onsite,Senior,8,Bachelor,0
8502,Business Analyst,MNC,Finance,Singapore,Hybrid,Entry,11,Master,0
8503,Machine Learning Engineer,Medium,Technology,USA,Remote,Entry,5,Master,0
8504,Business Analyst,Enterprise,Retail,Australia,Onsite,Entry,11,Bachelor,0
8505,Data Engineer,Enterprise,Retail,Germany,Hybrid,Mid,1,PhD,1
8506,Data Engineer,Medium,Finance,India,Remote,Mid,3,PhD,1
8507,Data Scientist,MNC,Education,India,Hybrid,Entry,7,Master,1
8508,Data Scientist,Startup,Retail,Singapore,Hybrid,Mid,3,PhD,0
8509,AI Engineer,Enterprise,Healthcare,Singapore,Remote,Entry,10,Master,0
8510,Business Analyst,Startup,Finance,India,Hybrid,Entry,12,Master,0
8511,AI Engineer,MNC,E-commerce,Canada,Onsite,Entry,13,PhD,1
8512,Data Analyst,Enterprise,Retail,Australia,Remote,Mid,4,Bachelor,1
8513,AI Engineer,MNC,Retail,Canada,Onsite,Entry,12,Bachelor,1
8514,AI Engineer,Medium,Retail,Germany,Remote,Mid,1,Master,0
8515,Business Analyst,Enterprise,E-commerce,Australia,Hybrid,Senior,8,Bachelor,1
8516,Business Analyst,MNC,Technology,India,Hybrid,Senior,7,PhD,0
8517,Data Analyst,Startup,Education,UK,Hybrid,Mid,13,Master,1
8518,Data Engineer,Medium,Technology,UK,Remote,Entry,5,Bachelor,0
8519,Data Scientist,Medium,E-commerce,Singapore,Hybrid,Mid,11,Bachelor,0
8520,Business Analyst,Startup,Technology,Germany,Onsite,Senior,13,Master,0
8521,Business Analyst,Enterprise,Healthcare,UK,Hybrid,Mid,8,PhD,1
8522,Data Analyst,MNC,E-commerce,Germany,Hybrid,Entry,11,Bachelor,1
8523,Data Analyst,Enterprise,Technology,Germany,Onsite,Mid,4,PhD,1
8524,Data Analyst,Startup,Finance,India,Onsite,Senior,13,Master,1
8525,Data Engineer,Enterprise,E-commerce,Singapore,Onsite,Senior,14,Bachelor,1
8526,Business Analyst,Startup,Technology,India,Hybrid,Entry,2,Master,1
8527,AI Engineer,MNC,E-commerce,Canada,Onsite,Mid,8,Master,0
8528,Data Scientist,Startup,Retail,India,Remote,Mid,3,Bachelor,0
8529,Data Engineer,Enterprise,E-commerce,Germany,Remote,Mid,14,PhD,0
8530,Data Scientist,MNC,Retail,Canada,Onsite,Entry,2,Bachelor,1
8531,Machine Learning Engineer,Enterprise,Finance,Australia,Remote,Entry,7,PhD,1
8532,Machine Learning Engineer,Enterprise,Healthcare,Singapore,Remote,Senior,3,Master,1
8533,AI Engineer,MNC,E-commerce,India,Remote,Mid,12,PhD,0
8534,Data Scientist,Medium,Finance,Australia,Onsite,Mid,14,Bachelor,1
8535,Data Analyst,Enterprise,Healthcare,Singapore,Onsite,Senior,8,PhD,1
8536,Business Analyst,MNC,Retail,Germany,Remote,Senior,1,Master,1
8537,Data Scientist,MNC,Healthcare,Singapore,Hybrid,Mid,14,Bachelor,1
8538,Data Scientist,MNC,Education,Canada,Onsite,Mid,0,Master,0
8539,AI Engineer,Medium,Technology,Singapore,Remote,Mid,9,PhD,1
8540,Business Analyst,Medium,Finance,Australia,Onsite,Mid,4,PhD,1
8541,Data Engineer,Enterprise,Healthcare,Singapore,Hybrid,Mid,1,PhD,0
8542,AI Engineer,Medium,Technology,Germany,Remote,Senior,3,Master,1
8543,Data Scientist,Medium,Retail,India,Onsite,Senior,5,Bachelor,0
8544,Machine Learning Engineer,Enterprise,Healthcare,Germany,Remote,Entry,10,PhD,1
8545,Business Analyst,Enterprise,Finance,India,Hybrid,Senior,0,Bachelor,1
8546,Data Scientist,MNC,Technology,Germany,Remote,Senior,1,Master,0
8547,Business Analyst,MNC,Healthcare,UK,Hybrid,Mid,7,PhD,1
8548,Machine Learning Engineer,MNC,Finance,Singapore,Remote,Senior,13,PhD,1
8549,Data Analyst,Enterprise,E-commerce,India,Onsite,Entry,7,PhD,1
8550,Data Scientist,MNC,Education,Canada,Hybrid,Entry,0,Master,1
8551,Data Engineer,Medium,Technology,Germany,Hybrid,Senior,5,PhD,1
8552,AI Engineer,Medium,Technology,UK,Onsite,Entry,3,Bachelor,1
8553,AI Engineer,Enterprise,E-commerce,Singapore,Remote,Entry,4,PhD,1
8554,Data Scientist,Enterprise,E-commerce,India,Remote,Entry,11,Bachelor,0
8555,Data Analyst,Startup,Healthcare,Singapore,Onsite,Entry,13,Master,0
8556,Data Scientist,Medium,Finance,India,Remote,Entry,2,PhD,0
8557,Data Analyst,Medium,Technology,Australia,Hybrid,Senior,8,Bachelor,0
8558,Data Analyst,Medium,Education,Canada,Remote,Mid,5,PhD,0
8559,Business Analyst,Enterprise,Education,UK,Remote,Mid,10,PhD,0
8560,Data Scientist,Medium,Retail,Germany,Remote,Senior,3,PhD,1
8561,Data Scientist,MNC,E-commerce,UK,Hybrid,Senior,3,Bachelor,1
8562,Machine Learning Engineer,Enterprise,Retail,Australia,Onsite,Mid,2,Bachelor,1
8563,Data Engineer,MNC,Technology,Canada,Onsite,Mid,8,Master,1
8564,Business Analyst,MNC,Finance,UK,Onsite,Mid,0,Master,0
8565,Data Scientist,Enterprise,Finance,Germany,Hybrid,Mid,4,Master,1
8566,Data Scientist,MNC,E-commerce,UK,Remote,Senior,13,Bachelor,0
8567,Data Engineer,MNC,Retail,Canada,Hybrid,Mid,14,PhD,1
8568,Machine Learning Engineer,Startup,Education,Germany,Remote,Mid,8,Master,0
8569,Data Scientist,Enterprise,Finance,Canada,Onsite,Senior,2,Bachelor,0
8570,Machine Learning Engineer,MNC,Finance,Germany,Hybrid,Entry,6,PhD,1
8571,Business Analyst,MNC,Technology,Canada,Onsite,Mid,4,Bachelor,1
8572,Machine Learning Engineer,Medium,E-commerce,USA,Onsite,Entry,7,Bachelor,1
8573,Business Analyst,Medium,E-commerce,India,Remote,Mid,11,Master,0
8574,Machine Learning Engineer,MNC,Education,UK,Onsite,Mid,7,Bachelor,1
8575,Data Engineer,Medium,Healthcare,Canada,Remote,Entry,2,Bachelor,0
8576,Data Analyst,Enterprise,Retail,Canada,Remote,Mid,5,Master,0
8577,Data Scientist,Startup,Technology,Singapore,Remote,Mid,3,Bachelor,0
8578,Business Analyst,MNC,Technology,USA,Onsite,Senior,8,Bachelor,0
8579,Machine Learning Engineer,Startup,Retail,USA,Remote,Senior,11,PhD,0
8580,AI Engineer,MNC,Education,India,Hybrid,Senior,4,Master,1
8581,Data Engineer,MNC,Retail,Germany,Hybrid,Mid,8,Master,1
8582,Business Analyst,Medium,Healthcare,USA,Remote,Senior,6,Bachelor,0
8583,AI Engineer,Medium,Technology,Australia,Onsite,Entry,13,Bachelor,0
8584,Data Analyst,Medium,Healthcare,Australia,Onsite,Mid,9,Master,1
8585,Data Engineer,Enterprise,E-commerce,India,Onsite,Senior,11,Bachelor,0
8586,Data Analyst,Medium,Finance,Canada,Remote,Entry,6,Bachelor,1
8587,AI Engineer,Startup,E-commerce,USA,Hybrid,Entry,4,PhD,1
8588,Business Analyst,MNC,Technology,India,Hybrid,Entry,3,Bachelor,1
8589,Data Analyst,Medium,Finance,India,Remote,Entry,3,Bachelor,0
8590,Data Analyst,Startup,Education,Germany,Onsite,Senior,5,PhD,0
8591,Data Scientist,Startup,Technology,Germany,Onsite,Senior,14,Master,0
8592,Data Scientist,Enterprise,Healthcare,Australia,Hybrid,Entry,9,Bachelor,1
8593,Data Analyst,MNC,E-commerce,USA,Onsite,Entry,1,Master,1
8594,Data Engineer,MNC,Finance,India,Hybrid,Entry,0,Master,1
8595,AI Engineer,Medium,Technology,UK,Onsite,Senior,8,Master,1
8596,Data Engineer,Startup,Finance,UK,Remote,Mid,14,Bachelor,1
8597,Data Engineer,Enterprise,E-commerce,Australia,Onsite,Senior,8,PhD,0
8598,Data Scientist,MNC,Healthcare,India,Onsite,Entry,14,Master,0
8599,Data Analyst,Startup,Technology,Canada,Hybrid,Mid,2,PhD,0
8600,Data Scientist,Medium,Healthcare,Canada,Remote,Entry,3,PhD,0
8601,Data Scientist,MNC,Education,Australia,Onsite,Entry,12,Master,0
8602,Data Engineer,Enterprise,Technology,USA,Onsite,Entry,11,Bachelor,0
8603,Machine Learning Engineer,Medium,Technology,Singapore,Remote,Mid,6,Master,0
8604,Machine Learning Engineer,Startup,Retail,India,Onsite,Senior,2,Bachelor,0
8605,Data Engineer,MNC,E-commerce,UK,Hybrid,Entry,2,Bachelor,1
8606,Business Analyst,Startup,Technology,Germany,Remote,Entry,13,PhD,0
8607,Business Analyst,Medium,Technology,India,Onsite,Senior,14,Master,1
8608,AI Engineer,Medium,Retail,Singapore,Onsite,Entry,5,PhD,1
8609,Business Analyst,Medium,Finance,Canada,Remote,Entry,0,Master,0
8610,Data Engineer,Startup,Education,Germany,Hybrid,Entry,8,PhD,0
8611,Data Scientist,MNC,Education,USA,Remote,Mid,5,Master,0
8612,Data Scientist,MNC,Healthcare,Singapore,Onsite,Senior,3,Bachelor,0
8613,Business Analyst,Medium,E-commerce,Singapore,Remote,Entry,14,PhD,0
8614,Data Scientist,Medium,Finance,UK,Onsite,Mid,3,Bachelor,0
8615,Data Engineer,MNC,Technology,Singapore,Remote,Entry,13,PhD,0
8616,Data Scientist,Medium,Healthcare,Germany,Hybrid,Mid,4,Master,1
8617,Data Scientist,MNC,Healthcare,India,Onsite,Mid,8,Bachelor,0
8618,AI Engineer,Medium,Education,USA,Remote,Entry,13,PhD,0
8619,Machine Learning Engineer,Enterprise,Technology,India,Hybrid,Mid,5,PhD,0
8620,AI Engineer,Startup,Technology,USA,Onsite,Entry,10,Bachelor,0
8621,AI Engineer,MNC,Retail,USA,Onsite,Mid,14,Bachelor,0
8622,Machine Learning Engineer,MNC,Retail,Canada,Hybrid,Mid,6,Master,1
8623,AI Engineer,Enterprise,Technology,India,Onsite,Mid,6,Bachelor,0
8624,AI Engineer,Enterprise,Retail,Singapore,Hybrid,Entry,9,Master,0
8625,Data Scientist,Enterprise,Healthcare,Canada,Onsite,Senior,6,Master,1
8626,Machine Learning Engineer,Medium,E-commerce,India,Remote,Mid,12,PhD,0
8627,Data Engineer,MNC,Retail,Germany,Hybrid,Entry,4,Bachelor,1
8628,Machine Learning Engineer,MNC,E-commerce,Australia,Remote,Senior,12,PhD,1
8629,Data Analyst,Startup,Education,India,Hybrid,Senior,5,Bachelor,0
8630,Business Analyst,Medium,E-commerce,Germany,Remote,Entry,9,Bachelor,0
8631,Business Analyst,Startup,Healthcare,USA,Hybrid,Entry,12,PhD,0
8632,Data Engineer,Startup,Finance,UK,Remote,Entry,10,PhD,0
8633,Data Engineer,Startup,E-commerce,UK,Hybrid,Entry,11,Master,1
8634,Business Analyst,Enterprise,Finance,Australia,Onsite,Senior,11,Bachelor,0
8635,Machine Learning Engineer,Enterprise,Technology,UK,Onsite,Entry,9,PhD,1
8636,AI Engineer,Startup,Education,Canada,Onsite,Entry,12,Bachelor,0
8637,Business Analyst,MNC,Technology,Germany,Onsite,Mid,6,Bachelor,1
8638,Data Scientist,Startup,E-commerce,UK,Onsite,Mid,10,Master,1
8639,Data Analyst,MNC,Education,USA,Hybrid,Mid,1,PhD,0
8640,Business Analyst,Medium,E-commerce,USA,Remote,Mid,2,Master,0
8641,Data Scientist,MNC,Healthcare,India,Hybrid,Entry,6,PhD,1
8642,Data Analyst,Startup,Healthcare,USA,Onsite,Senior,6,Master,1
8643,AI Engineer,Enterprise,Finance,Canada,Onsite,Mid,9,Bachelor,0
8644,Data Analyst,Enterprise,Healthcare,USA,Hybrid,Mid,7,Master,0
8645,AI Engineer,Medium,E-commerce,India,Hybrid,Senior,3,Bachelor,1
8646,Machine Learning Engineer,MNC,Retail,UK,Hybrid,Mid,4,Master,1
8647,Business Analyst,Medium,Technology,Canada,Onsite,Senior,0,PhD,0
8648,Machine Learning Engineer,Enterprise,Technology,Australia,Remote,Mid,9,Bachelor,0
8649,Data Engineer,Enterprise,Healthcare,Singapore,Onsite,Mid,9,Bachelor,1
8650,Data Scientist,Medium,Healthcare,Singapore,Hybrid,Senior,6,Master,1
8651,Machine Learning Engineer,Medium,Technology,Germany,Onsite,Senior,9,Bachelor,0
8652,Business Analyst,Medium,Technology,USA,Onsite,Mid,12,Master,0
8653,Data Analyst,Medium,Retail,USA,Remote,Senior,5,Bachelor,0
8654,Data Analyst,Enterprise,Healthcare,Australia,Onsite,Entry,2,PhD,0
8655,AI Engineer,MNC,E-commerce,Australia,Onsite,Senior,4,PhD,0
8656,AI Engineer,Startup,Education,India,Hybrid,Mid,1,PhD,1
8657,Business Analyst,Medium,E-commerce,UK,Hybrid,Entry,10,Master,0
8658,Data Analyst,Medium,Retail,Canada,Onsite,Mid,13,PhD,0
8659,Machine Learning Engineer,MNC,Finance,UK,Hybrid,Senior,2,Bachelor,1
8660,Business Analyst,MNC,Technology,UK,Hybrid,Mid,13,PhD,1
8661,Machine Learning Engineer,MNC,Technology,UK,Hybrid,Entry,14,PhD,1
8662,Machine Learning Engineer,Enterprise,Retail,India,Onsite,Senior,7,Bachelor,1
8663,Data Analyst,Medium,Retail,Australia,Onsite,Senior,1,Master,1
8664,Data Engineer,Medium,Education,UK,Onsite,Entry,11,Bachelor,0
8665,Data Analyst,Enterprise,E-commerce,Germany,Hybrid,Entry,1,Bachelor,1
8666,Machine Learning Engineer,Enterprise,Retail,Australia,Hybrid,Senior,12,Master,0
8667,Data Scientist,Startup,Education,India,Hybrid,Entry,5,Master,0
8668,Data Engineer,Medium,Finance,Canada,Remote,Entry,9,Bachelor,1
8669,Data Scientist,MNC,Healthcare,Australia,Remote,Mid,0,PhD,1
8670,AI Engineer,MNC,Retail,Canada,Remote,Senior,11,Master,1
8671,Data Analyst,Medium,Education,Canada,Hybrid,Entry,7,Bachelor,0
8672,Data Scientist,Startup,E-commerce,Singapore,Onsite,Mid,1,PhD,0
8673,AI Engineer,Medium,Healthcare,Canada,Hybrid,Entry,6,PhD,1
8674,Data Analyst,MNC,E-commerce,Singapore,Hybrid,Mid,7,Bachelor,1
8675,Data Scientist,Enterprise,E-commerce,India,Remote,Entry,12,Master,1
8676,AI Engineer,Enterprise,Education,India,Remote,Entry,2,Master,0
8677,AI Engineer,Startup,Finance,Singapore,Hybrid,Entry,10,PhD,0
8678,Data Analyst,Startup,Education,UK,Remote,Entry,8,Master,1
8679,AI Engineer,Startup,Healthcare,USA,Remote,Senior,1,Bachelor,1
8680,Machine Learning Engineer,Startup,Technology,USA,Onsite,Mid,3,Master,1
8681,Machine Learning Engineer,MNC,Healthcare,UK,Onsite,Mid,12,Master,0
8682,Business Analyst,Startup,Retail,USA,Onsite,Entry,0,PhD,1
8683,Data Scientist,Medium,Healthcare,Germany,Hybrid,Entry,0,PhD,0
8684,AI Engineer,Startup,Finance,Germany,Hybrid,Senior,12,Master,1
8685,Data Engineer,Medium,Education,Singapore,Remote,Entry,2,PhD,1
8686,Machine Learning Engineer,Startup,Retail,UK,Onsite,Entry,9,Bachelor,1
8687,Business Analyst,Medium,Technology,Australia,Onsite,Senior,5,PhD,1
8688,Business Analyst,Medium,E-commerce,Germany,Onsite,Entry,4,PhD,0
8689,Machine Learning Engineer,Medium,E-commerce,UK,Hybrid,Entry,13,Bachelor,1
8690,AI Engineer,Medium,Technology,Germany,Remote,Mid,4,Bachelor,0
8691,Business Analyst,Enterprise,Healthcare,India,Onsite,Mid,2,PhD,0
8692,Data Engineer,MNC,Education,Canada,Onsite,Entry,7,PhD,0
8693,AI Engineer,MNC,Education,Germany,Onsite,Senior,5,PhD,1
8694,Data Analyst,Startup,Finance,USA,Hybrid,Mid,10,Bachelor,1
8695,Data Engineer,Enterprise,Healthcare,Australia,Onsite,Senior,2,Master,0
8696,Data Engineer,MNC,Technology,Canada,Remote,Mid,1,Bachelor,1
8697,Business Analyst,Enterprise,Technology,Germany,Onsite,Entry,10,Master,0
8698,Data Engineer,Startup,E-commerce,Germany,Hybrid,Entry,11,Bachelor,0
8699,Business Analyst,Enterprise,Education,USA,Onsite,Mid,4,PhD,1
8700,Business Analyst,Enterprise,Retail,Australia,Onsite,Senior,9,Bachelor,0
8701,Business Analyst,MNC,Technology,India,Hybrid,Entry,0,Master,1
8702,Data Engineer,Startup,Technology,Germany,Onsite,Senior,6,Bachelor,1
8703,Machine Learning Engineer,Enterprise,Finance,Canada,Onsite,Senior,1,Bachelor,1
8704,Machine Learning Engineer,MNC,Technology,Canada,Remote,Entry,7,Bachelor,0
8705,AI Engineer,Enterprise,Retail,Singapore,Onsite,Mid,3,Master,1
8706,Data Engineer,MNC,E-commerce,USA,Onsite,Senior,10,Bachelor,0
8707,Machine Learning Engineer,Enterprise,Finance,UK,Onsite,Entry,13,Master,1
8708,AI Engineer,Startup,Education,Australia,Remote,Entry,1,Bachelor,1
8709,Business Analyst,Startup,Education,Germany,Onsite,Entry,5,Master,1
8710,Data Scientist,Startup,Retail,Singapore,Hybrid,Mid,1,PhD,0
8711,Data Engineer,Enterprise,E-commerce,Singapore,Hybrid,Entry,14,PhD,0
8712,Machine Learning Engineer,Startup,E-commerce,Australia,Hybrid,Mid,0,Master,1
8713,Machine Learning Engineer,MNC,Healthcare,UK,Remote,Senior,5,PhD,0
8714,Machine Learning Engineer,Medium,E-commerce,Germany,Hybrid,Entry,8,PhD,0
8715,Data Scientist,Startup,E-commerce,India,Onsite,Senior,10,Master,0
8716,Data Engineer,Medium,Education,USA,Remote,Senior,0,Master,1
8717,Business Analyst,Startup,Technology,USA,Onsite,Mid,6,Bachelor,0
8718,Machine Learning Engineer,Medium,E-commerce,Singapore,Hybrid,Entry,14,Master,0
8719,Data Scientist,Startup,Finance,USA,Onsite,Entry,0,PhD,0
8720,Business Analyst,Startup,Retail,UK,Hybrid,Mid,12,Bachelor,0
8721,Machine Learning Engineer,Enterprise,Retail,Australia,Onsite,Senior,10,Master,1
8722,Data Engineer,Medium,Technology,Canada,Hybrid,Entry,14,Master,1
8723,Machine Learning Engineer,MNC,Healthcare,India,Hybrid,Senior,0,Master,1
8724,AI Engineer,Enterprise,Technology,Singapore,Onsite,Entry,4,Master,0
8725,Data Engineer,MNC,Education,Germany,Hybrid,Senior,4,Master,1
8726,Data Scientist,MNC,Finance,Australia,Remote,Senior,4,Bachelor,0
8727,Data Engineer,Medium,Retail,USA,Onsite,Entry,7,Master,1
8728,Data Analyst,Enterprise,E-commerce,UK,Remote,Mid,13,Master,0
8729,Business Analyst,MNC,Retail,India,Hybrid,Entry,6,PhD,0
8730,AI Engineer,Medium,Finance,India,Hybrid,Entry,9,Master,1
8731,Data Analyst,Medium,Technology,Canada,Hybrid,Mid,9,PhD,0
8732,Machine Learning Engineer,Startup,Healthcare,USA,Hybrid,Entry,1,PhD,1
8733,Data Scientist,Medium,Healthcare,UK,Hybrid,Senior,14,Bachelor,1
8734,AI Engineer,MNC,Retail,Australia,Hybrid,Senior,13,Master,1
8735,AI Engineer,Enterprise,Technology,Germany,Onsite,Mid,2,Master,1
8736,Data Scientist,Startup,Technology,Germany,Onsite,Entry,9,Bachelor,0
8737,Data Scientist,Startup,Finance,India,Onsite,Senior,7,PhD,1
8738,Business Analyst,Medium,Technology,USA,Hybrid,Mid,12,Master,0
8739,Data Scientist,Startup,Education,Singapore,Hybrid,Senior,14,PhD,1
8740,Data Scientist,MNC,Education,Germany,Remote,Mid,11,Bachelor,0
8741,Business Analyst,MNC,Finance,Australia,Remote,Mid,14,Master,0
8742,Business Analyst,Startup,Finance,Australia,Remote,Senior,11,PhD,0
8743,AI Engineer,Enterprise,Retail,USA,Onsite,Entry,8,Bachelor,0
8744,Machine Learning Engineer,Enterprise,Retail,USA,Remote,Senior,6,PhD,0
8745,AI Engineer,Enterprise,Education,India,Onsite,Mid,11,Master,0
8746,Data Scientist,MNC,Healthcare,USA,Hybrid,Entry,10,PhD,1
8747,AI Engineer,Enterprise,Retail,Canada,Hybrid,Mid,0,Bachelor,1
8748,Data Analyst,Medium,Retail,UK,Remote,Entry,14,PhD,0
8749,Data Scientist,Startup,Finance,Australia,Hybrid,Entry,12,Master,0
8750,AI Engineer,Medium,Technology,Singapore,Remote,Entry,4,Bachelor,0
8751,AI Engineer,MNC,Retail,India,Onsite,Entry,10,PhD,1
8752,Machine Learning Engineer,MNC,E-commerce,UK,Hybrid,Senior,10,Bachelor,1
8753,Data Analyst,Enterprise,Retail,USA,Hybrid,Entry,5,PhD,0
8754,AI Engineer,MNC,Technology,USA,Hybrid,Entry,12,Master,0
8755,Data Analyst,Enterprise,Healthcare,UK,Remote,Mid,13,Master,0
8756,Data Scientist,MNC,Technology,UK,Hybrid,Mid,0,Bachelor,0
8757,Data Analyst,Medium,Education,USA,Hybrid,Mid,13,Master,0
8758,Business Analyst,Startup,Technology,Canada,Remote,Entry,14,Bachelor,1
8759,Machine Learning Engineer,Enterprise,Technology,UK,Onsite,Entry,14,Bachelor,0
8760,Data Analyst,Startup,E-commerce,Canada,Onsite,Senior,4,Master,0
8761,AI Engineer,Medium,Education,Australia,Hybrid,Entry,5,PhD,1
8762,Machine Learning Engineer,Startup,Technology,Canada,Hybrid,Mid,1,PhD,0
8763,AI Engineer,MNC,Healthcare,USA,Onsite,Entry,6,PhD,0
8764,Data Engineer,Startup,Retail,Canada,Remote,Entry,7,Master,0
8765,Machine Learning Engineer,MNC,Healthcare,Canada,Hybrid,Senior,0,Bachelor,1
8766,Data Engineer,Medium,Healthcare,Australia,Onsite,Senior,0,Bachelor,0
8767,Data Analyst,Startup,Technology,Singapore,Onsite,Entry,4,PhD,1
8768,AI Engineer,Startup,Healthcare,Canada,Onsite,Senior,12,Master,1
8769,Data Engineer,Startup,Finance,Australia,Onsite,Entry,0,Master,0
8770,Data Scientist,Enterprise,Healthcare,Germany,Hybrid,Mid,13,PhD,0
8771,AI Engineer,Enterprise,E-commerce,Germany,Onsite,Senior,7,Bachelor,1
8772,AI Engineer,MNC,Education,Australia,Hybrid,Entry,12,PhD,0
8773,Data Engineer,Medium,Healthcare,UK,Onsite,Senior,3,Bachelor,1
8774,Machine Learning Engineer,Medium,Finance,India,Onsite,Mid,12,Master,1
8775,Machine Learning Engineer,Medium,Healthcare,UK,Onsite,Entry,0,Bachelor,1
8776,AI Engineer,MNC,Education,Singapore,Remote,Mid,9,Master,0
8777,AI Engineer,Medium,E-commerce,India,Hybrid,Entry,11,Bachelor,1
8778,Data Engineer,Enterprise,Finance,Singapore,Remote,Senior,3,Master,0
8779,Data Scientist,Medium,E-commerce,USA,Hybrid,Mid,9,PhD,0
8780,Machine Learning Engineer,Startup,Retail,UK,Remote,Mid,9,Master,1
8781,Machine Learning Engineer,Enterprise,Finance,USA,Remote,Senior,5,PhD,1
8782,Business Analyst,Medium,Finance,Canada,Onsite,Entry,2,Master,1
8783,Business Analyst,Medium,E-commerce,UK,Hybrid,Mid,1,Bachelor,0
8784,AI Engineer,Startup,Technology,Canada,Onsite,Entry,6,Bachelor,1
8785,AI Engineer,MNC,Finance,Germany,Hybrid,Mid,3,Bachelor,0
8786,Data Engineer,Medium,Education,Australia,Onsite,Mid,14,Bachelor,1
8787,Data Engineer,Medium,E-commerce,Canada,Hybrid,Mid,6,Master,0
8788,Machine Learning Engineer,Medium,Finance,Germany,Hybrid,Entry,13,PhD,1
8789,Business Analyst,Enterprise,Healthcare,Singapore,Onsite,Entry,12,PhD,1
8790,Data Engineer,Startup,Education,Germany,Remote,Entry,6,PhD,1
8791,AI Engineer,Medium,E-commerce,Germany,Onsite,Mid,10,Bachelor,0
8792,Business Analyst,Startup,Technology,UK,Onsite,Senior,1,PhD,1
8793,Data Engineer,Medium,Technology,India,Hybrid,Entry,3,PhD,0
8794,Machine Learning Engineer,Enterprise,Healthcare,Singapore,Remote,Entry,4,Bachelor,1
8795,Data Analyst,MNC,Education,USA,Remote,Senior,14,Master,0
8796,Business Analyst,MNC,E-commerce,USA,Remote,Entry,7,Bachelor,0
8797,Machine Learning Engineer,Medium,Retail,Canada,Remote,Entry,5,Bachelor,1
8798,AI Engineer,Startup,E-commerce,India,Remote,Mid,5,Bachelor,1
8799,Data Analyst,MNC,Finance,Germany,Remote,Entry,5,Bachelor,0
8800,AI Engineer,Startup,Education,Canada,Onsite,Mid,6,Bachelor,1
8801,Data Scientist,Enterprise,Finance,India,Onsite,Mid,13,Master,1
8802,Data Analyst,Startup,Technology,Canada,Onsite,Entry,5,PhD,1
8803,Machine Learning Engineer,Enterprise,E-commerce,Germany,Onsite,Entry,8,Master,1
8804,Machine Learning Engineer,Medium,Technology,India,Remote,Senior,6,Master,0
8805,Business Analyst,Medium,Technology,Canada,Hybrid,Senior,2,PhD,1
8806,Machine Learning Engineer,Startup,E-commerce,Australia,Hybrid,Senior,7,Master,0
8807,Business Analyst,Startup,Technology,USA,Hybrid,Senior,5,Bachelor,1
8808,Data Engineer,Startup,Healthcare,Canada,Onsite,Senior,9,Master,0
8809,Data Engineer,MNC,Retail,India,Onsite,Mid,13,PhD,0
8810,Data Scientist,Medium,E-commerce,Australia,Onsite,Senior,6,Master,0
8811,Data Engineer,MNC,E-commerce,USA,Hybrid,Senior,4,Master,0
8812,AI Engineer,Startup,Retail,Germany,Hybrid,Mid,5,PhD,0
8813,Data Analyst,Medium,Healthcare,India,Hybrid,Mid,0,PhD,1
8814,AI Engineer,Startup,Retail,UK,Remote,Senior,13,PhD,1
8815,Machine Learning Engineer,Medium,Healthcare,Singapore,Remote,Mid,1,PhD,0
8816,Data Analyst,Startup,Retail,UK,Remote,Senior,3,Master,0
8817,AI Engineer,Startup,Retail,Singapore,Hybrid,Senior,0,PhD,0
8818,AI Engineer,MNC,Healthcare,USA,Remote,Entry,8,Bachelor,0
8819,Data Scientist,Medium,Healthcare,USA,Hybrid,Senior,14,Master,0
8820,Data Engineer,Medium,E-commerce,Canada,Onsite,Mid,14,Master,1
8821,Business Analyst,MNC,Technology,UK,Onsite,Mid,14,Bachelor,0
8822,Data Engineer,Startup,Healthcare,Canada,Remote,Senior,6,PhD,0
8823,Business Analyst,Enterprise,Healthcare,USA,Remote,Senior,8,Bachelor,0
8824,Machine Learning Engineer,Startup,Finance,UK,Onsite,Mid,9,PhD,1
8825,Data Engineer,Enterprise,Retail,Germany,Hybrid,Senior,12,Bachelor,0
8826,AI Engineer,MNC,Healthcare,USA,Onsite,Entry,9,Bachelor,0
8827,Business Analyst,Medium,Technology,USA,Hybrid,Entry,9,PhD,1
8828,Business Analyst,Medium,Education,Germany,Onsite,Entry,0,Master,0
8829,Data Engineer,Startup,Healthcare,UK,Remote,Senior,10,PhD,0
8830,Data Analyst,Medium,Healthcare,Canada,Onsite,Entry,8,Master,0
8831,Data Engineer,Medium,Retail,India,Onsite,Senior,13,Bachelor,0
8832,AI Engineer,Enterprise,Finance,Canada,Hybrid,Entry,11,Master,0
8833,Machine Learning Engineer,Medium,Finance,Australia,Remote,Mid,13,Master,0
8834,Data Engineer,Enterprise,E-commerce,UK,Onsite,Mid,9,Bachelor,1
8835,AI Engineer,Enterprise,Technology,Canada,Onsite,Senior,6,PhD,0
8836,Data Engineer,MNC,Healthcare,Singapore,Onsite,Entry,4,Bachelor,0
8837,Machine Learning Engineer,MNC,Education,Australia,Onsite,Mid,8,Master,0
8838,Machine Learning Engineer,Medium,E-commerce,Canada,Hybrid,Senior,1,Master,0
8839,Data Engineer,Medium,Healthcare,Singapore,Onsite,Entry,2,Master,1
8840,Data Analyst,Startup,Healthcare,USA,Onsite,Entry,11,Master,1
8841,AI Engineer,Enterprise,Retail,Canada,Hybrid,Senior,14,PhD,1
8842,Machine Learning Engineer,MNC,Technology,UK,Remote,Entry,2,Master,0
8843,Machine Learning Engineer,MNC,Retail,Singapore,Remote,Mid,14,Master,1
8844,AI Engineer,Enterprise,E-commerce,UK,Onsite,Senior,7,Bachelor,0
8845,Data Scientist,Enterprise,E-commerce,India,Remote,Mid,4,Master,1
8846,Data Scientist,MNC,Finance,Singapore,Remote,Mid,14,PhD,1
8847,Data Analyst,Medium,Finance,UK,Onsite,Senior,4,PhD,1
8848,Machine Learning Engineer,Medium,Technology,Canada,Onsite,Mid,12,PhD,0
8849,Data Analyst,Medium,E-commerce,India,Remote,Senior,14,Bachelor,1
8850,Data Scientist,Startup,Healthcare,Canada,Onsite,Senior,12,Master,0
8851,Machine Learning Engineer,MNC,Healthcare,Australia,Hybrid,Senior,12,PhD,0
8852,Data Scientist,Medium,Technology,Singapore,Onsite,Senior,12,PhD,0
8853,Data Engineer,Medium,Education,USA,Remote,Senior,13,Master,0
8854,Data Scientist,MNC,Finance,UK,Hybrid,Mid,3,Master,0
8855,AI Engineer,Enterprise,Healthcare,Australia,Remote,Senior,10,Bachelor,0
8856,AI Engineer,Startup,E-commerce,Singapore,Hybrid,Senior,7,PhD,0
8857,Data Engineer,MNC,Education,India,Onsite,Mid,6,PhD,0
8858,Data Engineer,Medium,Healthcare,Singapore,Hybrid,Senior,5,Master,1
8859,Business Analyst,MNC,Education,Germany,Hybrid,Senior,9,Master,0
8860,Data Engineer,MNC,Healthcare,Australia,Remote,Entry,10,PhD,1
8861,AI Engineer,Startup,Technology,USA,Onsite,Entry,4,Bachelor,0
8862,Data Scientist,Medium,Education,Germany,Hybrid,Mid,2,Bachelor,0
8863,Machine Learning Engineer,Medium,Healthcare,Canada,Hybrid,Mid,1,PhD,1
8864,Data Scientist,MNC,Technology,Singapore,Onsite,Senior,5,Bachelor,1
8865,Data Engineer,Enterprise,Retail,USA,Remote,Mid,11,PhD,1
8866,Data Scientist,Enterprise,E-commerce,Canada,Hybrid,Mid,9,Master,1
8867,Business Analyst,Enterprise,Retail,UK,Hybrid,Senior,5,PhD,1
8868,AI Engineer,MNC,E-commerce,Canada,Hybrid,Senior,14,Master,1
8869,Business Analyst,Enterprise,E-commerce,India,Remote,Senior,13,PhD,0
8870,AI Engineer,Medium,E-commerce,UK,Onsite,Entry,2,Master,0
8871,AI Engineer,MNC,Retail,India,Remote,Entry,10,Master,0
8872,Machine Learning Engineer,Startup,Healthcare,UK,Onsite,Senior,14,PhD,1
8873,Machine Learning Engineer,Enterprise,Education,Singapore,Onsite,Mid,11,PhD,1
8874,Data Scientist,Medium,Healthcare,Canada,Remote,Senior,8,Bachelor,1
8875,AI Engineer,Enterprise,Education,USA,Remote,Mid,13,Bachelor,1
8876,Business Analyst,Medium,Technology,Canada,Hybrid,Mid,0,Master,1
8877,Business Analyst,Medium,Healthcare,Singapore,Remote,Senior,11,Master,1
8878,Data Scientist,Medium,Education,Canada,Hybrid,Entry,5,Master,0
8879,Business Analyst,Enterprise,Finance,UK,Hybrid,Mid,1,Master,0
8880,Machine Learning Engineer,Medium,E-commerce,Germany,Remote,Entry,5,Bachelor,1
8881,Data Scientist,Startup,E-commerce,India,Remote,Senior,13,Master,0
8882,Business Analyst,Startup,Education,USA,Hybrid,Mid,6,Master,0
8883,Data Scientist,Startup,Healthcare,Singapore,Remote,Mid,5,Bachelor,1
8884,AI Engineer,Startup,Healthcare,Singapore,Remote,Mid,7,Master,1
8885,Machine Learning Engineer,MNC,Healthcare,USA,Remote,Entry,8,PhD,1
8886,Data Scientist,Startup,E-commerce,UK,Remote,Senior,4,Master,0
8887,Data Analyst,Enterprise,Healthcare,Canada,Onsite,Mid,1,PhD,1
8888,Data Analyst,Startup,Technology,Singapore,Remote,Senior,9,Bachelor,0
8889,Data Scientist,Startup,Retail,USA,Onsite,Mid,4,Master,0
8890,AI Engineer,Medium,Retail,Singapore,Hybrid,Mid,13,Master,0
8891,Business Analyst,Enterprise,Technology,Germany,Onsite,Mid,6,PhD,0
8892,AI Engineer,Startup,Retail,Canada,Onsite,Senior,4,Bachelor,1
8893,Machine Learning Engineer,Startup,Finance,USA,Remote,Senior,9,Bachelor,1
8894,Data Scientist,MNC,Healthcare,Canada,Onsite,Senior,0,Master,1
8895,AI Engineer,Medium,E-commerce,Singapore,Hybrid,Senior,7,PhD,0
8896,Machine Learning Engineer,Enterprise,Healthcare,Germany,Onsite,Mid,3,PhD,1
8897,Machine Learning Engineer,MNC,E-commerce,Australia,Hybrid,Entry,7,Master,1
8898,Data Engineer,MNC,Finance,India,Hybrid,Entry,7,PhD,0
8899,AI Engineer,Startup,Technology,Singapore,Onsite,Senior,3,PhD,1
8900,Data Scientist,MNC,Education,Singapore,Hybrid,Mid,13,Master,1
8901,Data Scientist,Startup,Healthcare,UK,Remote,Entry,3,Master,0
8902,Data Scientist,MNC,Finance,Singapore,Onsite,Entry,0,Master,1
8903,AI Engineer,Enterprise,Retail,Canada,Remote,Entry,14,Master,0
8904,Data Scientist,Enterprise,Finance,UK,Onsite,Mid,13,Master,0
8905,Data Scientist,Startup,Finance,India,Hybrid,Senior,5,Bachelor,1
8906,Data Scientist,MNC,Retail,Germany,Onsite,Mid,6,PhD,0
8907,AI Engineer,Startup,Healthcare,Germany,Hybrid,Mid,2,Master,0
8908,Data Scientist,Enterprise,E-commerce,Australia,Onsite,Mid,0,Bachelor,1
8909,Data Scientist,MNC,E-commerce,Canada,Remote,Entry,1,Master,0
8910,Data Engineer,Enterprise,Technology,USA,Onsite,Senior,4,PhD,0
8911,Data Engineer,Medium,E-commerce,Canada,Hybrid,Entry,10,Bachelor,1
8912,AI Engineer,MNC,Technology,USA,Hybrid,Mid,6,Master,1
8913,Business Analyst,Medium,Education,Australia,Onsite,Mid,6,Bachelor,0
8914,Data Engineer,Startup,Healthcare,USA,Hybrid,Mid,11,Master,1
8915,Machine Learning Engineer,Enterprise,Healthcare,Australia,Remote,Mid,0,Master,1
8916,Data Analyst,MNC,Technology,Germany,Hybrid,Mid,12,Bachelor,0
8917,Data Analyst,MNC,Healthcare,Canada,Remote,Entry,7,Bachelor,1
8918,Business Analyst,Startup,Technology,India,Hybrid,Entry,2,Bachelor,1
8919,Data Engineer,Enterprise,Retail,USA,Hybrid,Entry,8,PhD,0
8920,Data Analyst,MNC,Healthcare,Canada,Hybrid,Mid,14,Bachelor,1
8921,Data Analyst,Enterprise,E-commerce,Singapore,Remote,Senior,8,PhD,1
8922,Data Scientist,Enterprise,Education,Australia,Onsite,Entry,4,Bachelor,0
8923,AI Engineer,Medium,Technology,Australia,Remote,Senior,10,Master,1
8924,Business Analyst,MNC,Healthcare,USA,Onsite,Mid,3,Bachelor,0
8925,Data Analyst,Medium,Healthcare,India,Remote,Mid,9,Bachelor,1
8926,Data Analyst,MNC,E-commerce,Australia,Onsite,Senior,6,Master,0
8927,Business Analyst,Medium,Finance,India,Onsite,Senior,13,Master,0
8928,Data Scientist,Medium,Education,Canada,Onsite,Mid,3,Master,1
8929,Data Scientist,MNC,Healthcare,Germany,Hybrid,Entry,1,Bachelor,0
8930,Business Analyst,Enterprise,Finance,India,Onsite,Entry,13,Master,1
8931,Business Analyst,Startup,Technology,Canada,Onsite,Entry,2,PhD,0
8932,Data Scientist,Startup,Technology,India,Remote,Mid,6,Master,0
8933,Data Scientist,Enterprise,E-commerce,India,Onsite,Entry,3,Master,0
8934,Business Analyst,Startup,E-commerce,UK,Remote,Entry,6,Master,0
8935,Data Analyst,MNC,Healthcare,Canada,Onsite,Senior,3,Bachelor,1
8936,Data Scientist,Medium,Finance,Singapore,Onsite,Senior,2,Master,0
8937,Data Engineer,Medium,E-commerce,Germany,Hybrid,Senior,12,Bachelor,1
8938,Machine Learning Engineer,MNC,Retail,UK,Hybrid,Senior,10,Bachelor,0
8939,Business Analyst,MNC,Technology,India,Onsite,Senior,5,Bachelor,0
8940,Data Engineer,Startup,Healthcare,Singapore,Remote,Senior,6,Bachelor,1
8941,Machine Learning Engineer,Medium,Finance,USA,Hybrid,Entry,1,Master,1
8942,Business Analyst,Enterprise,E-commerce,Germany,Onsite,Mid,1,Bachelor,1
8943,Data Engineer,Startup,Healthcare,Australia,Hybrid,Senior,5,Bachelor,1
8944,AI Engineer,Enterprise,Finance,Singapore,Onsite,Senior,6,PhD,0
8945,Data Analyst,Medium,Finance,Canada,Hybrid,Mid,6,PhD,1
8946,AI Engineer,Startup,Finance,Singapore,Remote,Senior,2,Master,1
8947,Data Engineer,Medium,Retail,India,Onsite,Entry,2,Bachelor,1
8948,Machine Learning Engineer,Enterprise,E-commerce,Canada,Remote,Entry,1,PhD,0
8949,AI Engineer,Startup,Technology,USA,Onsite,Mid,3,Master,0
8950,Data Scientist,Medium,Education,UK,Onsite,Senior,4,PhD,0
8951,Data Analyst,Startup,Technology,India,Remote,Senior,4,PhD,0
8952,Machine Learning Engineer,MNC,E-commerce,Singapore,Hybrid,Entry,11,Bachelor,1
8953,Data Analyst,Enterprise,Healthcare,Germany,Hybrid,Mid,3,Master,0
8954,Machine Learning Engineer,Medium,Finance,Singapore,Hybrid,Entry,13,PhD,1
8955,Data Analyst,MNC,Retail,Singapore,Remote,Mid,9,Bachelor,0
8956,Data Analyst,Startup,E-commerce,USA,Remote,Senior,12,Bachelor,0
8957,Machine Learning Engineer,Startup,Finance,Singapore,Hybrid,Entry,5,PhD,1
8958,Data Scientist,Startup,E-commerce,Singapore,Hybrid,Mid,13,Master,1
8959,Data Scientist,Startup,Technology,Singapore,Onsite,Senior,11,Bachelor,0
8960,AI Engineer,Medium,Healthcare,India,Onsite,Entry,6,Master,1
8961,Business Analyst,Enterprise,Finance,Canada,Hybrid,Mid,14,Master,1
8962,AI Engineer,Medium,Healthcare,UK,Hybrid,Mid,11,Bachelor,0
8963,Data Analyst,Startup,Education,Germany,Onsite,Senior,4,Bachelor,0
8964,AI Engineer,Startup,Technology,USA,Onsite,Mid,10,Master,1
8965,Data Scientist,Startup,Finance,Singapore,Remote,Senior,8,PhD,0
8966,Data Engineer,Medium,Finance,India,Hybrid,Mid,4,Master,1
8967,Data Engineer,Enterprise,Healthcare,USA,Hybrid,Entry,2,Bachelor,1
8968,AI Engineer,Startup,Retail,USA,Hybrid,Entry,0,Master,0
8969,Machine Learning Engineer,Enterprise,Healthcare,Germany,Remote,Mid,7,PhD,0
8970,Data Analyst,Startup,Education,Germany,Hybrid,Entry,0,PhD,1
8971,Data Scientist,MNC,E-commerce,Singapore,Remote,Senior,9,Master,0
8972,Data Engineer,Enterprise,Healthcare,Canada,Remote,Mid,9,Bachelor,0
8973,Data Analyst,MNC,Retail,India,Onsite,Senior,1,PhD,0
8974,Data Engineer,Startup,Retail,USA,Remote,Entry,14,Master,1
8975,AI Engineer,Startup,Education,Germany,Remote,Mid,6,Master,1
8976,Machine Learning Engineer,Enterprise,Education,Australia,Onsite,Mid,9,Bachelor,1
8977,Data Scientist,Enterprise,E-commerce,UK,Onsite,Mid,10,Bachelor,0
8978,AI Engineer,Startup,Finance,Australia,Onsite,Senior,9,Master,0
8979,Data Scientist,Medium,Education,Germany,Remote,Mid,10,Bachelor,0
8980,Business Analyst,Enterprise,Education,UK,Onsite,Entry,2,Bachelor,1
8981,Data Analyst,Startup,Finance,Germany,Remote,Senior,0,Bachelor,1
8982,AI Engineer,MNC,Healthcare,Singapore,Remote,Entry,9,Master,0
8983,Data Analyst,Startup,Finance,UK,Hybrid,Mid,2,Bachelor,1
8984,Business Analyst,Enterprise,Finance,Australia,Remote,Entry,9,Master,1
8985,Data Engineer,Enterprise,Education,India,Hybrid,Entry,5,Master,1
8986,Machine Learning Engineer,Enterprise,Retail,Germany,Onsite,Entry,13,PhD,0
8987,Data Analyst,Startup,Retail,USA,Hybrid,Entry,1,Master,1
8988,Business Analyst,Startup,E-commerce,Germany,Remote,Entry,5,Bachelor,0
8989,Data Scientist,MNC,Technology,UK,Hybrid,Entry,8,PhD,1
8990,Data Engineer,MNC,E-commerce,UK,Hybrid,Entry,2,Master,1
8991,Data Engineer,Enterprise,Healthcare,Canada,Onsite,Entry,3,Master,0
8992,Data Analyst,Startup,Education,Germany,Remote,Mid,2,Bachelor,0
8993,Data Analyst,Enterprise,E-commerce,Canada,Hybrid,Entry,13,Bachelor,0
8994,Business Analyst,Enterprise,Education,Canada,Hybrid,Entry,13,Bachelor,0
8995,Business Analyst,Startup,Healthcare,Canada,Hybrid,Mid,7,Bachelor,1
8996,Business Analyst,MNC,Finance,Canada,Remote,Entry,14,PhD,1
8997,Data Engineer,Medium,Finance,Germany,Onsite,Mid,5,Bachelor,1
8998,Data Engineer,Startup,Technology,UK,Remote,Senior,14,Bachelor,0
8999,AI Engineer,Startup,Technology,Canada,Onsite,Mid,1,PhD,1
9000,Data Scientist,Medium,Education,Canada,Hybrid,Mid,11,Bachelor,0
9001,AI Engineer,Enterprise,Education,USA,Onsite,Entry,6,Bachelor,0
9002,Business Analyst,Medium,Retail,Canada,Onsite,Mid,14,Bachelor,0
9003,Business Analyst,Startup,Finance,UK,Onsite,Senior,13,Bachelor,1
9004,Data Analyst,Enterprise,Healthcare,UK,Remote,Entry,13,Bachelor,1
9005,Machine Learning Engineer,MNC,E-commerce,USA,Onsite,Senior,5,PhD,0
9006,AI Engineer,MNC,Technology,UK,Onsite,Senior,3,PhD,0
9007,Machine Learning Engineer,Medium,Education,UK,Onsite,Mid,2,PhD,1
9008,Data Analyst,Startup,Retail,USA,Onsite,Entry,3,Master,0
9009,AI Engineer,MNC,Healthcare,USA,Remote,Senior,14,PhD,1
9010,Business Analyst,Enterprise,Finance,Canada,Onsite,Senior,1,Master,1
9011,Machine Learning Engineer,Enterprise,Healthcare,Singapore,Remote,Mid,8,Bachelor,0
9012,Machine Learning Engineer,Startup,Education,Germany,Remote,Senior,8,Master,0
9013,Data Engineer,Medium,Healthcare,India,Onsite,Senior,0,Master,1
9014,Data Engineer,Medium,Finance,USA,Onsite,Entry,11,PhD,0
9015,Data Analyst,Enterprise,Education,USA,Remote,Entry,8,Master,1
9016,Data Scientist,Startup,Retail,India,Remote,Mid,6,Master,0
9017,Data Engineer,Startup,Education,Canada,Remote,Entry,11,PhD,0
9018,AI Engineer,MNC,Finance,USA,Hybrid,Senior,6,Master,0
9019,AI Engineer,Medium,Technology,USA,Onsite,Entry,8,Master,1
9020,Data Scientist,Medium,Education,USA,Onsite,Senior,14,Bachelor,1
9021,AI Engineer,Medium,Technology,USA,Hybrid,Senior,3,Master,1
9022,Data Engineer,Medium,E-commerce,Germany,Remote,Mid,4,Bachelor,0
9023,Machine Learning Engineer,Medium,E-commerce,Germany,Hybrid,Entry,3,Bachelor,1
9024,Data Analyst,MNC,Technology,India,Hybrid,Entry,0,Master,0
9025,Business Analyst,MNC,Technology,Singapore,Onsite,Senior,4,Bachelor,0
9026,Data Engineer,Startup,Healthcare,Germany,Onsite,Mid,7,Bachelor,0
9027,Business Analyst,Startup,Finance,Australia,Hybrid,Mid,3,PhD,0
9028,Business Analyst,MNC,Technology,UK,Remote,Entry,4,Master,0
9029,Data Engineer,Startup,Technology,India,Onsite,Senior,10,Bachelor,0
9030,AI Engineer,MNC,Healthcare,India,Hybrid,Senior,1,Master,1
9031,Machine Learning Engineer,Enterprise,Retail,USA,Onsite,Senior,1,PhD,0
9032,Data Engineer,MNC,Retail,Singapore,Remote,Entry,8,Master,0
9033,Data Scientist,MNC,Healthcare,India,Onsite,Mid,5,Bachelor,1
9034,Data Analyst,Enterprise,E-commerce,Canada,Remote,Mid,13,Master,0
9035,Data Analyst,Enterprise,E-commerce,India,Hybrid,Senior,6,Bachelor,0
9036,Business Analyst,Medium,E-commerce,UK,Hybrid,Entry,5,Bachelor,1
9037,AI Engineer,Medium,Technology,UK,Hybrid,Mid,8,Master,1
9038,Data Scientist,Enterprise,Finance,Australia,Remote,Senior,6,PhD,1
9039,AI Engineer,MNC,Technology,USA,Remote,Mid,2,Master,1
9040,Data Scientist,Enterprise,Technology,Germany,Remote,Senior,10,Master,1
9041,Data Scientist,Enterprise,Education,Canada,Onsite,Entry,14,PhD,0
9042,Data Scientist,Medium,E-commerce,USA,Hybrid,Senior,5,PhD,1
9043,Business Analyst,Startup,Technology,Germany,Onsite,Entry,12,PhD,0
9044,Business Analyst,Medium,Healthcare,Germany,Remote,Senior,9,Master,1
9045,Data Analyst,Medium,Education,India,Onsite,Mid,2,Bachelor,0
9046,Data Scientist,Medium,Technology,USA,Onsite,Entry,14,Master,0
9047,Data Analyst,Startup,Technology,Germany,Remote,Mid,6,Master,1
9048,Data Engineer,MNC,Technology,Canada,Hybrid,Mid,7,PhD,0
9049,Data Analyst,Startup,Technology,Australia,Onsite,Mid,5,Master,1
9050,AI Engineer,Startup,E-commerce,Australia,Remote,Entry,9,Bachelor,0
9051,Business Analyst,Startup,Finance,India,Remote,Entry,0,Bachelor,1
9052,Business Analyst,MNC,Finance,Australia,Hybrid,Mid,2,PhD,0
9053,Data Analyst,Enterprise,Retail,Germany,Hybrid,Entry,14,PhD,1
9054,Business Analyst,Startup,E-commerce,UK,Hybrid,Entry,2,Bachelor,1
9055,Data Scientist,MNC,Retail,India,Hybrid,Mid,3,Bachelor,1
9056,AI Engineer,Startup,Education,Australia,Remote,Mid,14,Master,1
9057,Data Scientist,MNC,E-commerce,Australia,Onsite,Senior,6,PhD,0
9058,Machine Learning Engineer,MNC,E-commerce,Singapore,Remote,Senior,1,Master,0
9059,Machine Learning Engineer,Enterprise,E-commerce,Canada,Onsite,Senior,1,Master,1
9060,AI Engineer,Startup,Retail,USA,Hybrid,Senior,13,Bachelor,1
9061,Business Analyst,MNC,Healthcare,Singapore,Remote,Senior,0,PhD,0
9062,Data Engineer,Medium,E-commerce,Canada,Hybrid,Mid,6,PhD,0
9063,AI Engineer,Enterprise,Technology,UK,Remote,Entry,0,Master,1
9064,Data Analyst,Startup,Healthcare,Germany,Remote,Senior,12,PhD,1
9065,Business Analyst,Medium,Technology,Germany,Remote,Entry,3,Bachelor,1
9066,Data Scientist,Enterprise,Finance,Australia,Remote,Mid,6,Bachelor,0
9067,Data Engineer,MNC,Finance,Germany,Hybrid,Senior,1,PhD,1
9068,Data Scientist,Startup,Finance,Canada,Remote,Mid,14,PhD,1
9069,Data Analyst,Startup,Healthcare,Singapore,Hybrid,Entry,0,Bachelor,1
9070,AI Engineer,MNC,E-commerce,Germany,Remote,Entry,7,Bachelor,0
9071,Machine Learning Engineer,Enterprise,Education,Canada,Remote,Entry,4,Bachelor,0
9072,Data Engineer,Startup,Retail,Germany,Hybrid,Entry,14,PhD,0
9073,Data Scientist,Medium,E-commerce,Singapore,Remote,Senior,12,Bachelor,0
9074,Machine Learning Engineer,MNC,Technology,USA,Remote,Senior,3,Master,0
9075,Data Analyst,Medium,E-commerce,India,Remote,Mid,14,PhD,1
9076,Data Scientist,Startup,Healthcare,Germany,Remote,Senior,4,Master,1
9077,Data Analyst,Medium,Healthcare,Singapore,Onsite,Entry,2,PhD,0
9078,Business Analyst,MNC,Education,Germany,Hybrid,Mid,10,Bachelor,0
9079,Business Analyst,Medium,Education,Canada,Hybrid,Mid,6,Master,0
9080,Business Analyst,Startup,Education,UK,Onsite,Senior,10,Bachelor,1
9081,Machine Learning Engineer,Startup,Finance,Germany,Hybrid,Senior,13,Bachelor,0
9082,AI Engineer,MNC,E-commerce,India,Remote,Entry,2,Master,0
9083,Business Analyst,Startup,E-commerce,Canada,Remote,Entry,0,PhD,1
9084,Data Analyst,Enterprise,Education,UK,Onsite,Mid,14,Bachelor,0
9085,AI Engineer,Medium,Technology,UK,Onsite,Entry,12,PhD,1
9086,Data Analyst,Startup,Retail,Australia,Remote,Entry,10,PhD,0
9087,Machine Learning Engineer,Enterprise,E-commerce,Canada,Hybrid,Senior,9,PhD,0
9088,Machine Learning Engineer,MNC,E-commerce,UK,Remote,Senior,14,Bachelor,1
9089,AI Engineer,Enterprise,Technology,Australia,Remote,Entry,8,Master,1
9090,Data Scientist,Enterprise,E-commerce,Singapore,Hybrid,Entry,9,PhD,0
9091,AI Engineer,Startup,E-commerce,UK,Remote,Entry,14,PhD,1
9092,Data Scientist,Startup,Education,Germany,Onsite,Senior,4,Bachelor,0
9093,Data Analyst,Enterprise,Retail,UK,Hybrid,Senior,13,Bachelor,0
9094,Business Analyst,Enterprise,Healthcare,Canada,Remote,Mid,12,Master,1
9095,Data Engineer,Medium,Education,Germany,Hybrid,Mid,13,Bachelor,1
9096,Data Analyst,Startup,Finance,USA,Onsite,Entry,4,Bachelor,1
9097,AI Engineer,MNC,Retail,Canada,Onsite,Entry,0,Bachelor,1
9098,Data Engineer,Medium,Education,UK,Onsite,Senior,14,Bachelor,0
9099,Business Analyst,MNC,E-commerce,UK,Remote,Senior,2,PhD,1
9100,Data Analyst,Enterprise,Retail,UK,Onsite,Entry,7,PhD,0
9101,Data Scientist,MNC,Technology,UK,Remote,Senior,4,Master,1
9102,Data Scientist,MNC,Technology,USA,Hybrid,Mid,9,Master,1
9103,Data Engineer,Enterprise,Education,Germany,Remote,Mid,2,Master,0
9104,AI Engineer,Startup,Retail,Australia,Remote,Entry,2,PhD,0
9105,Business Analyst,Medium,Technology,Australia,Hybrid,Entry,7,Master,1
9106,Business Analyst,MNC,E-commerce,USA,Remote,Entry,2,PhD,0
9107,Machine Learning Engineer,MNC,E-commerce,UK,Remote,Mid,7,PhD,0
9108,Machine Learning Engineer,Startup,E-commerce,Australia,Remote,Senior,6,Master,1
9109,Data Analyst,Startup,Technology,India,Remote,Mid,8,Bachelor,0
9110,Business Analyst,MNC,Retail,India,Remote,Entry,11,Bachelor,0
9111,Data Analyst,Startup,Technology,USA,Onsite,Mid,6,PhD,0
9112,Data Engineer,Enterprise,Finance,UK,Hybrid,Entry,0,PhD,0
9113,Data Engineer,Startup,Retail,India,Hybrid,Entry,5,Master,1
9114,Data Engineer,Startup,E-commerce,India,Hybrid,Mid,9,PhD,1
9115,Business Analyst,MNC,Education,India,Remote,Senior,8,Bachelor,0
9116,AI Engineer,Startup,Finance,UK,Onsite,Senior,5,Bachelor,1
9117,AI Engineer,Medium,Healthcare,UK,Hybrid,Entry,2,Bachelor,1
9118,Data Scientist,MNC,Education,Germany,Remote,Entry,11,Bachelor,0
9119,Business Analyst,Medium,Technology,Australia,Remote,Mid,9,Master,0
9120,AI Engineer,Startup,Retail,Canada,Hybrid,Entry,5,Bachelor,1
9121,Business Analyst,Enterprise,Finance,India,Hybrid,Mid,2,PhD,1
9122,AI Engineer,Medium,Retail,UK,Remote,Entry,3,PhD,1
9123,Machine Learning Engineer,Enterprise,Retail,Australia,Onsite,Senior,11,Bachelor,1
9124,Data Scientist,Startup,Retail,Singapore,Remote,Entry,11,Master,0
9125,Data Analyst,MNC,Education,USA,Hybrid,Senior,7,Master,1
9126,Data Analyst,Startup,Finance,Singapore,Hybrid,Entry,12,Bachelor,0
9127,AI Engineer,Enterprise,Finance,USA,Remote,Senior,0,Master,0
9128,AI Engineer,Startup,Retail,Germany,Onsite,Senior,7,Master,0
9129,Data Engineer,Medium,Education,Germany,Hybrid,Senior,12,Master,1
9130,Business Analyst,MNC,E-commerce,USA,Onsite,Mid,2,PhD,1
9131,AI Engineer,Startup,Technology,Australia,Onsite,Senior,2,PhD,0
9132,Data Engineer,Enterprise,Technology,USA,Remote,Entry,8,PhD,0
9133,Data Engineer,Enterprise,Education,UK,Onsite,Mid,13,Bachelor,0
9134,Data Scientist,Medium,Education,UK,Hybrid,Senior,13,Bachelor,1
9135,Machine Learning Engineer,Enterprise,E-commerce,UK,Hybrid,Mid,2,Bachelor,0
9136,Data Analyst,Enterprise,Education,Germany,Hybrid,Senior,3,Master,1
9137,Machine Learning Engineer,Startup,Healthcare,Australia,Onsite,Mid,5,PhD,1
9138,AI Engineer,Enterprise,Education,Germany,Remote,Senior,0,Master,1
9139,AI Engineer,Startup,E-commerce,UK,Hybrid,Senior,14,Bachelor,1
9140,Business Analyst,Medium,Healthcare,Singapore,Remote,Mid,6,PhD,0
9141,Data Scientist,Enterprise,E-commerce,Australia,Onsite,Mid,5,Master,0
9142,AI Engineer,MNC,E-commerce,USA,Onsite,Entry,9,PhD,0
9143,Data Engineer,Medium,Healthcare,UK,Hybrid,Entry,13,PhD,0
9144,Business Analyst,Medium,Retail,India,Onsite,Senior,1,Bachelor,0
9145,Data Analyst,MNC,Technology,UK,Remote,Senior,3,PhD,0
9146,Machine Learning Engineer,Medium,Healthcare,Singapore,Remote,Senior,6,Bachelor,0
9147,Business Analyst,Enterprise,E-commerce,Canada,Onsite,Senior,11,Master,1
9148,Data Engineer,Enterprise,Technology,Germany,Hybrid,Entry,7,Master,1
9149,Data Scientist,Startup,Healthcare,UK,Onsite,Entry,14,PhD,0
9150,Data Engineer,Medium,Education,Singapore,Remote,Entry,11,Master,1
9151,Data Engineer,Startup,Retail,USA,Remote,Senior,13,PhD,0
9152,Data Engineer,MNC,Retail,Australia,Hybrid,Senior,7,PhD,1
9153,Data Engineer,MNC,Healthcare,USA,Hybrid,Senior,3,Master,0
9154,Machine Learning Engineer,Enterprise,Retail,Singapore,Hybrid,Mid,5,Bachelor,1
9155,Data Scientist,Enterprise,Education,India,Hybrid,Entry,10,PhD,1
9156,Data Engineer,MNC,E-commerce,India,Hybrid,Senior,3,Master,0
9157,Data Engineer,MNC,Technology,Singapore,Hybrid,Mid,10,PhD,1
9158,Business Analyst,Startup,Healthcare,Canada,Hybrid,Entry,12,Master,0
9159,Machine Learning Engineer,Medium,E-commerce,India,Onsite,Mid,0,Bachelor,1
9160,Data Scientist,Enterprise,Finance,Germany,Onsite,Entry,6,Master,1
9161,Data Engineer,MNC,Finance,Canada,Onsite,Senior,3,Bachelor,1
9162,Data Engineer,MNC,Finance,UK,Onsite,Senior,6,Bachelor,0
9163,Business Analyst,MNC,Technology,UK,Hybrid,Mid,10,Master,0
9164,Machine Learning Engineer,Startup,Technology,UK,Onsite,Entry,9,Master,1
9165,Machine Learning Engineer,Enterprise,Education,Australia,Remote,Mid,12,Master,0
9166,Data Engineer,Startup,E-commerce,India,Onsite,Entry,10,Bachelor,1
9167,Data Analyst,Enterprise,E-commerce,India,Remote,Entry,4,PhD,1
9168,Data Scientist,Enterprise,Retail,Australia,Hybrid,Entry,14,Bachelor,0
9169,Data Scientist,Enterprise,Education,Singapore,Onsite,Entry,14,Bachelor,0
9170,Business Analyst,Enterprise,Healthcare,Canada,Onsite,Mid,1,Bachelor,1
9171,Machine Learning Engineer,MNC,Retail,USA,Remote,Senior,5,PhD,0
9172,Data Scientist,Enterprise,Finance,USA,Onsite,Senior,6,Master,0
9173,Business Analyst,Medium,Finance,UK,Hybrid,Entry,9,PhD,1
9174,Data Scientist,Enterprise,Education,Germany,Remote,Senior,12,Bachelor,0
9175,Data Analyst,MNC,E-commerce,Singapore,Hybrid,Mid,13,Master,1
9176,Data Engineer,MNC,Finance,Canada,Remote,Senior,9,Bachelor,0
9177,AI Engineer,MNC,Education,UK,Remote,Entry,5,Master,0
9178,Machine Learning Engineer,MNC,Healthcare,Singapore,Hybrid,Senior,5,Master,0
9179,Data Engineer,Enterprise,E-commerce,Canada,Remote,Entry,6,Master,0
9180,Data Analyst,Medium,Technology,USA,Onsite,Senior,0,Master,1
9181,Business Analyst,MNC,Finance,Germany,Remote,Mid,8,Master,1
9182,Data Engineer,Medium,Finance,Australia,Hybrid,Entry,9,Master,1
9183,Data Scientist,Medium,Finance,USA,Remote,Mid,0,PhD,1
9184,Data Analyst,Medium,Technology,Singapore,Onsite,Mid,3,PhD,1
9185,Data Analyst,Startup,E-commerce,Canada,Onsite,Entry,11,PhD,1
9186,Machine Learning Engineer,MNC,Finance,Australia,Onsite,Entry,14,PhD,0
9187,Data Engineer,Enterprise,Education,India,Remote,Mid,4,PhD,1
9188,Data Analyst,Medium,Finance,India,Onsite,Mid,14,Bachelor,0
9189,Business Analyst,MNC,E-commerce,Australia,Onsite,Entry,5,Master,0
9190,Data Engineer,Medium,Retail,Canada,Remote,Senior,4,PhD,0
9191,Data Engineer,Medium,Technology,Australia,Remote,Mid,4,Master,1
9192,Business Analyst,Enterprise,E-commerce,UK,Onsite,Entry,10,PhD,1
9193,AI Engineer,Enterprise,Technology,India,Hybrid,Senior,11,Bachelor,1
9194,Data Analyst,Startup,Technology,India,Onsite,Mid,1,Bachelor,1
9195,Data Analyst,Medium,Retail,India,Remote,Mid,2,Master,0
9196,Business Analyst,Medium,Education,Germany,Remote,Entry,9,Master,1
9197,Data Analyst,Enterprise,E-commerce,USA,Remote,Senior,4,PhD,1
9198,Data Scientist,MNC,Education,Australia,Onsite,Senior,12,Bachelor,1
9199,Data Analyst,MNC,Finance,Canada,Onsite,Mid,2,Bachelor,1
9200,Data Engineer,Startup,Healthcare,Germany,Onsite,Senior,3,PhD,1
9201,AI Engineer,Startup,Technology,UK,Remote,Mid,11,PhD,1
9202,Data Engineer,Medium,Education,Singapore,Remote,Entry,2,Master,0
9203,Machine Learning Engineer,Medium,Healthcare,Canada,Hybrid,Mid,5,PhD,0
9204,Machine Learning Engineer,MNC,Healthcare,Singapore,Remote,Entry,8,Master,1
9205,Data Engineer,Medium,Healthcare,UK,Onsite,Senior,9,Bachelor,0
9206,Business Analyst,Medium,Education,USA,Hybrid,Mid,8,Bachelor,0
9207,Business Analyst,MNC,Education,Australia,Onsite,Entry,2,PhD,0
9208,Data Engineer,MNC,E-commerce,Canada,Remote,Mid,8,Bachelor,0
9209,AI Engineer,Enterprise,Healthcare,Germany,Remote,Mid,6,Master,0
9210,Data Engineer,Enterprise,Education,UK,Hybrid,Senior,6,Bachelor,1
9211,Data Scientist,MNC,E-commerce,Canada,Hybrid,Senior,14,Master,1
9212,Data Scientist,MNC,Retail,USA,Remote,Senior,1,Bachelor,1
9213,Data Analyst,Medium,E-commerce,Singapore,Hybrid,Senior,13,PhD,1
9214,Data Scientist,MNC,Education,Australia,Remote,Entry,8,Bachelor,0
9215,Data Analyst,MNC,E-commerce,Australia,Remote,Senior,11,Master,1
9216,AI Engineer,MNC,Retail,Canada,Onsite,Mid,3,PhD,1
9217,Data Engineer,Enterprise,Finance,Canada,Onsite,Mid,11,PhD,0
9218,Data Scientist,MNC,E-commerce,Singapore,Hybrid,Senior,3,Bachelor,0
9219,Business Analyst,Startup,Education,Germany,Onsite,Mid,6,Bachelor,1
9220,Data Scientist,Enterprise,Retail,UK,Hybrid,Entry,2,Master,0
9221,Data Analyst,Startup,Retail,Australia,Onsite,Entry,5,Master,1
9222,Data Engineer,Enterprise,E-commerce,Australia,Remote,Senior,14,Bachelor,1
9223,Data Scientist,Enterprise,Technology,USA,Hybrid,Mid,4,Bachelor,1
9224,AI Engineer,Medium,Healthcare,Germany,Hybrid,Entry,0,Master,1
9225,Data Analyst,Medium,E-commerce,Germany,Onsite,Mid,0,Master,1
9226,Machine Learning Engineer,Medium,Education,Singapore,Onsite,Senior,4,PhD,0
9227,Data Analyst,Enterprise,Education,Germany,Remote,Senior,5,Master,1
9228,Data Analyst,Enterprise,Healthcare,Australia,Hybrid,Entry,8,PhD,0
9229,AI Engineer,MNC,Technology,Canada,Remote,Mid,9,Master,0
9230,Business Analyst,MNC,Education,Australia,Hybrid,Senior,0,Bachelor,1
9231,Business Analyst,MNC,E-commerce,Australia,Onsite,Mid,14,PhD,1
9232,Data Analyst,Medium,Healthcare,Singapore,Onsite,Entry,9,Master,1
9233,Data Analyst,Startup,Technology,India,Remote,Senior,1,Master,0
9234,Business Analyst,Enterprise,Healthcare,Canada,Onsite,Senior,12,PhD,0
9235,Data Scientist,MNC,Technology,India,Hybrid,Mid,14,Master,0
9236,Data Analyst,Enterprise,E-commerce,Germany,Remote,Entry,6,PhD,0
9237,Data Engineer,Enterprise,Retail,India,Hybrid,Senior,13,PhD,1
9238,Data Analyst,Enterprise,E-commerce,USA,Onsite,Entry,10,PhD,1
9239,Data Analyst,Enterprise,Education,USA,Remote,Senior,14,PhD,0
9240,AI Engineer,MNC,E-commerce,Germany,Remote,Entry,4,Bachelor,1
9241,Machine Learning Engineer,Enterprise,Retail,Canada,Onsite,Entry,13,Master,1
9242,Data Analyst,Medium,E-commerce,Germany,Onsite,Entry,14,PhD,0
9243,AI Engineer,Startup,Healthcare,India,Onsite,Senior,6,PhD,0
9244,Data Analyst,Medium,Healthcare,India,Hybrid,Entry,12,PhD,1
9245,Data Scientist,Startup,Retail,Germany,Remote,Entry,11,Master,1
9246,Data Analyst,Startup,Retail,Canada,Remote,Senior,9,Master,0
9247,Business Analyst,MNC,Healthcare,UK,Onsite,Senior,11,Master,0
9248,Business Analyst,Medium,E-commerce,India,Onsite,Mid,14,Master,0
9249,Machine Learning Engineer,Startup,Education,UK,Remote,Senior,9,Master,0
9250,Business Analyst,Startup,E-commerce,USA,Remote,Senior,11,Bachelor,1
9251,AI Engineer,Medium,Healthcare,Singapore,Onsite,Senior,14,Master,0
9252,Data Engineer,Startup,Technology,India,Onsite,Senior,5,Master,1
9253,AI Engineer,Enterprise,Technology,Germany,Hybrid,Senior,13,Bachelor,1
9254,Data Scientist,Enterprise,Education,UK,Onsite,Senior,0,Master,0
9255,Machine Learning Engineer,Startup,Technology,India,Remote,Senior,11,Bachelor,0
9256,Business Analyst,Medium,Education,Canada,Onsite,Entry,6,PhD,0
9257,Machine Learning Engineer,MNC,Healthcare,UK,Hybrid,Entry,5,PhD,1
9258,AI Engineer,Startup,Finance,Canada,Hybrid,Senior,3,Bachelor,1
9259,Data Engineer,Medium,Finance,India,Onsite,Entry,0,PhD,0
9260,AI Engineer,MNC,Technology,Singapore,Onsite,Mid,4,Bachelor,1
9261,Data Scientist,Enterprise,Education,Germany,Hybrid,Entry,2,Master,1
9262,AI Engineer,Startup,E-commerce,Australia,Onsite,Senior,13,Bachelor,0
9263,Data Analyst,MNC,Retail,Australia,Remote,Entry,1,Master,0
9264,Machine Learning Engineer,Enterprise,Finance,UK,Hybrid,Mid,8,Master,0
9265,Data Scientist,Startup,Retail,Germany,Hybrid,Mid,14,Master,0
9266,Machine Learning Engineer,Medium,Retail,USA,Remote,Entry,5,PhD,0
9267,Data Scientist,MNC,Retail,Australia,Hybrid,Senior,14,PhD,0
9268,Machine Learning Engineer,Startup,Retail,Australia,Hybrid,Senior,11,Master,1
9269,Data Analyst,Startup,Retail,USA,Hybrid,Mid,14,PhD,1
9270,Machine Learning Engineer,Startup,Education,India,Hybrid,Senior,11,Bachelor,0
9271,Machine Learning Engineer,Enterprise,Healthcare,Canada,Remote,Entry,10,Bachelor,1
9272,Data Engineer,Startup,Retail,UK,Hybrid,Senior,12,Master,1
9273,Data Scientist,Enterprise,Technology,Germany,Hybrid,Entry,6,PhD,0
9274,Data Analyst,Enterprise,E-commerce,USA,Onsite,Senior,1,Bachelor,1
9275,Machine Learning Engineer,MNC,Healthcare,Singapore,Onsite,Entry,8,PhD,0
9276,Data Scientist,Startup,Retail,Singapore,Onsite,Mid,9,Master,1
9277,Data Analyst,Medium,Healthcare,Singapore,Onsite,Mid,6,Bachelor,1
9278,AI Engineer,Startup,Finance,Germany,Onsite,Entry,6,Bachelor,1
9279,Data Scientist,Enterprise,E-commerce,USA,Onsite,Mid,5,Master,0
9280,Data Engineer,Medium,E-commerce,Australia,Remote,Entry,1,PhD,0
9281,AI Engineer,MNC,Education,UK,Hybrid,Entry,14,PhD,0
9282,Data Engineer,Startup,E-commerce,Germany,Remote,Mid,10,PhD,0
9283,AI Engineer,Medium,Healthcare,Canada,Onsite,Senior,3,Master,0
9284,Data Scientist,Enterprise,Technology,USA,Remote,Senior,9,Master,1
9285,Data Engineer,Enterprise,Finance,Canada,Onsite,Entry,2,Bachelor,1
9286,Data Analyst,Medium,Education,Singapore,Remote,Mid,12,PhD,1
9287,Business Analyst,Medium,Finance,Singapore,Remote,Senior,11,Bachelor,0
9288,Data Analyst,Startup,Education,Singapore,Onsite,Senior,7,Bachelor,1
9289,AI Engineer,MNC,Education,Germany,Remote,Mid,10,Master,1
9290,Machine Learning Engineer,Startup,Technology,UK,Onsite,Entry,6,Bachelor,0
9291,Data Scientist,Startup,Education,Canada,Remote,Senior,7,PhD,1
9292,Business Analyst,Medium,Retail,Singapore,Onsite,Senior,11,Bachelor,0
9293,Data Scientist,Medium,Retail,Singapore,Hybrid,Mid,0,Bachelor,1
9294,AI Engineer,Enterprise,Retail,Canada,Remote,Entry,1,PhD,0
9295,AI Engineer,MNC,Retail,Australia,Hybrid,Senior,7,Master,0
9296,Data Engineer,Startup,Technology,Singapore,Onsite,Mid,1,PhD,1
9297,Business Analyst,Medium,Healthcare,Germany,Remote,Senior,5,Master,1
9298,AI Engineer,Medium,Retail,Germany,Remote,Mid,11,PhD,0
9299,Business Analyst,Medium,Retail,India,Remote,Mid,9,Master,1
9300,Data Analyst,Enterprise,E-commerce,Germany,Remote,Senior,2,Bachelor,1
9301,Business Analyst,MNC,Finance,USA,Hybrid,Entry,0,Bachelor,1
9302,Machine Learning Engineer,Startup,Healthcare,UK,Hybrid,Senior,0,Master,0
9303,Machine Learning Engineer,Medium,Education,Germany,Onsite,Mid,5,Bachelor,1
9304,AI Engineer,MNC,Finance,UK,Remote,Entry,2,PhD,1
9305,Data Scientist,MNC,Finance,Germany,Onsite,Entry,5,PhD,1
9306,Data Scientist,MNC,Technology,Singapore,Hybrid,Entry,14,PhD,0
9307,Data Analyst,Enterprise,Technology,Singapore,Hybrid,Senior,5,Master,1
9308,Data Engineer,Startup,Technology,USA,Remote,Entry,5,PhD,1
9309,Business Analyst,MNC,E-commerce,Singapore,Onsite,Entry,10,Bachelor,0
9310,AI Engineer,Medium,Retail,Canada,Onsite,Senior,2,Master,0
9311,Data Engineer,Startup,Technology,Singapore,Onsite,Entry,4,Master,1
9312,Data Scientist,Medium,Retail,USA,Remote,Mid,6,Bachelor,0
9313,AI Engineer,Medium,E-commerce,Canada,Hybrid,Entry,9,Bachelor,1
9314,AI Engineer,MNC,Education,Canada,Onsite,Entry,11,Master,1
9315,Data Scientist,Enterprise,E-commerce,Canada,Remote,Mid,8,PhD,0
9316,Data Scientist,Enterprise,Healthcare,Australia,Hybrid,Senior,1,PhD,1
9317,Data Engineer,Enterprise,Healthcare,Germany,Remote,Mid,0,PhD,0
9318,Machine Learning Engineer,Enterprise,Technology,India,Remote,Entry,14,PhD,1
9319,AI Engineer,Startup,Retail,India,Hybrid,Entry,12,PhD,0
9320,Business Analyst,Startup,Technology,India,Onsite,Mid,5,Master,0
9321,Data Analyst,Startup,Retail,Canada,Remote,Senior,1,PhD,0
9322,Business Analyst,Medium,Education,Canada,Remote,Senior,9,PhD,0
9323,Data Scientist,Enterprise,Finance,Germany,Onsite,Entry,5,Master,1
9324,Data Analyst,Medium,Retail,Germany,Remote,Mid,1,Bachelor,0
9325,AI Engineer,Enterprise,E-commerce,Germany,Onsite,Senior,11,Master,0
9326,AI Engineer,Startup,Education,USA,Hybrid,Entry,3,PhD,0
9327,Business Analyst,Startup,Retail,Australia,Remote,Senior,4,PhD,1
9328,Machine Learning Engineer,MNC,Finance,Australia,Remote,Senior,7,Bachelor,0
9329,Data Analyst,Enterprise,Finance,Australia,Remote,Senior,9,Master,0
9330,Machine Learning Engineer,Enterprise,Technology,USA,Onsite,Mid,4,PhD,1
9331,Data Scientist,Enterprise,Finance,India,Onsite,Senior,9,Master,0
9332,AI Engineer,Medium,Retail,Canada,Remote,Senior,0,PhD,1
9333,Data Engineer,Medium,Retail,USA,Remote,Mid,13,Master,1
9334,Data Analyst,MNC,Education,Australia,Hybrid,Mid,12,Master,0
9335,Machine Learning Engineer,Startup,Finance,Australia,Remote,Mid,6,PhD,1
9336,Data Engineer,Medium,Retail,India,Remote,Senior,10,Bachelor,0
9337,Data Analyst,Enterprise,Education,UK,Onsite,Mid,11,Bachelor,1
9338,Business Analyst,Medium,Technology,USA,Onsite,Senior,5,Bachelor,1
9339,Data Engineer,Startup,Education,Australia,Onsite,Senior,12,Master,0
9340,Machine Learning Engineer,Medium,Finance,UK,Onsite,Mid,14,PhD,1
9341,Data Scientist,Startup,Healthcare,Australia,Hybrid,Entry,4,Master,0
9342,Machine Learning Engineer,Startup,Retail,USA,Onsite,Entry,11,Bachelor,0
9343,Data Engineer,MNC,Healthcare,Germany,Remote,Entry,7,PhD,1
9344,Data Engineer,MNC,Healthcare,Singapore,Hybrid,Senior,0,Master,1
9345,Data Analyst,MNC,E-commerce,Germany,Hybrid,Senior,13,PhD,0
9346,Data Scientist,Medium,Technology,Germany,Hybrid,Mid,0,Master,0
9347,AI Engineer,Medium,Technology,Australia,Remote,Senior,13,Master,0
9348,AI Engineer,MNC,Finance,USA,Hybrid,Mid,4,Bachelor,0
9349,Data Engineer,Enterprise,Healthcare,Singapore,Hybrid,Entry,1,Bachelor,0
9350,AI Engineer,MNC,Finance,India,Remote,Entry,2,PhD,1
9351,Machine Learning Engineer,Enterprise,Healthcare,Canada,Onsite,Entry,10,Bachelor,0
9352,Data Analyst,Medium,Technology,UK,Onsite,Mid,13,PhD,1
9353,Data Analyst,MNC,Education,Germany,Onsite,Mid,5,Master,1
9354,Data Engineer,Startup,Education,Canada,Remote,Entry,9,PhD,1
9355,Machine Learning Engineer,MNC,E-commerce,USA,Remote,Mid,4,Bachelor,0
9356,Data Analyst,MNC,Finance,Canada,Onsite,Entry,12,Master,0
9357,Machine Learning Engineer,Startup,Finance,India,Hybrid,Entry,12,Master,0
9358,Business Analyst,Startup,Education,UK,Hybrid,Senior,6,Master,0
9359,AI Engineer,MNC,Technology,Germany,Remote,Mid,0,PhD,0
9360,Data Engineer,Enterprise,E-commerce,Canada,Remote,Senior,11,Bachelor,0
9361,Business Analyst,MNC,E-commerce,India,Hybrid,Entry,10,PhD,1
9362,Data Scientist,Startup,Retail,Singapore,Hybrid,Entry,12,Master,0
9363,Machine Learning Engineer,Startup,Education,Singapore,Onsite,Mid,9,PhD,1
9364,Data Analyst,Startup,Technology,Singapore,Remote,Mid,14,Bachelor,1
9365,Business Analyst,Medium,Retail,USA,Remote,Mid,8,Master,0
9366,Data Engineer,Startup,Education,India,Remote,Senior,6,Master,0
9367,Machine Learning Engineer,Medium,Finance,Singapore,Onsite,Mid,7,Master,0
9368,Data Scientist,Startup,E-commerce,Singapore,Hybrid,Senior,6,PhD,0
9369,Data Analyst,MNC,Technology,Australia,Remote,Mid,1,PhD,0
9370,AI Engineer,MNC,Technology,Germany,Hybrid,Entry,5,Bachelor,1
9371,Data Scientist,Startup,Technology,Singapore,Remote,Mid,1,PhD,0
9372,Data Engineer,Enterprise,Technology,Germany,Remote,Senior,6,PhD,0
9373,Business Analyst,Medium,Education,Canada,Remote,Mid,0,PhD,1
9374,Business Analyst,MNC,Finance,USA,Remote,Entry,14,Bachelor,1
9375,Business Analyst,Medium,Retail,USA,Remote,Entry,5,Master,1
9376,AI Engineer,MNC,Technology,Germany,Hybrid,Mid,12,PhD,1
9377,AI Engineer,Enterprise,Education,Canada,Remote,Entry,6,PhD,0
9378,Business Analyst,Enterprise,E-commerce,Germany,Remote,Senior,7,PhD,1
9379,Machine Learning Engineer,Enterprise,Retail,India,Hybrid,Entry,9,Bachelor,1
9380,Data Analyst,Medium,Healthcare,USA,Remote,Mid,8,PhD,0
9381,Machine Learning Engineer,MNC,Education,USA,Hybrid,Mid,8,Bachelor,0
9382,Data Analyst,MNC,Healthcare,Singapore,Hybrid,Mid,4,Bachelor,0
9383,Data Scientist,Enterprise,Retail,USA,Onsite,Senior,8,Bachelor,0
9384,Machine Learning Engineer,Medium,Finance,UK,Hybrid,Entry,14,PhD,1
9385,Data Engineer,Enterprise,Education,Australia,Remote,Mid,9,Bachelor,1
9386,AI Engineer,Startup,Technology,Germany,Hybrid,Entry,4,Master,1
9387,Data Scientist,Medium,Education,USA,Hybrid,Mid,0,PhD,0
9388,Business Analyst,MNC,Technology,USA,Onsite,Entry,6,Bachelor,0
9389,Machine Learning Engineer,Startup,Finance,Canada,Remote,Mid,12,PhD,0
9390,Data Engineer,Startup,Healthcare,Germany,Hybrid,Senior,11,PhD,1
9391,AI Engineer,Medium,Healthcare,USA,Onsite,Mid,10,PhD,1
9392,Business Analyst,Enterprise,Finance,Singapore,Onsite,Mid,13,Master,1
9393,Data Scientist,Enterprise,Finance,India,Hybrid,Entry,9,PhD,1
9394,AI Engineer,Startup,Retail,Canada,Onsite,Entry,6,Bachelor,1
9395,Data Scientist,Enterprise,Healthcare,UK,Remote,Senior,8,PhD,1
9396,Data Engineer,MNC,Retail,UK,Hybrid,Senior,6,Master,1
9397,Data Engineer,Medium,Finance,Australia,Remote,Entry,12,PhD,1
9398,Data Engineer,Enterprise,Finance,India,Remote,Mid,7,PhD,0
9399,Data Scientist,Enterprise,E-commerce,UK,Onsite,Senior,10,Bachelor,1
9400,Data Analyst,Startup,Retail,Singapore,Hybrid,Mid,8,Master,1
9401,Data Analyst,Enterprise,Retail,India,Hybrid,Senior,2,PhD,1
9402,Machine Learning Engineer,Startup,Retail,India,Hybrid,Entry,5,PhD,1
9403,AI Engineer,Enterprise,Healthcare,USA,Onsite,Entry,6,Master,0
9404,Machine Learning Engineer,MNC,Finance,Australia,Remote,Mid,12,PhD,0
9405,Data Engineer,Medium,Healthcare,UK,Onsite,Entry,7,Master,0
9406,AI Engineer,Startup,Healthcare,Singapore,Hybrid,Entry,13,Bachelor,1
9407,Business Analyst,Startup,Technology,Singapore,Onsite,Entry,0,Bachelor,1
9408,Data Scientist,Enterprise,Finance,India,Remote,Entry,0,Bachelor,0
9409,Business Analyst,Medium,Finance,USA,Hybrid,Entry,14,Master,1
9410,Data Engineer,Enterprise,Finance,India,Remote,Senior,2,Master,0
9411,Data Scientist,Startup,Retail,UK,Hybrid,Entry,2,Master,0
9412,Machine Learning Engineer,Enterprise,Finance,UK,Hybrid,Senior,13,Bachelor,0
9413,Data Analyst,Enterprise,Healthcare,Canada,Hybrid,Mid,1,PhD,0
9414,AI Engineer,MNC,Retail,India,Hybrid,Mid,7,Master,0
9415,Data Engineer,Medium,Retail,UK,Hybrid,Mid,9,PhD,1
9416,Business Analyst,MNC,Finance,UK,Onsite,Senior,7,Bachelor,1
9417,Data Scientist,Enterprise,Retail,Australia,Onsite,Senior,1,Bachelor,0
9418,Data Engineer,Medium,Healthcare,Germany,Onsite,Senior,4,Master,1
9419,Machine Learning Engineer,Startup,Healthcare,Germany,Remote,Senior,9,Master,1
9420,AI Engineer,Enterprise,Finance,UK,Remote,Senior,7,Master,1
9421,Data Analyst,Enterprise,Retail,Canada,Remote,Entry,2,Master,0
9422,Data Scientist,Medium,E-commerce,USA,Onsite,Entry,4,PhD,1
9423,Data Scientist,Medium,Education,Singapore,Hybrid,Mid,14,Bachelor,0
9424,Business Analyst,Medium,Technology,Singapore,Remote,Senior,4,PhD,0
9425,Data Scientist,Enterprise,Education,Canada,Onsite,Mid,12,Master,1
9426,AI Engineer,Medium,Education,Germany,Remote,Senior,8,Master,1
9427,AI Engineer,Enterprise,Finance,Singapore,Remote,Senior,10,PhD,0
9428,Data Scientist,Medium,Technology,Singapore,Remote,Entry,12,Bachelor,1
9429,Data Scientist,Startup,Technology,Canada,Hybrid,Entry,6,Bachelor,1
9430,Data Analyst,Enterprise,E-commerce,Canada,Hybrid,Senior,0,PhD,1
9431,AI Engineer,Medium,Technology,UK,Hybrid,Senior,6,PhD,0
9432,Data Engineer,Medium,Technology,USA,Hybrid,Senior,4,Master,0
9433,AI Engineer,Enterprise,Healthcare,Canada,Hybrid,Entry,5,PhD,0
9434,Data Engineer,Enterprise,Education,Canada,Hybrid,Senior,8,Master,1
9435,Data Analyst,Enterprise,Retail,USA,Onsite,Mid,13,PhD,0
9436,Machine Learning Engineer,Medium,E-commerce,USA,Remote,Mid,14,Master,1
9437,AI Engineer,MNC,Education,USA,Remote,Entry,2,PhD,1
9438,Data Scientist,Medium,Technology,Germany,Remote,Senior,13,Bachelor,0
9439,Data Engineer,Medium,Education,Australia,Hybrid,Entry,8,Bachelor,0
9440,Data Engineer,Medium,E-commerce,USA,Onsite,Mid,0,Bachelor,1
9441,Data Scientist,MNC,Retail,Australia,Hybrid,Mid,14,PhD,0
9442,AI Engineer,Enterprise,Technology,Germany,Onsite,Mid,7,Master,1
9443,Machine Learning Engineer,Enterprise,Education,Germany,Remote,Senior,10,PhD,0
9444,Data Scientist,Enterprise,Healthcare,Australia,Onsite,Entry,11,Bachelor,0
9445,Business Analyst,Enterprise,E-commerce,USA,Remote,Senior,6,Master,1
9446,AI Engineer,Enterprise,Technology,Singapore,Remote,Senior,11,Bachelor,1
9447,Data Analyst,Startup,Education,Australia,Hybrid,Entry,7,PhD,1
9448,Data Analyst,Startup,Retail,UK,Remote,Senior,13,Bachelor,0
9449,Machine Learning Engineer,Enterprise,Technology,Germany,Remote,Entry,0,Bachelor,1
9450,Machine Learning Engineer,Medium,Technology,India,Hybrid,Entry,14,Bachelor,0
9451,Data Analyst,Medium,E-commerce,Germany,Onsite,Entry,5,Bachelor,1
9452,Data Analyst,Medium,E-commerce,Germany,Hybrid,Mid,6,Master,0
9453,AI Engineer,Medium,Healthcare,USA,Onsite,Mid,14,PhD,1
9454,Data Analyst,Medium,E-commerce,Canada,Remote,Entry,14,Bachelor,0
9455,AI Engineer,Startup,Education,India,Remote,Entry,6,Master,0
9456,Data Engineer,Medium,Finance,Singapore,Onsite,Mid,4,PhD,0
9457,Business Analyst,Startup,Education,Australia,Onsite,Entry,8,Bachelor,0
9458,Data Analyst,Startup,Healthcare,Australia,Onsite,Senior,6,Master,1
9459,Data Engineer,Startup,Retail,Singapore,Hybrid,Entry,11,PhD,0
9460,Data Scientist,Startup,Healthcare,Singapore,Hybrid,Mid,5,Bachelor,1
9461,Data Scientist,Startup,Retail,Singapore,Hybrid,Mid,12,PhD,1
9462,Data Scientist,Enterprise,Finance,Singapore,Remote,Mid,7,Bachelor,0
9463,AI Engineer,Medium,Education,USA,Remote,Mid,2,PhD,1
9464,Business Analyst,MNC,Education,UK,Onsite,Senior,5,Master,0
9465,Machine Learning Engineer,MNC,Retail,India,Remote,Entry,5,Master,1
9466,AI Engineer,MNC,Education,Canada,Onsite,Mid,2,Bachelor,0
9467,AI Engineer,Enterprise,Education,USA,Onsite,Entry,2,PhD,0
9468,Data Scientist,Enterprise,Healthcare,India,Remote,Entry,9,PhD,1
9469,AI Engineer,Startup,Finance,UK,Onsite,Senior,0,Master,0
9470,Data Analyst,Startup,Finance,UK,Onsite,Mid,0,PhD,0
9471,Machine Learning Engineer,MNC,Technology,Australia,Onsite,Entry,1,PhD,1
9472,Machine Learning Engineer,Medium,E-commerce,USA,Onsite,Entry,11,Master,1
9473,Data Engineer,MNC,Finance,Australia,Onsite,Mid,2,PhD,0
9474,Data Scientist,MNC,Education,Canada,Hybrid,Senior,10,PhD,0
9475,Data Analyst,MNC,Retail,UK,Remote,Entry,14,Master,0
9476,Data Analyst,Startup,Healthcare,Canada,Onsite,Senior,4,PhD,1
9477,AI Engineer,Startup,Finance,Singapore,Hybrid,Entry,2,Master,0
9478,AI Engineer,Enterprise,Retail,UK,Hybrid,Mid,11,Bachelor,0
9479,AI Engineer,Startup,Technology,USA,Onsite,Mid,12,Bachelor,1
9480,Data Engineer,Enterprise,E-commerce,Australia,Remote,Senior,3,PhD,1
9481,Machine Learning Engineer,Startup,Education,Australia,Onsite,Mid,4,PhD,1
9482,Data Analyst,Startup,E-commerce,Canada,Onsite,Entry,14,Master,1
9483,Data Analyst,Enterprise,Finance,USA,Remote,Mid,8,PhD,1
9484,Data Engineer,MNC,Healthcare,Germany,Hybrid,Senior,6,PhD,0
9485,AI Engineer,Medium,Healthcare,USA,Onsite,Senior,5,Bachelor,1
9486,Business Analyst,Enterprise,Healthcare,India,Remote,Entry,7,Bachelor,1
9487,Machine Learning Engineer,Enterprise,Healthcare,Singapore,Remote,Senior,2,PhD,0
9488,Machine Learning Engineer,MNC,Finance,Singapore,Remote,Senior,7,PhD,0
9489,Data Engineer,Enterprise,Retail,USA,Remote,Entry,2,Bachelor,1
9490,Business Analyst,Startup,Technology,UK,Remote,Senior,9,Master,1
9491,Business Analyst,MNC,E-commerce,Australia,Hybrid,Mid,13,Bachelor,1
9492,Data Scientist,Enterprise,Retail,Germany,Hybrid,Senior,2,Bachelor,1
9493,Business Analyst,MNC,Finance,UK,Hybrid,Senior,11,Master,1
9494,Data Scientist,Enterprise,Technology,Singapore,Hybrid,Mid,0,Master,0
9495,Data Engineer,Enterprise,Education,Germany,Onsite,Senior,8,PhD,1
9496,Machine Learning Engineer,Startup,Education,Germany,Hybrid,Senior,6,Bachelor,0
9497,AI Engineer,Enterprise,E-commerce,Australia,Onsite,Mid,5,Bachelor,1
9498,Data Engineer,Startup,E-commerce,Germany,Remote,Entry,14,Bachelor,0
9499,Data Analyst,Medium,Finance,Germany,Remote,Mid,14,PhD,0
9500,Business Analyst,Enterprise,Technology,USA,Remote,Senior,7,Bachelor,0
9501,AI Engineer,MNC,Finance,Canada,Remote,Mid,11,PhD,1
9502,AI Engineer,MNC,Education,Germany,Onsite,Mid,7,Master,1
9503,AI Engineer,Startup,Education,Australia,Onsite,Entry,0,Bachelor,0
9504,Machine Learning Engineer,Enterprise,Finance,UK,Remote,Senior,7,Master,1
9505,Data Engineer,Medium,Finance,UK,Remote,Mid,0,Bachelor,0
9506,Data Analyst,Startup,Education,Australia,Onsite,Entry,8,Master,0
9507,Data Scientist,Enterprise,Education,Australia,Remote,Senior,7,PhD,1
9508,Business Analyst,MNC,Healthcare,Australia,Hybrid,Senior,0,PhD,1
9509,Data Scientist,MNC,E-commerce,Germany,Remote,Mid,12,Bachelor,0
9510,Machine Learning Engineer,Medium,Retail,India,Hybrid,Mid,0,Bachelor,1
9511,Data Scientist,Medium,Healthcare,Canada,Remote,Entry,4,PhD,1
9512,Machine Learning Engineer,Medium,Finance,Singapore,Hybrid,Entry,2,Bachelor,1
9513,AI Engineer,Startup,Healthcare,Singapore,Onsite,Entry,5,Master,0
9514,Business Analyst,MNC,E-commerce,India,Remote,Mid,2,Master,0
9515,Machine Learning Engineer,MNC,Education,Germany,Remote,Mid,1,Bachelor,1
9516,Machine Learning Engineer,Medium,Technology,Singapore,Onsite,Senior,0,Bachelor,1
9517,Data Scientist,Medium,Retail,Canada,Onsite,Mid,9,Bachelor,0
9518,Machine Learning Engineer,Medium,Retail,Canada,Remote,Senior,3,Bachelor,1
9519,Business Analyst,Medium,Healthcare,USA,Hybrid,Entry,9,Bachelor,1
9520,Data Scientist,Medium,Healthcare,Singapore,Hybrid,Senior,14,Master,0
9521,Data Engineer,Medium,E-commerce,Australia,Hybrid,Entry,3,Bachelor,1
9522,Business Analyst,Medium,Retail,Canada,Hybrid,Mid,7,PhD,0
9523,Business Analyst,MNC,Education,Canada,Remote,Mid,5,PhD,0
9524,AI Engineer,Startup,Education,Australia,Remote,Senior,9,Master,1
9525,Machine Learning Engineer,Medium,Retail,Canada,Onsite,Entry,7,Master,0
9526,Data Scientist,Startup,Finance,USA,Hybrid,Mid,7,PhD,1
9527,Machine Learning Engineer,Startup,Retail,Germany,Remote,Entry,1,Bachelor,0
9528,Business Analyst,Startup,Finance,UK,Remote,Mid,2,Master,1
9529,Business Analyst,Medium,Finance,Australia,Remote,Senior,10,Master,1
9530,AI Engineer,Enterprise,Education,Singapore,Hybrid,Mid,14,Master,1
9531,Data Engineer,Enterprise,E-commerce,UK,Onsite,Senior,7,PhD,1
9532,Business Analyst,Startup,Technology,Australia,Onsite,Senior,0,PhD,1
9533,Data Scientist,MNC,E-commerce,UK,Remote,Entry,3,Bachelor,0
9534,Data Engineer,Medium,Finance,India,Remote,Entry,5,Master,0
9535,Machine Learning Engineer,Startup,Healthcare,Germany,Onsite,Entry,3,Master,0
9536,Data Engineer,Medium,Technology,UK,Remote,Entry,11,Master,0
9537,Data Analyst,Medium,E-commerce,Singapore,Hybrid,Senior,14,Master,0
9538,Business Analyst,Enterprise,Finance,Germany,Hybrid,Senior,10,PhD,0
9539,Data Analyst,Startup,Finance,USA,Remote,Mid,12,PhD,1
9540,AI Engineer,MNC,E-commerce,UK,Onsite,Entry,6,Bachelor,0
9541,Machine Learning Engineer,Medium,Healthcare,Germany,Onsite,Senior,9,Master,1
9542,Business Analyst,MNC,Technology,Australia,Hybrid,Entry,10,Bachelor,0
9543,Business Analyst,MNC,Education,Canada,Onsite,Entry,1,Master,0
9544,Data Scientist,Startup,Healthcare,Canada,Hybrid,Mid,7,Master,1
9545,Business Analyst,MNC,Education,India,Onsite,Entry,11,Bachelor,0
9546,Data Scientist,Enterprise,Education,Australia,Hybrid,Senior,4,Bachelor,1
9547,Data Analyst,Enterprise,Education,USA,Onsite,Senior,3,Master,1
9548,Data Scientist,Enterprise,Education,India,Onsite,Senior,12,Bachelor,0
9549,Data Analyst,MNC,Retail,USA,Remote,Entry,8,PhD,0
9550,AI Engineer,MNC,Technology,Canada,Remote,Senior,2,Master,0
9551,Machine Learning Engineer,Medium,E-commerce,Singapore,Remote,Entry,12,Master,1
9552,Data Analyst,Enterprise,Healthcare,India,Remote,Entry,1,Bachelor,1
9553,Data Engineer,Startup,Healthcare,Australia,Remote,Senior,10,Master,0
9554,Data Engineer,Medium,Retail,UK,Onsite,Senior,9,Master,1
9555,Data Engineer,MNC,Education,UK,Remote,Mid,8,Bachelor,1
9556,Data Analyst,Medium,Finance,UK,Hybrid,Senior,7,Master,1
9557,Data Analyst,MNC,Retail,India,Hybrid,Entry,0,PhD,1
9558,Data Scientist,Medium,Technology,Canada,Onsite,Mid,6,Bachelor,1
9559,Data Scientist,Startup,Education,Germany,Remote,Entry,7,PhD,0
9560,Data Analyst,Medium,Healthcare,USA,Hybrid,Senior,11,PhD,1
9561,Machine Learning Engineer,Enterprise,E-commerce,Canada,Onsite,Entry,7,PhD,0
9562,Data Engineer,Enterprise,Finance,Germany,Hybrid,Senior,4,Bachelor,0
9563,Machine Learning Engineer,Medium,Healthcare,Australia,Hybrid,Senior,7,PhD,0
9564,Data Scientist,MNC,Finance,Germany,Remote,Senior,12,Bachelor,1
9565,Machine Learning Engineer,MNC,Retail,USA,Remote,Senior,0,PhD,1
9566,Machine Learning Engineer,MNC,Finance,Germany,Onsite,Entry,9,Bachelor,1
9567,Data Engineer,Medium,E-commerce,USA,Remote,Senior,13,Master,1
9568,Data Analyst,Startup,Healthcare,Germany,Hybrid,Senior,8,Master,0
9569,Machine Learning Engineer,MNC,Healthcare,Australia,Onsite,Mid,11,Master,1
9570,Data Engineer,MNC,Education,Singapore,Hybrid,Entry,11,Master,0
9571,Machine Learning Engineer,Enterprise,E-commerce,USA,Hybrid,Senior,11,PhD,0
9572,Data Scientist,Medium,Retail,India,Remote,Entry,8,PhD,0
9573,Data Engineer,MNC,E-commerce,Germany,Remote,Entry,13,PhD,1
9574,Data Scientist,MNC,Education,UK,Hybrid,Entry,8,Master,0
9575,Business Analyst,Enterprise,Healthcare,UK,Hybrid,Entry,7,Bachelor,0
9576,Data Scientist,Medium,Technology,Australia,Remote,Entry,9,PhD,0
9577,Data Analyst,Enterprise,Retail,UK,Hybrid,Mid,2,PhD,0
9578,Data Engineer,Medium,Finance,Canada,Onsite,Entry,2,Bachelor,0
9579,Business Analyst,MNC,Finance,UK,Onsite,Entry,2,Master,0
9580,Data Analyst,Startup,Finance,Australia,Remote,Senior,5,Master,0
9581,Business Analyst,Startup,Retail,Germany,Hybrid,Mid,6,Bachelor,1
9582,Data Analyst,MNC,Finance,USA,Remote,Senior,1,PhD,0
9583,Machine Learning Engineer,Enterprise,Retail,UK,Hybrid,Mid,6,Master,0
9584,Data Engineer,MNC,Technology,Australia,Hybrid,Entry,6,PhD,0
9585,Data Analyst,MNC,E-commerce,UK,Remote,Entry,10,Bachelor,0
9586,Data Analyst,Enterprise,Healthcare,Germany,Hybrid,Senior,4,Master,0
9587,Machine Learning Engineer,Enterprise,Technology,Canada,Onsite,Senior,14,PhD,0
9588,Data Engineer,Startup,Retail,Germany,Hybrid,Senior,4,Bachelor,0
9589,AI Engineer,Medium,Healthcare,India,Onsite,Entry,3,Master,0
9590,Data Analyst,Medium,Technology,USA,Onsite,Senior,8,Bachelor,1
9591,AI Engineer,MNC,Finance,UK,Onsite,Senior,1,Bachelor,0
9592,Business Analyst,Enterprise,Finance,Germany,Remote,Mid,9,Bachelor,0
9593,Data Analyst,Startup,Education,Germany,Onsite,Mid,7,Bachelor,1
9594,Data Analyst,Medium,Healthcare,India,Onsite,Entry,12,Master,0
9595,Data Engineer,Startup,Education,Germany,Remote,Mid,1,Bachelor,0
9596,Business Analyst,MNC,Finance,USA,Remote,Entry,7,Bachelor,0
9597,Business Analyst,Medium,Retail,Canada,Onsite,Senior,3,PhD,0
9598,Data Scientist,Medium,Education,Singapore,Remote,Entry,10,Bachelor,0
9599,Machine Learning Engineer,Medium,E-commerce,Canada,Hybrid,Mid,11,Bachelor,0
9600,Machine Learning Engineer,MNC,Retail,Singapore,Onsite,Senior,10,Master,1
9601,Data Analyst,Startup,Education,USA,Onsite,Senior,0,Master,1
9602,Data Engineer,Startup,Education,UK,Hybrid,Senior,7,Bachelor,0
9603,Data Scientist,Enterprise,Education,Singapore,Hybrid,Mid,0,Bachelor,0
9604,Data Scientist,MNC,Finance,Singapore,Remote,Mid,11,PhD,0
9605,Data Engineer,Enterprise,E-commerce,Singapore,Hybrid,Senior,2,Bachelor,1
9606,Data Scientist,Enterprise,Education,Australia,Remote,Mid,7,PhD,1
9607,Data Scientist,Medium,Finance,Australia,Hybrid,Senior,8,Master,0
9608,Machine Learning Engineer,Startup,Healthcare,Germany,Remote,Mid,14,Bachelor,0
9609,Data Engineer,Medium,Technology,USA,Onsite,Senior,5,Bachelor,0
9610,Machine Learning Engineer,Startup,Education,Australia,Onsite,Mid,10,Master,0
9611,Business Analyst,Startup,Education,Singapore,Onsite,Mid,10,PhD,0
9612,AI Engineer,Enterprise,Technology,USA,Onsite,Mid,2,Master,1
9613,AI Engineer,MNC,E-commerce,Canada,Remote,Senior,11,Master,0
9614,Data Scientist,Enterprise,Healthcare,USA,Onsite,Mid,11,Master,1
9615,Business Analyst,Medium,E-commerce,India,Hybrid,Senior,4,Bachelor,0
9616,Business Analyst,Startup,Healthcare,Singapore,Onsite,Senior,7,PhD,1
9617,AI Engineer,MNC,Education,Australia,Hybrid,Senior,6,Bachelor,1
9618,Machine Learning Engineer,Startup,Healthcare,Germany,Hybrid,Senior,1,PhD,1
9619,Business Analyst,MNC,Technology,Germany,Remote,Mid,0,PhD,1
9620,Data Analyst,Enterprise,Technology,USA,Remote,Mid,1,PhD,1
9621,Business Analyst,MNC,Retail,USA,Hybrid,Entry,4,Bachelor,1
9622,AI Engineer,Enterprise,Education,Singapore,Remote,Mid,2,Bachelor,0
9623,Data Scientist,MNC,Finance,Canada,Remote,Senior,5,PhD,0
9624,AI Engineer,Startup,Healthcare,Australia,Onsite,Mid,8,PhD,0
9625,AI Engineer,Medium,Retail,USA,Remote,Mid,13,Master,0
9626,Data Engineer,MNC,Finance,UK,Hybrid,Mid,3,Bachelor,1
9627,Business Analyst,Enterprise,Retail,Singapore,Remote,Senior,11,PhD,1
9628,Data Scientist,Enterprise,Retail,India,Onsite,Entry,3,PhD,0
9629,Data Engineer,MNC,Finance,Germany,Hybrid,Entry,4,Bachelor,0
9630,AI Engineer,Startup,E-commerce,Canada,Onsite,Senior,9,PhD,1
9631,Business Analyst,MNC,Healthcare,USA,Hybrid,Entry,9,Bachelor,1
9632,Data Analyst,Medium,E-commerce,UK,Hybrid,Senior,5,PhD,0
9633,AI Engineer,MNC,Technology,Canada,Hybrid,Entry,3,Bachelor,0
9634,AI Engineer,Startup,Retail,Canada,Remote,Senior,3,Bachelor,0
9635,Business Analyst,MNC,Retail,India,Hybrid,Senior,12,Master,1
9636,Data Scientist,Enterprise,Retail,India,Onsite,Entry,6,Bachelor,1
9637,Machine Learning Engineer,Startup,Education,Australia,Remote,Mid,10,Master,0
9638,Data Scientist,MNC,E-commerce,UK,Onsite,Mid,12,PhD,0
9639,Business Analyst,Medium,Healthcare,Canada,Remote,Entry,6,Bachelor,0
9640,Machine Learning Engineer,MNC,Retail,India,Remote,Mid,12,PhD,1
9641,Data Scientist,Enterprise,Finance,Australia,Remote,Mid,2,PhD,0
9642,Business Analyst,Medium,E-commerce,Germany,Hybrid,Mid,1,PhD,0
9643,Data Analyst,Medium,Finance,Germany,Hybrid,Entry,1,Bachelor,0
9644,Data Engineer,Medium,Finance,Australia,Remote,Mid,5,PhD,1
9645,Data Analyst,MNC,Retail,India,Onsite,Mid,2,Master,0
9646,AI Engineer,Medium,Finance,India,Onsite,Entry,6,Bachelor,0
9647,Machine Learning Engineer,Medium,Education,USA,Hybrid,Senior,2,PhD,0
9648,AI Engineer,MNC,E-commerce,USA,Hybrid,Senior,3,PhD,1
9649,Data Engineer,Startup,Finance,India,Hybrid,Mid,9,PhD,0
9650,AI Engineer,Medium,E-commerce,USA,Remote,Senior,6,Master,1
9651,Business Analyst,Enterprise,Finance,Singapore,Onsite,Senior,9,Bachelor,1
9652,Data Analyst,MNC,Healthcare,Germany,Hybrid,Entry,11,Master,1
9653,Data Scientist,Startup,Finance,Canada,Remote,Senior,5,Bachelor,1
9654,AI Engineer,MNC,Technology,USA,Hybrid,Senior,11,PhD,1
9655,AI Engineer,Enterprise,Healthcare,UK,Onsite,Entry,10,Bachelor,0
9656,Data Analyst,Enterprise,Retail,Germany,Onsite,Senior,12,Master,1
9657,AI Engineer,MNC,E-commerce,USA,Hybrid,Entry,7,Bachelor,0
9658,AI Engineer,Enterprise,Technology,UK,Remote,Mid,5,Bachelor,1
9659,Business Analyst,Startup,E-commerce,Australia,Hybrid,Senior,9,PhD,0
9660,AI Engineer,Startup,Technology,Australia,Remote,Entry,14,Master,1
9661,Business Analyst,Startup,Finance,Singapore,Hybrid,Mid,10,PhD,1
9662,AI Engineer,Startup,Technology,Singapore,Onsite,Senior,14,Bachelor,0
9663,Machine Learning Engineer,Enterprise,Education,Australia,Remote,Mid,11,PhD,1
9664,Business Analyst,MNC,Technology,Canada,Onsite,Senior,6,Bachelor,1
9665,Business Analyst,Medium,E-commerce,Canada,Onsite,Senior,2,Master,0
9666,Data Scientist,Startup,Finance,Canada,Onsite,Senior,6,Master,0
9667,Data Scientist,Medium,Education,UK,Onsite,Mid,6,PhD,0
9668,Data Scientist,Enterprise,Education,Australia,Remote,Mid,1,PhD,0
9669,AI Engineer,MNC,E-commerce,Germany,Hybrid,Entry,5,Bachelor,1
9670,Machine Learning Engineer,Startup,Technology,UK,Remote,Mid,10,Bachelor,1
9671,AI Engineer,MNC,E-commerce,Singapore,Hybrid,Senior,4,PhD,0
9672,Machine Learning Engineer,Medium,E-commerce,Germany,Onsite,Senior,7,Bachelor,0
9673,Data Scientist,Enterprise,E-commerce,Australia,Onsite,Senior,8,Master,1
9674,AI Engineer,MNC,Retail,Singapore,Hybrid,Senior,9,Master,0
9675,Data Analyst,Enterprise,E-commerce,Singapore,Remote,Entry,7,PhD,1
9676,Data Engineer,MNC,Retail,Canada,Remote,Mid,1,Bachelor,0
9677,Data Engineer,MNC,Healthcare,India,Remote,Senior,6,Master,1
9678,Data Analyst,Medium,Finance,UK,Hybrid,Senior,13,Bachelor,0
9679,Data Engineer,Startup,Finance,Germany,Remote,Mid,2,Bachelor,0
9680,Data Engineer,Medium,Retail,Canada,Hybrid,Mid,1,Master,0
9681,Machine Learning Engineer,Medium,Healthcare,USA,Remote,Entry,11,PhD,1
9682,Machine Learning Engineer,Medium,E-commerce,Australia,Hybrid,Mid,5,Master,1
9683,Business Analyst,Medium,Technology,Canada,Onsite,Entry,7,Master,1
9684,Data Engineer,Enterprise,Retail,Singapore,Remote,Entry,10,Bachelor,0
9685,Business Analyst,Enterprise,Finance,Australia,Onsite,Senior,8,Bachelor,1
9686,AI Engineer,MNC,Education,Germany,Hybrid,Senior,13,PhD,0
9687,Business Analyst,Startup,Education,Germany,Onsite,Entry,12,Bachelor,1
9688,Machine Learning Engineer,MNC,Healthcare,UK,Remote,Senior,1,Bachelor,1
9689,Machine Learning Engineer,Startup,E-commerce,Singapore,Hybrid,Mid,11,PhD,0
9690,Machine Learning Engineer,MNC,Finance,India,Onsite,Mid,1,Bachelor,1
9691,Data Scientist,Enterprise,E-commerce,Singapore,Hybrid,Senior,9,PhD,1
9692,Data Scientist,Enterprise,Healthcare,UK,Hybrid,Entry,14,Master,1
9693,Machine Learning Engineer,Enterprise,Finance,USA,Remote,Mid,14,Master,0
9694,Data Scientist,Medium,Education,Canada,Onsite,Senior,13,Master,0
9695,Data Analyst,Enterprise,Technology,UK,Onsite,Entry,2,PhD,1
9696,Machine Learning Engineer,Startup,E-commerce,USA,Hybrid,Entry,3,Bachelor,0
9697,Business Analyst,Startup,Technology,Singapore,Remote,Mid,4,PhD,0
9698,Machine Learning Engineer,Enterprise,Education,India,Remote,Senior,1,Bachelor,0
9699,Data Scientist,Startup,Finance,USA,Onsite,Entry,0,Bachelor,0
9700,AI Engineer,Startup,Education,Australia,Remote,Senior,12,Bachelor,0
9701,Data Engineer,MNC,Education,Singapore,Onsite,Senior,14,Master,0
9702,Machine Learning Engineer,Enterprise,Technology,USA,Onsite,Senior,0,Master,0
9703,Data Analyst,MNC,E-commerce,USA,Onsite,Mid,11,Bachelor,1
9704,Data Analyst,Startup,Retail,UK,Onsite,Mid,4,Bachelor,0
9705,Data Scientist,Enterprise,Education,Singapore,Hybrid,Entry,7,Bachelor,0
9706,Business Analyst,Medium,Technology,UK,Onsite,Senior,14,Master,0
9707,AI Engineer,Medium,Healthcare,Australia,Remote,Entry,9,Master,0
9708,Business Analyst,MNC,Healthcare,Singapore,Hybrid,Mid,12,Master,0
9709,Machine Learning Engineer,MNC,Education,UK,Onsite,Senior,14,PhD,1
9710,AI Engineer,Enterprise,Healthcare,Canada,Remote,Entry,3,PhD,1
9711,AI Engineer,Enterprise,E-commerce,Germany,Onsite,Entry,14,Bachelor,1
9712,Data Engineer,Medium,Education,Germany,Remote,Senior,14,Master,1
9713,AI Engineer,Enterprise,Technology,Canada,Remote,Entry,7,PhD,0
9714,Data Analyst,Enterprise,Education,Germany,Hybrid,Senior,12,PhD,0
9715,Data Scientist,MNC,Retail,Germany,Remote,Entry,0,Bachelor,0
9716,Data Engineer,Startup,Finance,USA,Remote,Mid,8,Bachelor,1
9717,Data Scientist,Medium,Finance,Canada,Hybrid,Senior,1,Master,1
9718,AI Engineer,Enterprise,Education,Australia,Remote,Entry,5,Master,1
9719,AI Engineer,Enterprise,E-commerce,Singapore,Onsite,Entry,0,Master,1
9720,AI Engineer,Startup,Technology,India,Onsite,Senior,13,Master,0
9721,Data Engineer,Medium,Healthcare,UK,Remote,Mid,13,PhD,0
9722,Business Analyst,Medium,Technology,UK,Hybrid,Mid,3,Bachelor,1
9723,Business Analyst,Enterprise,Finance,USA,Onsite,Senior,0,Master,1
9724,Data Analyst,MNC,Education,USA,Remote,Entry,0,PhD,1
9725,Data Analyst,Enterprise,E-commerce,Germany,Onsite,Senior,0,Master,0
9726,Business Analyst,MNC,Technology,Canada,Onsite,Mid,7,Master,0
9727,AI Engineer,MNC,Technology,Australia,Remote,Mid,14,Master,0
9728,AI Engineer,MNC,Education,Australia,Remote,Senior,0,PhD,1
9729,Data Scientist,Enterprise,Education,Canada,Onsite,Senior,2,Bachelor,0
9730,Business Analyst,Medium,Education,UK,Onsite,Entry,2,Master,1
9731,Data Engineer,MNC,Healthcare,Singapore,Onsite,Senior,14,Bachelor,0
9732,Data Scientist,Startup,Education,Singapore,Onsite,Mid,9,PhD,1
9733,Business Analyst,Enterprise,Retail,Singapore,Hybrid,Mid,10,PhD,1
9734,Business Analyst,Enterprise,Retail,India,Hybrid,Senior,9,PhD,1
9735,Data Scientist,MNC,Retail,USA,Onsite,Mid,6,Master,1
9736,Business Analyst,Enterprise,E-commerce,USA,Remote,Entry,5,Master,0
9737,Data Engineer,Startup,Education,Australia,Hybrid,Entry,6,Bachelor,0
9738,Data Engineer,Medium,Education,Australia,Remote,Mid,10,PhD,0
9739,Data Scientist,Startup,Retail,India,Hybrid,Senior,4,Bachelor,0
9740,AI Engineer,Medium,E-commerce,UK,Hybrid,Mid,2,Master,0
9741,Machine Learning Engineer,Medium,Technology,Singapore,Remote,Mid,13,Bachelor,0
9742,AI Engineer,Enterprise,Finance,Germany,Onsite,Entry,13,Master,1
9743,Data Analyst,Medium,Healthcare,Singapore,Hybrid,Senior,6,Master,0
9744,Business Analyst,MNC,Technology,Australia,Hybrid,Entry,6,Master,1
9745,Data Engineer,Medium,E-commerce,UK,Onsite,Senior,5,PhD,1
9746,Business Analyst,MNC,Retail,USA,Hybrid,Entry,7,Master,1
9747,AI Engineer,Medium,Education,Singapore,Hybrid,Entry,5,Master,1
9748,Data Analyst,Medium,Healthcare,India,Onsite,Mid,2,Bachelor,0
9749,Data Analyst,Enterprise,Education,UK,Remote,Entry,9,Bachelor,0
9750,Data Scientist,Medium,Healthcare,UK,Onsite,Senior,11,Bachelor,0
9751,AI Engineer,MNC,E-commerce,India,Hybrid,Entry,1,PhD,0
9752,Business Analyst,Startup,E-commerce,India,Remote,Senior,8,Master,0
9753,Data Scientist,Medium,Finance,UK,Onsite,Senior,8,PhD,1
9754,Data Scientist,Enterprise,Retail,Australia,Remote,Entry,1,Bachelor,0
9755,Data Scientist,Medium,Finance,Germany,Onsite,Senior,0,Master,0
9756,Business Analyst,Medium,Finance,India,Remote,Entry,6,Master,0
9757,Data Scientist,Startup,Retail,Germany,Hybrid,Entry,4,Bachelor,1
9758,Data Analyst,Startup,Retail,USA,Hybrid,Entry,14,Master,0
9759,Data Scientist,Medium,Technology,Singapore,Hybrid,Entry,13,Master,1
9760,Data Analyst,Medium,Technology,India,Onsite,Senior,13,Master,1
9761,Data Scientist,Enterprise,E-commerce,Singapore,Remote,Senior,14,Bachelor,0
9762,Data Engineer,Medium,Healthcare,India,Remote,Entry,10,Master,0
9763,Data Engineer,Medium,Finance,Germany,Remote,Senior,9,PhD,1
9764,Business Analyst,Startup,E-commerce,UK,Remote,Mid,2,PhD,1
9765,Data Analyst,Enterprise,Retail,India,Hybrid,Mid,9,PhD,1
9766,Data Scientist,MNC,Healthcare,UK,Onsite,Senior,6,PhD,0
9767,Data Analyst,Startup,Retail,Australia,Hybrid,Senior,10,Bachelor,0
9768,Business Analyst,Medium,Finance,Germany,Hybrid,Mid,5,Bachelor,0
9769,Data Scientist,Medium,Technology,India,Onsite,Entry,6,Master,1
9770,Business Analyst,Startup,Technology,Singapore,Hybrid,Entry,14,PhD,0
9771,Data Scientist,Enterprise,Finance,Germany,Remote,Senior,7,Master,0
9772,Machine Learning Engineer,Enterprise,Finance,UK,Remote,Mid,11,PhD,1
9773,Data Engineer,Medium,Healthcare,Australia,Onsite,Senior,6,PhD,1
9774,Data Scientist,Medium,E-commerce,India,Remote,Entry,9,Bachelor,0
9775,Business Analyst,Medium,Retail,Australia,Remote,Senior,6,PhD,1
9776,Machine Learning Engineer,Medium,Healthcare,India,Remote,Senior,0,Master,1
9777,Data Analyst,Medium,Technology,Australia,Onsite,Senior,3,Master,0
9778,Data Engineer,Enterprise,Retail,India,Hybrid,Entry,5,PhD,1
9779,Data Analyst,Enterprise,Healthcare,UK,Hybrid,Entry,5,Master,1
9780,Data Analyst,Startup,Retail,UK,Hybrid,Mid,1,PhD,1
9781,Machine Learning Engineer,Startup,Retail,India,Onsite,Mid,10,PhD,0
9782,Data Analyst,MNC,Retail,USA,Hybrid,Mid,13,Master,0
9783,AI Engineer,Medium,Retail,Germany,Onsite,Entry,5,Master,1
9784,Data Scientist,MNC,Healthcare,Germany,Remote,Mid,0,Master,0
9785,Machine Learning Engineer,Medium,Healthcare,Germany,Hybrid,Mid,14,Master,1
9786,AI Engineer,MNC,Retail,Germany,Hybrid,Senior,9,Master,0
9787,Data Analyst,Enterprise,Technology,Germany,Onsite,Senior,0,PhD,0
9788,Data Scientist,Medium,Technology,India,Onsite,Mid,9,Bachelor,1
9789,Data Engineer,MNC,E-commerce,Australia,Remote,Entry,13,Bachelor,0
9790,Business Analyst,Startup,Finance,Germany,Hybrid,Mid,1,Master,1
9791,AI Engineer,Enterprise,E-commerce,UK,Onsite,Senior,10,Master,1
9792,Data Engineer,Enterprise,Technology,USA,Hybrid,Mid,7,Bachelor,1
9793,Machine Learning Engineer,Medium,Education,Germany,Remote,Mid,14,Master,1
9794,Data Scientist,MNC,Education,Australia,Remote,Entry,7,Bachelor,1
9795,Data Engineer,Medium,Retail,USA,Remote,Entry,6,Master,1
9796,AI Engineer,MNC,E-commerce,Germany,Hybrid,Senior,1,Bachelor,1
9797,Data Analyst,Enterprise,Education,Australia,Hybrid,Senior,11,Bachelor,0
9798,AI Engineer,Enterprise,E-commerce,India,Remote,Senior,5,Master,0
9799,Data Scientist,Enterprise,Finance,UK,Hybrid,Entry,2,Master,0
9800,Data Engineer,Enterprise,E-commerce,UK,Onsite,Entry,8,Bachelor,1
9801,Data Analyst,Enterprise,Technology,Germany,Hybrid,Entry,7,Bachelor,0
9802,Machine Learning Engineer,Enterprise,Healthcare,Australia,Remote,Entry,8,Master,0
9803,Data Analyst,Startup,Retail,Australia,Remote,Mid,10,Master,1
9804,AI Engineer,Enterprise,Technology,India,Onsite,Senior,12,Bachelor,1
9805,Data Engineer,MNC,Education,Germany,Remote,Senior,13,Bachelor,0
9806,AI Engineer,Startup,Healthcare,Canada,Onsite,Entry,3,PhD,0
9807,Data Analyst,Startup,Education,India,Onsite,Entry,9,Master,0
9808,AI Engineer,Medium,Technology,India,Remote,Entry,11,Master,1
9809,Machine Learning Engineer,Startup,Healthcare,UK,Hybrid,Mid,3,Bachelor,1
9810,Machine Learning Engineer,MNC,Healthcare,USA,Onsite,Senior,3,Master,0
9811,Machine Learning Engineer,Medium,Retail,Australia,Hybrid,Senior,13,Master,1
9812,Business Analyst,MNC,Education,UK,Onsite,Mid,6,Bachelor,1
9813,Data Scientist,Medium,E-commerce,Singapore,Remote,Senior,9,PhD,1
9814,Data Engineer,Medium,Finance,Australia,Onsite,Mid,13,PhD,0
9815,AI Engineer,Enterprise,Retail,Australia,Remote,Entry,7,Bachelor,0
9816,Machine Learning Engineer,Enterprise,Technology,Singapore,Onsite,Entry,7,PhD,1
9817,Machine Learning Engineer,Medium,Healthcare,Canada,Onsite,Mid,4,Bachelor,1
9818,Data Analyst,Enterprise,Technology,Canada,Onsite,Mid,0,Master,1
9819,Business Analyst,Enterprise,Technology,Australia,Remote,Mid,9,Master,0
9820,Data Analyst,Enterprise,Finance,Singapore,Remote,Mid,14,Master,0
9821,Data Engineer,Startup,Technology,India,Onsite,Entry,6,PhD,1
9822,Data Engineer,Startup,Finance,Germany,Hybrid,Mid,14,Master,0
9823,AI Engineer,Startup,Education,Canada,Remote,Entry,3,Bachelor,0
9824,Data Scientist,Startup,Education,Australia,Remote,Entry,2,Master,1
9825,Data Engineer,Startup,Technology,USA,Onsite,Entry,10,Bachelor,1
9826,Business Analyst,Startup,E-commerce,Canada,Hybrid,Senior,8,Bachelor,0
9827,Machine Learning Engineer,Enterprise,Retail,Germany,Remote,Senior,12,Master,0
9828,Data Engineer,MNC,Technology,USA,Hybrid,Mid,1,Bachelor,0
9829,Data Scientist,MNC,Retail,India,Onsite,Entry,6,PhD,1
9830,Machine Learning Engineer,Enterprise,Technology,Australia,Onsite,Senior,2,Bachelor,0
9831,Data Analyst,Enterprise,Technology,Singapore,Hybrid,Senior,14,Bachelor,0
9832,AI Engineer,MNC,Finance,Canada,Hybrid,Senior,0,Bachelor,0
9833,Data Engineer,Startup,Finance,USA,Hybrid,Senior,5,Master,0
9834,Data Engineer,Startup,E-commerce,Germany,Onsite,Senior,7,Master,0
9835,Data Scientist,Startup,Education,Australia,Onsite,Mid,8,Master,0
9836,Machine Learning Engineer,Enterprise,Finance,India,Hybrid,Mid,1,PhD,0
9837,Business Analyst,Medium,Technology,UK,Onsite,Senior,11,Bachelor,1
9838,AI Engineer,Enterprise,Technology,Singapore,Onsite,Senior,9,Master,0
9839,Data Engineer,MNC,Finance,India,Remote,Mid,3,Bachelor,1
9840,Data Scientist,Medium,Healthcare,Germany,Remote,Senior,13,Bachelor,1
9841,Data Scientist,Medium,Healthcare,Canada,Remote,Senior,6,Bachelor,1
9842,Machine Learning Engineer,Medium,Technology,USA,Hybrid,Entry,5,Master,1
9843,Data Analyst,Enterprise,Healthcare,Singapore,Onsite,Mid,8,Bachelor,0
9844,Data Scientist,Enterprise,Education,Singapore,Hybrid,Senior,14,Master,0
9845,Business Analyst,MNC,Healthcare,Germany,Onsite,Mid,9,PhD,1
9846,Business Analyst,Startup,Education,Germany,Onsite,Entry,1,PhD,0
9847,Data Engineer,Enterprise,Education,India,Hybrid,Entry,0,PhD,1
9848,AI Engineer,Startup,Retail,Australia,Onsite,Senior,1,Bachelor,0
9849,Machine Learning Engineer,Enterprise,Retail,Germany,Hybrid,Senior,6,Master,0
9850,Machine Learning Engineer,Startup,Healthcare,UK,Onsite,Mid,11,Bachelor,0
9851,AI Engineer,Startup,Technology,Australia,Hybrid,Mid,3,Bachelor,0
9852,Data Engineer,Enterprise,Retail,Germany,Onsite,Mid,6,Bachelor,0
9853,AI Engineer,Medium,Technology,USA,Onsite,Entry,2,Master,1
9854,Data Engineer,Enterprise,Technology,India,Onsite,Entry,12,Bachelor,0
9855,Data Analyst,MNC,E-commerce,UK,Hybrid,Senior,5,Master,1
9856,Business Analyst,MNC,Education,Australia,Onsite,Entry,14,Master,0
9857,Data Engineer,Medium,Retail,UK,Remote,Mid,9,Bachelor,1
9858,Data Scientist,Startup,E-commerce,USA,Onsite,Mid,12,PhD,0
9859,Data Engineer,Medium,E-commerce,USA,Onsite,Entry,14,PhD,1
9860,Data Engineer,Medium,Healthcare,Singapore,Remote,Senior,11,Bachelor,0
9861,Data Analyst,MNC,Technology,Canada,Hybrid,Senior,10,Bachelor,1
9862,Business Analyst,Startup,E-commerce,Canada,Remote,Senior,5,Master,1
9863,Business Analyst,Medium,Healthcare,India,Remote,Mid,7,Master,1
9864,Machine Learning Engineer,Startup,Finance,Germany,Remote,Entry,2,Bachelor,0
9865,AI Engineer,Startup,Retail,Canada,Hybrid,Mid,4,Master,1
9866,Business Analyst,Startup,Finance,UK,Onsite,Mid,3,Master,0
9867,Machine Learning Engineer,Medium,Technology,India,Hybrid,Entry,12,PhD,1
9868,Business Analyst,Startup,E-commerce,Australia,Hybrid,Mid,13,Bachelor,1
9869,AI Engineer,Enterprise,Technology,USA,Onsite,Senior,1,Master,1
9870,Data Analyst,Enterprise,Healthcare,Australia,Onsite,Senior,3,PhD,1
9871,Data Scientist,MNC,Finance,Australia,Onsite,Senior,11,Bachelor,1
9872,Data Scientist,Medium,Technology,Canada,Hybrid,Mid,14,PhD,1
9873,Data Analyst,MNC,Healthcare,Canada,Remote,Entry,2,Bachelor,0
9874,Data Scientist,Enterprise,Finance,Canada,Hybrid,Senior,7,PhD,1
9875,Data Analyst,Medium,Technology,Singapore,Remote,Senior,8,PhD,0
9876,Data Engineer,Medium,Finance,Germany,Hybrid,Mid,14,Master,1
9877,Data Analyst,Medium,Education,Australia,Onsite,Entry,11,Master,0
9878,Data Scientist,Startup,Retail,Singapore,Hybrid,Senior,2,Bachelor,1
9879,Business Analyst,MNC,E-commerce,India,Remote,Entry,11,Bachelor,0
9880,Data Analyst,Startup,Healthcare,Australia,Hybrid,Mid,10,Bachelor,1
9881,Business Analyst,Enterprise,Healthcare,USA,Remote,Mid,9,PhD,1
9882,Data Engineer,Enterprise,Retail,India,Hybrid,Mid,5,Master,0
9883,Data Scientist,Enterprise,E-commerce,Canada,Hybrid,Senior,4,PhD,0
9884,Data Engineer,Enterprise,Education,Australia,Onsite,Mid,13,Bachelor,1
9885,AI Engineer,Startup,E-commerce,India,Hybrid,Mid,0,Bachelor,0
9886,Business Analyst,Startup,Education,Germany,Remote,Mid,10,PhD,0
9887,Data Engineer,Enterprise,Retail,Canada,Onsite,Entry,10,Master,0
9888,Data Analyst,Medium,Retail,Germany,Onsite,Senior,10,Master,0
9889,Data Analyst,Medium,Education,Canada,Remote,Senior,14,Master,1
9890,AI Engineer,Medium,Retail,Australia,Onsite,Entry,8,Master,1
9891,Machine Learning Engineer,Enterprise,Technology,Australia,Onsite,Entry,13,Master,1
9892,Business Analyst,Enterprise,Retail,UK,Onsite,Senior,14,Master,0
9893,Data Engineer,Medium,Technology,USA,Remote,Entry,0,Master,1
9894,Machine Learning Engineer,Enterprise,Healthcare,Germany,Remote,Mid,13,Bachelor,1
9895,Machine Learning Engineer,Enterprise,Education,USA,Hybrid,Entry,14,PhD,1
9896,AI Engineer,Startup,E-commerce,Singapore,Hybrid,Entry,7,Master,0
9897,Data Engineer,Enterprise,Healthcare,USA,Hybrid,Mid,9,PhD,1
9898,Data Engineer,MNC,E-commerce,Canada,Remote,Mid,4,Bachelor,0
9899,AI Engineer,Startup,Finance,Australia,Remote,Mid,9,Master,1
9900,AI Engineer,Startup,Healthcare,Singapore,Onsite,Entry,7,Master,1
9901,Data Engineer,MNC,Retail,UK,Remote,Entry,1,Master,0
9902,Business Analyst,MNC,Retail,Germany,Hybrid,Entry,6,Master,0
9903,Data Analyst,MNC,Education,Singapore,Onsite,Senior,14,Bachelor,0
9904,Business Analyst,Startup,Healthcare,Singapore,Hybrid,Mid,3,Bachelor,0
9905,Data Scientist,Enterprise,Education,Singapore,Onsite,Mid,13,PhD,0
9906,Machine Learning Engineer,MNC,Education,UK,Remote,Mid,9,Bachelor,0
9907,Machine Learning Engineer,Enterprise,Technology,India,Onsite,Senior,6,Master,0
9908,Business Analyst,Startup,Technology,USA,Remote,Entry,1,Master,1
9909,AI Engineer,Startup,Education,UK,Onsite,Mid,4,Bachelor,1
9910,Business Analyst,Enterprise,Retail,USA,Hybrid,Mid,4,Master,0
9911,AI Engineer,Startup,Finance,India,Hybrid,Entry,1,Bachelor,1
9912,AI Engineer,Enterprise,Finance,Australia,Onsite,Entry,9,Master,0
9913,Data Scientist,Enterprise,Retail,Canada,Onsite,Entry,7,Master,1
9914,Business Analyst,Startup,Healthcare,Singapore,Onsite,Senior,12,Bachelor,0
9915,Data Engineer,Medium,Healthcare,USA,Onsite,Senior,14,Bachelor,0
9916,Data Analyst,Enterprise,E-commerce,Australia,Hybrid,Mid,1,Bachelor,0
9917,Data Engineer,Startup,E-commerce,Singapore,Onsite,Entry,13,Bachelor,1
9918,Machine Learning Engineer,Startup,Technology,Canada,Hybrid,Mid,10,PhD,0
9919,Data Scientist,Enterprise,Education,Canada,Remote,Entry,7,Bachelor,1
9920,Data Engineer,Enterprise,Finance,Australia,Hybrid,Mid,0,Master,0
9921,Business Analyst,Enterprise,Education,India,Hybrid,Mid,0,PhD,0
9922,Data Scientist,Startup,Technology,USA,Remote,Mid,11,Bachelor,1
9923,Business Analyst,Enterprise,Technology,Canada,Hybrid,Entry,1,Bachelor,1
9924,Machine Learning Engineer,Medium,Education,India,Hybrid,Mid,1,Master,0
9925,Data Scientist,Startup,Education,Singapore,Onsite,Mid,11,Bachelor,0
9926,Data Engineer,MNC,Education,UK,Onsite,Senior,7,Bachelor,1
9927,Machine Learning Engineer,Startup,E-commerce,Singapore,Remote,Mid,13,Master,1
9928,Data Engineer,Enterprise,Technology,India,Hybrid,Senior,3,PhD,1
9929,AI Engineer,Medium,Retail,UK,Hybrid,Entry,1,PhD,0
9930,Data Engineer,Medium,Technology,India,Hybrid,Mid,6,PhD,0
9931,Business Analyst,Startup,Education,Singapore,Remote,Mid,7,Bachelor,1
9932,Business Analyst,Startup,Retail,Singapore,Hybrid,Entry,6,Master,1
9933,AI Engineer,MNC,Retail,UK,Remote,Senior,6,PhD,1
9934,Machine Learning Engineer,MNC,Retail,Australia,Hybrid,Mid,13,Bachelor,0
9935,Data Engineer,MNC,E-commerce,UK,Onsite,Senior,1,Master,0
9936,AI Engineer,Startup,E-commerce,Australia,Hybrid,Senior,0,Bachelor,0
9937,Data Analyst,Enterprise,Education,India,Hybrid,Mid,11,PhD,1
9938,Data Scientist,Startup,Retail,UK,Onsite,Mid,7,PhD,1
9939,AI Engineer,Startup,E-commerce,UK,Remote,Entry,7,Master,0
9940,Business Analyst,Startup,E-commerce,Canada,Remote,Entry,8,Master,0
9941,Machine Learning Engineer,MNC,Education,Canada,Onsite,Mid,9,Master,0
9942,Business Analyst,Enterprise,E-commerce,Germany,Onsite,Entry,10,Bachelor,0
9943,Business Analyst,Enterprise,Retail,India,Remote,Entry,10,Master,1
9944,Data Scientist,Enterprise,Finance,Australia,Remote,Senior,14,PhD,1
9945,AI Engineer,Enterprise,Healthcare,Germany,Hybrid,Mid,0,Bachelor,0
9946,Machine Learning Engineer,MNC,E-commerce,USA,Onsite,Senior,11,Bachelor,0
9947,AI Engineer,Startup,Retail,Canada,Remote,Senior,6,PhD,1
9948,Data Scientist,Medium,Finance,USA,Hybrid,Senior,11,Bachelor,0
9949,Data Analyst,MNC,Education,UK,Remote,Entry,5,Master,1
9950,Data Scientist,Startup,Finance,Germany,Hybrid,Mid,0,PhD,1
9951,Machine Learning Engineer,Startup,E-commerce,Canada,Hybrid,Senior,7,PhD,0
9952,Data Scientist,Startup,Healthcare,Singapore,Remote,Entry,14,Master,0
9953,AI Engineer,Startup,Healthcare,Canada,Hybrid,Mid,0,Bachelor,1
9954,Data Engineer,Enterprise,Finance,Germany,Hybrid,Mid,6,Bachelor,1
9955,Data Analyst,Startup,E-commerce,UK,Hybrid,Mid,8,Bachelor,1
9956,AI Engineer,MNC,Retail,UK,Onsite,Senior,12,PhD,1
9957,Machine Learning Engineer,Enterprise,Retail,USA,Remote,Senior,3,Bachelor,0
9958,Business Analyst,Medium,E-commerce,USA,Onsite,Senior,10,Master,0
9959,Data Analyst,Enterprise,E-commerce,Singapore,Hybrid,Mid,10,PhD,0
9960,Machine Learning Engineer,Medium,Healthcare,Germany,Onsite,Entry,8,PhD,0
9961,Machine Learning Engineer,Medium,E-commerce,Australia,Remote,Entry,9,PhD,1
9962,Machine Learning Engineer,MNC,Technology,Australia,Onsite,Entry,9,Master,1
9963,AI Engineer,Enterprise,Retail,Canada,Onsite,Senior,1,Bachelor,1
9964,AI Engineer,Medium,Finance,Germany,Onsite,Entry,13,PhD,1
9965,Data Engineer,MNC,Finance,India,Remote,Senior,9,Bachelor,1
9966,Data Engineer,Startup,Finance,Canada,Remote,Entry,4,PhD,0
9967,Data Analyst,Startup,Technology,Germany,Hybrid,Senior,10,Master,1
9968,Data Analyst,MNC,Technology,Australia,Onsite,Senior,11,Master,1
9969,Machine Learning Engineer,MNC,Education,Singapore,Hybrid,Mid,4,PhD,1
9970,Data Engineer,Startup,Finance,USA,Hybrid,Mid,9,PhD,0
9971,AI Engineer,Enterprise,Technology,India,Hybrid,Entry,5,Bachelor,0
9972,Data Engineer,Startup,Healthcare,UK,Remote,Senior,5,Master,0
9973,Data Scientist,Enterprise,Technology,Australia,Onsite,Senior,12,PhD,0
9974,Data Engineer,MNC,Education,Canada,Remote,Senior,8,PhD,1
9975,Machine Learning Engineer,MNC,Retail,Australia,Hybrid,Entry,11,PhD,0
9976,Data Scientist,MNC,E-commerce,India,Onsite,Senior,0,Master,1
9977,Business Analyst,Startup,Education,India,Hybrid,Entry,10,Master,1
9978,Machine Learning Engineer,Startup,E-commerce,Singapore,Remote,Mid,1,PhD,1
9979,Data Scientist,Enterprise,Finance,USA,Hybrid,Mid,12,Bachelor,1
9980,Machine Learning Engineer,Enterprise,Healthcare,India,Hybrid,Entry,7,PhD,0
9981,Data Engineer,Enterprise,Healthcare,Germany,Hybrid,Senior,13,Bachelor,1
9982,Data Engineer,MNC,Healthcare,UK,Remote,Entry,8,Master,0
9983,Data Engineer,Startup,Education,Singapore,Hybrid,Mid,14,PhD,0
9984,Business Analyst,MNC,Healthcare,UK,Onsite,Mid,7,Bachelor,0
9985,AI Engineer,Medium,Healthcare,India,Hybrid,Senior,5,PhD,0
9986,Business Analyst,Startup,Education,Canada,Hybrid,Senior,14,Bachelor,0
9987,AI Engineer,Enterprise,E-commerce,Canada,Remote,Senior,14,Bachelor,1
9988,Data Engineer,Medium,E-commerce,India,Onsite,Mid,2,PhD,1
9989,Business Analyst,MNC,Finance,Canada,Onsite,Entry,14,PhD,0
9990,Data Scientist,MNC,Finance,Canada,Remote,Mid,5,PhD,1
9991,Data Engineer,MNC,Healthcare,UK,Onsite,Entry,4,PhD,1
9992,Business Analyst,Enterprise,Healthcare,Canada,Remote,Senior,8,Master,0
9993,Machine Learning Engineer,Startup,Education,Germany,Hybrid,Mid,4,PhD,1
9994,Data Analyst,MNC,Healthcare,Germany,Onsite,Senior,13,Bachelor,1
9995,Machine Learning Engineer,Startup,E-commerce,Germany,Onsite,Entry,11,Bachelor,1
9996,Data Scientist,Medium,Finance,India,Hybrid,Senior,6,PhD,1
9997,AI Engineer,MNC,Technology,USA,Hybrid,Mid,1,Master,0
9998,AI Engineer,Startup,Retail,UK,Onsite,Entry,13,Master,1
9999,Business Analyst,Enterprise,Technology,Singapore,Hybrid,Entry,6,Master,0
10000,Machine Learning Engineer,Enterprise,Technology,Canada,Onsite,Mid,7,PhD,1
10001,AI Engineer,Enterprise,Retail,Germany,Hybrid,Senior,5,PhD,1
10002,Data Analyst,Enterprise,Technology,Australia,Hybrid,Mid,9,Master,1
10003,Data Analyst,MNC,Finance,UK,Hybrid,Senior,11,Master,1
10004,Machine Learning Engineer,Startup,Healthcare,India,Hybrid,Senior,7,PhD,0
10005,Data Engineer,Startup,Finance,India,Onsite,Mid,9,Master,0
10006,AI Engineer,Medium,Retail,Canada,Hybrid,Mid,9,Master,1
10007,Data Scientist,Medium,Technology,Germany,Remote,Entry,12,Bachelor,0
10008,Business Analyst,Startup,Education,USA,Hybrid,Entry,1,Master,0
10009,Business Analyst,Medium,Education,Germany,Remote,Entry,2,Bachelor,1
10010,Data Analyst,MNC,Finance,Australia,Hybrid,Senior,11,PhD,0
10011,AI Engineer,Medium,Education,Singapore,Hybrid,Senior,7,Master,1
10012,Data Analyst,MNC,Technology,Singapore,Remote,Mid,10,Bachelor,1
10013,AI Engineer,Enterprise,Finance,Germany,Onsite,Senior,7,PhD,1
10014,AI Engineer,MNC,E-commerce,UK,Hybrid,Senior,3,Bachelor,1
10015,Data Scientist,Enterprise,Finance,Germany,Remote,Senior,14,Master,1
10016,AI Engineer,Startup,E-commerce,Germany,Remote,Entry,8,PhD,1
10017,Machine Learning Engineer,Enterprise,E-commerce,USA,Hybrid,Senior,8,PhD,1
10018,AI Engineer,Startup,Finance,Singapore,Onsite,Senior,12,PhD,0
10019,Data Analyst,Enterprise,Retail,UK,Remote,Entry,7,PhD,0
10020,Data Scientist,Medium,Technology,India,Remote,Senior,14,Bachelor,0
10021,Business Analyst,Enterprise,Education,UK,Remote,Mid,7,Master,0
10022,Data Engineer,Startup,Education,USA,Remote,Mid,7,Master,1
10023,Data Analyst,Startup,Healthcare,USA,Remote,Senior,12,Bachelor,0
10024,Machine Learning Engineer,MNC,E-commerce,Australia,Onsite,Entry,7,Bachelor,0
10025,Data Analyst,Medium,Retail,USA,Hybrid,Senior,1,Master,0
10026,Data Engineer,Medium,Finance,Singapore,Remote,Entry,10,PhD,1
10027,Data Engineer,MNC,Technology,UK,Remote,Mid,3,PhD,0
10028,Data Scientist,Enterprise,Healthcare,UK,Onsite,Mid,8,PhD,1
10029,Machine Learning Engineer,Enterprise,E-commerce,Australia,Onsite,Mid,9,PhD,0
10030,Data Engineer,MNC,Retail,USA,Hybrid,Mid,2,Master,0
10031,AI Engineer,MNC,E-commerce,India,Remote,Entry,11,PhD,1
10032,AI Engineer,Enterprise,Education,UK,Onsite,Entry,10,PhD,0
10033,AI Engineer,MNC,Retail,Singapore,Remote,Mid,10,Master,0
10034,Machine Learning Engineer,Startup,Healthcare,Singapore,Remote,Entry,9,Master,0
10035,AI Engineer,MNC,E-commerce,USA,Hybrid,Entry,4,Master,1
10036,Data Analyst,Startup,Education,India,Hybrid,Entry,11,Master,1
10037,AI Engineer,Medium,Education,Singapore,Onsite,Senior,5,PhD,0
10038,AI Engineer,MNC,Retail,Germany,Onsite,Entry,11,Bachelor,0
10039,Data Engineer,Startup,Technology,Australia,Remote,Mid,5,PhD,0
10040,Data Engineer,Enterprise,Technology,Singapore,Hybrid,Entry,1,Master,1
10041,Data Engineer,Startup,Healthcare,UK,Onsite,Senior,0,PhD,0
10042,Data Analyst,MNC,E-commerce,UK,Remote,Senior,3,Master,0
10043,Data Analyst,Startup,Education,UK,Hybrid,Mid,0,Master,1
10044,AI Engineer,MNC,Healthcare,India,Hybrid,Senior,2,Master,0
10045,Data Analyst,MNC,Healthcare,Germany,Remote,Mid,9,Bachelor,0
10046,Data Analyst,Medium,Finance,Australia,Onsite,Senior,6,PhD,1
10047,Data Scientist,Medium,Retail,Australia,Remote,Mid,3,Master,1
10048,Machine Learning Engineer,Startup,Retail,USA,Hybrid,Senior,12,Bachelor,0
10049,Data Analyst,MNC,Education,Canada,Hybrid,Senior,10,Master,1
10050,AI Engineer,Startup,Technology,India,Hybrid,Mid,10,PhD,0
10051,Machine Learning Engineer,MNC,Education,Singapore,Hybrid,Mid,3,PhD,0
10052,Machine Learning Engineer,Startup,Healthcare,India,Hybrid,Senior,3,PhD,0
10053,Data Engineer,Enterprise,Education,UK,Remote,Mid,2,PhD,1
10054,Data Scientist,Startup,Education,Canada,Hybrid,Mid,0,PhD,0
10055,Data Analyst,Startup,Education,Australia,Remote,Mid,10,Master,0
10056,Data Scientist,Startup,Healthcare,USA,Onsite,Entry,1,PhD,0
10057,Data Analyst,Medium,E-commerce,Canada,Hybrid,Senior,1,Master,1
10058,Data Analyst,MNC,E-commerce,Canada,Hybrid,Senior,2,Master,0
10059,AI Engineer,Medium,Healthcare,USA,Remote,Senior,0,Master,0
10060,Machine Learning Engineer,MNC,Education,USA,Hybrid,Mid,14,Master,0
10061,Data Scientist,MNC,E-commerce,Germany,Onsite,Mid,6,Bachelor,1
10062,Machine Learning Engineer,Startup,Finance,Germany,Onsite,Entry,12,PhD,0
10063,AI Engineer,Medium,Education,UK,Remote,Entry,13,PhD,1
10064,Data Analyst,Medium,E-commerce,UK,Onsite,Mid,1,Bachelor,0
10065,Data Analyst,Startup,Education,Australia,Remote,Entry,8,Master,1
10066,Data Engineer,Startup,Healthcare,USA,Hybrid,Mid,14,PhD,1
10067,Data Analyst,Startup,Finance,UK,Onsite,Mid,4,PhD,0
10068,Machine Learning Engineer,Startup,Healthcare,Australia,Onsite,Senior,11,Master,1
10069,Data Engineer,Enterprise,Retail,Canada,Hybrid,Entry,9,Bachelor,0
10070,Data Engineer,Startup,Education,USA,Hybrid,Senior,6,Master,1
10071,Business Analyst,Startup,E-commerce,Australia,Hybrid,Senior,14,PhD,0
10072,Machine Learning Engineer,MNC,Technology,UK,Remote,Mid,11,Master,1
10073,Machine Learning Engineer,Enterprise,Finance,USA,Onsite,Entry,10,Bachelor,1
10074,Data Engineer,MNC,Finance,USA,Hybrid,Mid,12,Bachelor,0
10075,Data Scientist,Medium,Finance,India,Onsite,Mid,6,Bachelor,0
10076,AI Engineer,MNC,Finance,Singapore,Hybrid,Senior,3,Master,1
10077,Business Analyst,Startup,Education,USA,Onsite,Senior,4,PhD,1
10078,Data Engineer,Enterprise,Healthcare,Canada,Hybrid,Senior,13,PhD,0
10079,Data Scientist,MNC,Education,USA,Onsite,Senior,7,PhD,1
10080,Data Engineer,Startup,Education,Canada,Onsite,Entry,8,Master,0
10081,Data Scientist,MNC,Education,USA,Remote,Senior,9,PhD,0
10082,Machine Learning Engineer,Startup,Technology,UK,Remote,Senior,0,Bachelor,0
10083,Business Analyst,Enterprise,Technology,Germany,Onsite,Entry,5,Bachelor,0
10084,Business Analyst,Medium,Education,Germany,Remote,Mid,8,Master,1
10085,Machine Learning Engineer,Startup,Retail,Singapore,Remote,Mid,5,Bachelor,0
10086,Business Analyst,Medium,Education,Australia,Remote,Mid,1,PhD,1
10087,Machine Learning Engineer,Startup,E-commerce,Australia,Hybrid,Entry,4,Master,0
10088,Machine Learning Engineer,MNC,Finance,UK,Onsite,Entry,3,Master,0
10089,Business Analyst,Enterprise,Finance,UK,Hybrid,Mid,9,Bachelor,0
10090,Machine Learning Engineer,Startup,Education,UK,Onsite,Mid,14,Bachelor,0
10091,AI Engineer,Startup,Retail,India,Hybrid,Senior,11,Bachelor,1
10092,AI Engineer,Enterprise,Finance,USA,Remote,Entry,6,PhD,1
10093,AI Engineer,Startup,Healthcare,USA,Onsite,Entry,5,Bachelor,1
10094,Data Scientist,Enterprise,Education,USA,Hybrid,Mid,13,Master,1
10095,Business Analyst,Startup,Technology,UK,Hybrid,Senior,11,Bachelor,1
10096,Data Analyst,Medium,Finance,Singapore,Remote,Mid,12,PhD,1
10097,Data Engineer,Startup,Retail,UK,Remote,Mid,11,Master,0
10098,Data Engineer,Startup,E-commerce,India,Onsite,Entry,8,Bachelor,1
10099,Data Engineer,MNC,Education,Singapore,Hybrid,Senior,14,Master,0
10100,Machine Learning Engineer,Enterprise,Technology,USA,Hybrid,Mid,1,Bachelor,0
10101,Data Scientist,Medium,Finance,Singapore,Onsite,Senior,9,Master,0
10102,AI Engineer,Medium,Technology,Germany,Hybrid,Mid,0,Bachelor,0
10103,Business Analyst,MNC,Technology,Singapore,Remote,Entry,12,Master,1
10104,Machine Learning Engineer,MNC,E-commerce,USA,Remote,Mid,14,PhD,1
10105,AI Engineer,MNC,Retail,Germany,Remote,Entry,8,Master,0
10106,Data Engineer,Enterprise,Retail,India,Hybrid,Mid,4,PhD,0
10107,Data Scientist,Startup,Education,India,Hybrid,Senior,11,PhD,0
10108,Data Scientist,MNC,Education,Germany,Hybrid,Entry,13,Master,1
10109,Data Scientist,MNC,Education,Canada,Hybrid,Senior,5,PhD,1
10110,AI Engineer,MNC,Healthcare,Germany,Hybrid,Senior,1,Master,0
10111,Data Scientist,Startup,Healthcare,USA,Onsite,Entry,3,Master,0
10112,Data Engineer,Startup,Finance,Germany,Hybrid,Mid,14,Bachelor,1
10113,Machine Learning Engineer,MNC,Healthcare,Canada,Remote,Senior,13,Bachelor,1
10114,Data Engineer,Startup,E-commerce,UK,Hybrid,Entry,5,Bachelor,0
10115,Data Analyst,Enterprise,E-commerce,Australia,Onsite,Entry,12,PhD,0
10116,AI Engineer,MNC,Finance,Canada,Hybrid,Senior,7,Master,0
10117,Machine Learning Engineer,MNC,E-commerce,Australia,Remote,Senior,7,Bachelor,0
10118,Data Engineer,Medium,Healthcare,Germany,Onsite,Senior,1,PhD,0
10119,Business Analyst,Medium,Retail,Australia,Hybrid,Entry,0,Master,1
10120,Business Analyst,Medium,Technology,Germany,Remote,Mid,0,Bachelor,1
10121,Data Analyst,Enterprise,Finance,India,Remote,Entry,12,Bachelor,0
10122,Data Scientist,Medium,Retail,USA,Remote,Entry,8,Master,1
10123,Data Analyst,MNC,Finance,Singapore,Onsite,Mid,10,Bachelor,1
10124,Data Analyst,MNC,Education,UK,Remote,Mid,11,PhD,0
10125,Machine Learning Engineer,MNC,Healthcare,USA,Remote,Entry,8,Bachelor,0
10126,AI Engineer,Startup,Education,India,Onsite,Entry,0,Master,1
10127,Machine Learning Engineer,Startup,Education,Australia,Remote,Senior,0,Bachelor,1
10128,Data Engineer,MNC,Finance,Australia,Remote,Entry,1,Master,0
10129,Data Scientist,Enterprise,E-commerce,Singapore,Onsite,Senior,4,Master,0
10130,Machine Learning Engineer,Startup,Education,UK,Remote,Mid,12,Master,1
10131,Machine Learning Engineer,Enterprise,Education,USA,Onsite,Senior,9,Bachelor,1
10132,Data Analyst,Medium,Retail,India,Hybrid,Entry,9,PhD,0
10133,Machine Learning Engineer,Medium,Education,Canada,Hybrid,Entry,13,PhD,0
10134,Business Analyst,MNC,Healthcare,UK,Onsite,Senior,0,PhD,0
10135,Business Analyst,Enterprise,E-commerce,UK,Remote,Senior,1,Bachelor,0
10136,Business Analyst,MNC,Healthcare,India,Remote,Senior,12,Master,0
10137,AI Engineer,MNC,Education,USA,Remote,Entry,10,PhD,0
10138,Data Scientist,MNC,E-commerce,UK,Remote,Mid,11,Bachelor,1
10139,Business Analyst,Medium,Technology,Germany,Remote,Mid,9,Bachelor,1
10140,Machine Learning Engineer,Enterprise,Technology,Canada,Remote,Entry,14,Bachelor,1
10141,Business Analyst,MNC,Healthcare,India,Hybrid,Entry,8,PhD,1
10142,AI Engineer,Medium,Technology,UK,Hybrid,Entry,5,PhD,0
10143,Data Engineer,Enterprise,E-commerce,UK,Remote,Entry,11,Master,0
10144,Data Engineer,MNC,Retail,Canada,Remote,Mid,8,PhD,1
10145,AI Engineer,MNC,Education,UK,Remote,Entry,0,Master,1
10146,Data Engineer,Enterprise,Education,India,Remote,Entry,11,PhD,0
10147,AI Engineer,Startup,Education,Singapore,Remote,Senior,2,Bachelor,0
10148,Data Engineer,Startup,Healthcare,India,Remote,Mid,1,Master,0
10149,Data Analyst,Medium,E-commerce,Canada,Onsite,Mid,0,PhD,0
10150,AI Engineer,MNC,Finance,UK,Remote,Entry,10,Master,0
10151,Data Engineer,Startup,Technology,Australia,Onsite,Mid,14,Bachelor,0
10152,Data Scientist,Enterprise,Technology,Canada,Remote,Mid,11,Bachelor,1
10153,Data Engineer,Startup,Education,USA,Onsite,Entry,14,PhD,0
10154,Business Analyst,Startup,Finance,USA,Onsite,Senior,3,Master,0
10155,AI Engineer,Medium,Technology,India,Hybrid,Mid,4,PhD,1
10156,Data Engineer,Startup,E-commerce,Canada,Hybrid,Senior,7,Master,1
10157,AI Engineer,Medium,E-commerce,India,Onsite,Entry,9,PhD,1
10158,AI Engineer,Enterprise,Technology,UK,Remote,Mid,10,Master,0
10159,Data Analyst,MNC,E-commerce,USA,Remote,Entry,5,Master,1
10160,Data Analyst,Enterprise,Technology,India,Hybrid,Senior,2,PhD,1
10161,Machine Learning Engineer,Startup,Education,Singapore,Onsite,Mid,14,Master,1
10162,Machine Learning Engineer,MNC,E-commerce,Germany,Hybrid,Senior,13,PhD,1
10163,Business Analyst,Startup,Education,India,Hybrid,Senior,10,PhD,1
10164,AI Engineer,Enterprise,Healthcare,Australia,Remote,Senior,0,Bachelor,0
10165,Data Scientist,MNC,Education,UK,Hybrid,Senior,11,PhD,0
10166,Data Scientist,MNC,Technology,USA,Hybrid,Senior,5,PhD,1
10167,Machine Learning Engineer,MNC,E-commerce,USA,Remote,Entry,3,Master,1
10168,Data Scientist,MNC,Retail,Australia,Hybrid,Mid,13,Master,0
10169,Data Scientist,Startup,Technology,Singapore,Remote,Senior,13,PhD,0
10170,Machine Learning Engineer,MNC,Technology,USA,Remote,Entry,1,Master,1
10171,AI Engineer,Startup,Technology,Canada,Onsite,Senior,10,PhD,1
10172,Machine Learning Engineer,MNC,Healthcare,Germany,Remote,Entry,12,PhD,1
10173,Business Analyst,Startup,E-commerce,India,Onsite,Senior,11,Bachelor,1
10174,Data Engineer,Startup,Finance,USA,Hybrid,Senior,5,Master,1
10175,Data Scientist,Enterprise,Finance,UK,Hybrid,Senior,3,Master,0
10176,Data Scientist,MNC,Finance,Canada,Remote,Entry,13,Master,1
10177,AI Engineer,Enterprise,E-commerce,USA,Hybrid,Entry,5,PhD,0
10178,Machine Learning Engineer,Startup,Technology,India,Onsite,Senior,13,Master,0
10179,AI Engineer,Enterprise,Finance,Canada,Hybrid,Senior,10,Bachelor,1
10180,AI Engineer,Enterprise,Healthcare,India,Hybrid,Senior,0,Master,0
10181,Data Analyst,Startup,Technology,India,Hybrid,Mid,13,PhD,1
10182,Data Scientist,MNC,E-commerce,India,Onsite,Mid,10,Master,1
10183,Machine Learning Engineer,Startup,Healthcare,Canada,Hybrid,Mid,3,PhD,0
10184,Data Analyst,Medium,Retail,India,Onsite,Senior,13,Master,1
10185,Data Scientist,Medium,Technology,India,Remote,Senior,6,PhD,1
10186,Machine Learning Engineer,Startup,Education,UK,Onsite,Senior,5,Master,0
10187,Data Scientist,MNC,Healthcare,USA,Onsite,Mid,7,Master,0
10188,Business Analyst,Enterprise,E-commerce,Canada,Hybrid,Mid,11,PhD,0
10189,Data Analyst,Startup,Healthcare,Singapore,Hybrid,Senior,1,Master,1
10190,Data Analyst,MNC,Retail,Singapore,Hybrid,Mid,14,Bachelor,0
10191,Data Engineer,MNC,Education,Germany,Onsite,Senior,0,Master,0
10192,Machine Learning Engineer,Medium,Finance,India,Onsite,Mid,2,Bachelor,0
10193,Data Scientist,MNC,Healthcare,Singapore,Remote,Senior,10,PhD,1
10194,Business Analyst,Medium,Retail,Canada,Hybrid,Mid,10,Master,0
10195,AI Engineer,Medium,Education,Australia,Remote,Mid,13,Master,1
10196,Machine Learning Engineer,Enterprise,Healthcare,UK,Remote,Entry,11,Bachelor,0
10197,Data Analyst,Medium,Retail,USA,Hybrid,Senior,14,Master,1
10198,Data Analyst,Startup,Technology,India,Hybrid,Senior,2,PhD,1
10199,Data Analyst,Startup,Retail,Germany,Hybrid,Mid,10,Bachelor,0
10200,AI Engineer,Enterprise,Technology,Germany,Hybrid,Mid,12,Bachelor,0
10201,Machine Learning Engineer,Enterprise,E-commerce,India,Hybrid,Senior,7,Master,1
10202,Data Engineer,Startup,Education,Canada,Onsite,Mid,13,Bachelor,1
10203,Machine Learning Engineer,Medium,Finance,Australia,Onsite,Mid,12,Master,1
10204,Data Analyst,MNC,Retail,Canada,Onsite,Senior,3,PhD,1
10205,Business Analyst,MNC,Healthcare,USA,Onsite,Entry,0,Master,1
10206,AI Engineer,Startup,Finance,India,Remote,Senior,10,PhD,0
10207,Data Engineer,Enterprise,Finance,Germany,Onsite,Entry,13,PhD,1
10208,AI Engineer,Medium,Technology,UK,Hybrid,Entry,5,PhD,0
10209,Business Analyst,MNC,Technology,Germany,Onsite,Entry,0,PhD,1
10210,Business Analyst,Enterprise,E-commerce,India,Onsite,Entry,0,Bachelor,1
10211,Business Analyst,Enterprise,Technology,India,Remote,Mid,0,PhD,1
10212,Data Analyst,MNC,E-commerce,Australia,Remote,Senior,13,Bachelor,1
10213,Machine Learning Engineer,Startup,E-commerce,India,Onsite,Entry,4,Bachelor,1
10214,Data Scientist,Medium,Education,Australia,Hybrid,Mid,7,PhD,0
10215,Data Scientist,Enterprise,Retail,UK,Onsite,Senior,7,PhD,1
10216,Data Engineer,Medium,Education,UK,Onsite,Senior,1,PhD,0
10217,Machine Learning Engineer,MNC,Technology,Germany,Onsite,Senior,1,Master,1
10218,AI Engineer,Startup,Healthcare,USA,Remote,Senior,7,Bachelor,0
10219,Data Analyst,Startup,Retail,USA,Remote,Mid,14,Master,1
10220,Business Analyst,MNC,Healthcare,Germany,Hybrid,Senior,9,PhD,1
10221,Data Analyst,Medium,Retail,UK,Hybrid,Mid,11,Master,1
10222,Data Analyst,Enterprise,Finance,USA,Onsite,Entry,6,Bachelor,1
10223,Data Engineer,MNC,Education,Germany,Hybrid,Entry,4,Bachelor,0
10224,Data Scientist,Enterprise,Education,Australia,Hybrid,Entry,4,Bachelor,0
10225,Data Scientist,Enterprise,E-commerce,India,Onsite,Mid,14,Bachelor,1
10226,Data Scientist,Startup,Finance,Australia,Remote,Mid,13,PhD,0
10227,Data Engineer,Medium,Retail,Germany,Onsite,Entry,11,Bachelor,1
10228,Business Analyst,Medium,Technology,Germany,Onsite,Mid,0,Master,0
10229,Data Engineer,MNC,E-commerce,India,Hybrid,Entry,9,Bachelor,1
10230,Machine Learning Engineer,Medium,Retail,Canada,Remote,Senior,2,PhD,0
10231,Machine Learning Engineer,Medium,Technology,Canada,Hybrid,Entry,8,Bachelor,0
10232,Data Scientist,Enterprise,Healthcare,Canada,Hybrid,Entry,1,PhD,0
10233,Data Analyst,Medium,Retail,UK,Onsite,Entry,14,Master,1
10234,Business Analyst,Startup,Technology,Australia,Remote,Mid,3,PhD,1
10235,Machine Learning Engineer,Medium,Retail,Singapore,Remote,Senior,5,Bachelor,0
10236,Machine Learning Engineer,Startup,Technology,Australia,Onsite,Entry,4,Master,0
10237,Business Analyst,Medium,E-commerce,Australia,Onsite,Entry,13,Master,1
10238,Machine Learning Engineer,Startup,Healthcare,India,Remote,Senior,1,Master,1
10239,Business Analyst,Medium,E-commerce,Germany,Onsite,Mid,7,Bachelor,1
10240,Machine Learning Engineer,Enterprise,Retail,Singapore,Hybrid,Mid,5,PhD,0
10241,Data Scientist,Startup,Healthcare,USA,Onsite,Senior,5,Master,1
10242,Business Analyst,Medium,Finance,UK,Remote,Senior,14,PhD,0
10243,Business Analyst,Startup,Education,Canada,Hybrid,Entry,2,Bachelor,0
10244,Data Analyst,Enterprise,Technology,UK,Hybrid,Senior,0,Master,0
10245,Machine Learning Engineer,Enterprise,Healthcare,Singapore,Remote,Entry,2,Bachelor,0
10246,Machine Learning Engineer,Enterprise,Education,Canada,Hybrid,Senior,0,PhD,0
10247,Machine Learning Engineer,Enterprise,Technology,USA,Remote,Senior,6,Bachelor,0
10248,Machine Learning Engineer,Medium,Healthcare,Canada,Remote,Senior,13,Bachelor,0
10249,Machine Learning Engineer,Medium,Technology,Canada,Hybrid,Mid,12,Master,0
10250,AI Engineer,Medium,E-commerce,Germany,Hybrid,Mid,13,Bachelor,0
10251,Data Engineer,Enterprise,Education,Canada,Hybrid,Entry,13,Master,1
10252,Machine Learning Engineer,MNC,Retail,USA,Onsite,Senior,10,Master,0
10253,Business Analyst,Medium,Technology,Australia,Onsite,Senior,12,PhD,1
10254,Business Analyst,Startup,Retail,USA,Remote,Senior,6,Master,0
10255,AI Engineer,Enterprise,Education,Canada,Remote,Mid,5,Master,1
10256,AI Engineer,Medium,Education,USA,Onsite,Senior,13,PhD,1
10257,AI Engineer,Startup,E-commerce,USA,Onsite,Entry,10,Bachelor,0
10258,AI Engineer,MNC,E-commerce,Canada,Remote,Senior,5,Master,0
10259,Data Engineer,MNC,Retail,India,Onsite,Senior,9,PhD,0
10260,Data Scientist,Medium,Retail,India,Remote,Mid,7,Bachelor,0
10261,Data Engineer,MNC,Finance,Canada,Remote,Entry,4,Master,0
10262,Business Analyst,MNC,Retail,Australia,Onsite,Senior,12,Master,1
10263,Data Scientist,Startup,Finance,Australia,Hybrid,Mid,8,PhD,1
10264,Data Scientist,Enterprise,Technology,Australia,Remote,Entry,6,Master,1
10265,AI Engineer,Medium,Education,Canada,Onsite,Entry,4,Master,0
10266,Data Scientist,Medium,E-commerce,USA,Hybrid,Entry,0,PhD,0
10267,AI Engineer,Medium,Healthcare,USA,Remote,Senior,9,PhD,1
10268,Business Analyst,MNC,E-commerce,Singapore,Onsite,Mid,12,Bachelor,1
10269,AI Engineer,Enterprise,Finance,India,Hybrid,Senior,6,Bachelor,0
10270,Data Scientist,Startup,Finance,Australia,Hybrid,Entry,3,Master,0
10271,AI Engineer,Medium,Finance,Canada,Onsite,Senior,12,Master,1
10272,Data Scientist,Startup,Healthcare,India,Onsite,Entry,5,Bachelor,0
10273,Data Engineer,Startup,Technology,India,Remote,Entry,10,Master,0
10274,Data Scientist,Medium,Education,UK,Onsite,Entry,11,PhD,0
10275,AI Engineer,Startup,Technology,Singapore,Hybrid,Mid,8,PhD,0
10276,Data Engineer,Enterprise,Finance,Singapore,Onsite,Senior,1,Bachelor,0
10277,AI Engineer,Startup,Healthcare,Australia,Onsite,Entry,5,PhD,1
10278,Data Scientist,Medium,Finance,India,Hybrid,Mid,3,Master,0
10279,AI Engineer,Enterprise,Technology,India,Remote,Senior,2,Bachelor,0
10280,Data Engineer,MNC,Healthcare,Canada,Hybrid,Senior,14,Bachelor,1
10281,Business Analyst,MNC,Retail,India,Onsite,Senior,0,Master,0
10282,AI Engineer,Startup,E-commerce,USA,Onsite,Mid,6,Master,1
10283,AI Engineer,Startup,Finance,Germany,Hybrid,Senior,12,Master,0
10284,Business Analyst,MNC,Retail,India,Remote,Entry,6,PhD,0
10285,Business Analyst,Enterprise,E-commerce,India,Hybrid,Mid,11,Master,0
10286,Data Scientist,Startup,Education,UK,Remote,Entry,10,Bachelor,0
10287,Business Analyst,MNC,Retail,Singapore,Hybrid,Entry,4,Master,0
10288,Machine Learning Engineer,MNC,Education,Germany,Onsite,Entry,9,Master,1
10289,Data Analyst,Startup,Education,Australia,Onsite,Mid,6,Master,0
10290,Business Analyst,MNC,Healthcare,India,Hybrid,Senior,10,Master,1
10291,AI Engineer,MNC,Retail,Australia,Hybrid,Entry,5,Master,1
10292,Data Engineer,Enterprise,Healthcare,Canada,Hybrid,Senior,9,PhD,0
10293,Data Engineer,MNC,Technology,India,Onsite,Mid,12,PhD,0
10294,Business Analyst,Medium,Finance,UK,Remote,Entry,1,Master,1
10295,Business Analyst,MNC,Retail,Singapore,Hybrid,Senior,6,Bachelor,0
10296,Machine Learning Engineer,MNC,E-commerce,Australia,Remote,Mid,2,Bachelor,1
10297,Business Analyst,Startup,Retail,UK,Remote,Senior,0,PhD,0
10298,Machine Learning Engineer,Medium,Education,Australia,Hybrid,Mid,10,PhD,1
10299,Business Analyst,Medium,Education,Germany,Onsite,Entry,13,Master,0
10300,AI Engineer,Enterprise,E-commerce,Canada,Remote,Senior,13,Master,1
10301,AI Engineer,Enterprise,Technology,Canada,Hybrid,Entry,8,Bachelor,0
10302,Data Engineer,MNC,Finance,India,Hybrid,Mid,3,Master,1
10303,Data Engineer,Startup,Retail,Australia,Hybrid,Entry,4,PhD,1
10304,AI Engineer,MNC,Technology,Germany,Onsite,Mid,7,Bachelor,1
10305,Data Analyst,MNC,Finance,Singapore,Onsite,Mid,7,Master,1
10306,Data Engineer,MNC,Technology,Australia,Hybrid,Mid,12,Bachelor,0
10307,Data Analyst,Enterprise,Retail,Australia,Remote,Mid,11,Master,0
10308,Machine Learning Engineer,Enterprise,Retail,Singapore,Onsite,Mid,10,Master,1
10309,Machine Learning Engineer,Startup,Technology,UK,Onsite,Mid,1,Bachelor,1
10310,Machine Learning Engineer,Enterprise,Education,Singapore,Hybrid,Mid,6,Master,1
10311,Business Analyst,Enterprise,Education,UK,Hybrid,Senior,1,Master,1
10312,AI Engineer,Enterprise,Technology,Singapore,Hybrid,Senior,5,PhD,1
10313,Data Engineer,Startup,Healthcare,Germany,Onsite,Senior,8,Master,1
10314,Machine Learning Engineer,Startup,Technology,Australia,Hybrid,Mid,12,PhD,1
10315,Data Analyst,Startup,Education,India,Remote,Entry,6,Master,1
10316,Data Scientist,Startup,Retail,Singapore,Remote,Entry,2,Master,0
10317,Data Analyst,Enterprise,Education,Germany,Remote,Mid,5,Master,0
10318,Data Scientist,Medium,E-commerce,India,Onsite,Mid,1,Master,0
10319,Data Engineer,Enterprise,Education,USA,Hybrid,Senior,12,PhD,0
10320,Data Analyst,Enterprise,Healthcare,Germany,Remote,Mid,0,Bachelor,0
10321,Data Analyst,Medium,E-commerce,Canada,Hybrid,Mid,10,PhD,1
10322,Machine Learning Engineer,Startup,Healthcare,Canada,Hybrid,Entry,4,Master,1
10323,Business Analyst,Startup,E-commerce,India,Remote,Entry,1,PhD,1
10324,Business Analyst,Enterprise,Finance,USA,Remote,Senior,5,Master,1
10325,Data Engineer,Medium,E-commerce,Singapore,Onsite,Entry,7,Master,0
10326,Data Engineer,Enterprise,Education,Germany,Remote,Entry,12,Bachelor,0
10327,Data Analyst,Medium,Retail,Singapore,Hybrid,Senior,8,PhD,0
10328,Machine Learning Engineer,Startup,Finance,Australia,Onsite,Senior,7,PhD,0
10329,Data Analyst,MNC,Retail,Singapore,Hybrid,Mid,3,Bachelor,0
10330,Data Scientist,Startup,Technology,India,Onsite,Senior,2,PhD,1
10331,Data Scientist,Startup,Healthcare,UK,Hybrid,Senior,11,PhD,1
10332,Machine Learning Engineer,Medium,Education,Germany,Hybrid,Senior,12,PhD,1
10333,AI Engineer,Startup,Education,Canada,Hybrid,Mid,10,PhD,1
10334,Data Scientist,Startup,Retail,Germany,Onsite,Senior,12,PhD,0
10335,Data Engineer,Enterprise,Healthcare,UK,Remote,Entry,0,Bachelor,0
10336,AI Engineer,MNC,Education,Germany,Onsite,Senior,8,Master,1
10337,Data Scientist,Enterprise,Education,USA,Remote,Entry,13,Bachelor,1
10338,Data Scientist,Enterprise,Technology,Singapore,Remote,Entry,12,PhD,1
10339,AI Engineer,MNC,Education,UK,Remote,Entry,3,Bachelor,0
10340,AI Engineer,Enterprise,Healthcare,Australia,Onsite,Mid,1,Master,0
10341,Data Engineer,Startup,Technology,USA,Onsite,Entry,2,PhD,1
10342,Data Analyst,Medium,Healthcare,Australia,Hybrid,Entry,10,Master,1
10343,Machine Learning Engineer,Startup,Education,Germany,Hybrid,Entry,4,PhD,0
10344,Data Engineer,MNC,E-commerce,Canada,Hybrid,Mid,5,PhD,1
10345,AI Engineer,Startup,Education,Australia,Onsite,Mid,12,PhD,0
